City,State,Employed,Unemployment
Aberdeen,WA,26197,14.3
Abilene,TX,60708,5.9
Abingdon,MD,127274,6.4
Abingdon,VA,24442,6.9
Adams Run,SC,66723,8.0
Addison,ME,12954,9.8
Addison,PA,33159,6.9
Adena,OH,29728,8.5
Adger,AL,24043,11.4
Adjuntas,PR,4093,36.5
Adrian,MI,43095,8.6
Adrian,TX,773,7.4
Afton,TX,744,13.6
Afton,WY,8724,6.4
Aguada,PR,26156,48.3
Aguadilla,PR,10452,20.3
Aguas Buenas,PR,6459,24.6
Aguirre,PR,7804,12.1
Aiken,SC,8026,14.7
Akron,AL,5282,13.3
Akron,IN,14752,9.4
Akutan,AK,2519,2.9
Alamo,TN,5766,7.4
Alamogordo,NM,22092,12.7
Alamosa,CO,5093,8.1
Albany,GA,48369,32.300000000000004
Albany,KY,3555,9.3
Albany,MN,83520,5.0
Albany,OH,8770,12.1
Albany,OR,39915,8.6
Albion,NE,2777,1.2
Albrightsville,PA,28973,8.6
Albuquerque,NM,307756,8.4
Alexander,IA,5012,4.2
Alexander City,AL,33636,8.3
Alexandria,KY,45872,6.8
Alexandria,NE,2542,1.7
Alice,TX,4336,10.9
Aliceville,AL,4416,16.8
Alix,AR,6592,11.0
Alleghany,CA,1110,8.0
Allen,TX,444189,4.9
Allendale,IL,4197,6.1
Allenhurst,GA,5728,15.6
Alleyton,TX,9169,4.2
Alliance,NE,2564,1.4
Allison,TX,2688,3.9
Allouez,MI,842,7.0
Alma,GA,10204,11.0
Alma Center,WI,9294,5.6
Almena,WI,22257,6.0
Almyra,AR,8088,8.3
Alpena,AR,11454,6.2
Alpena,MI,4490,13.1
Alpena,SD,1033,0.9
Alpharetta,GA,471816,9.9
Alpine,CA,1462130,8.7
Alpine,TN,8479,7.7
Alston,GA,3394,6.7
Altamont,NY,74134,7.4
Alto,GA,16970,7.7
Alto,NM,8030,7.3
Altonah,UT,7875,5.2
Altoona,FL,121642,9.7
Altus,OK,10388,7.6
Alva,OK,6541,7.7
Alvo,NE,13103,3.8
Amado,AZ,422371,10.0
Amargosa Valley,NV,14143,13.4
Amarillo,TX,118690,9.2
Amasa,MI,4324,9.0
Amboy,WA,201261,8.6
Amelia,NE,5529,0.9
Amistad,NM,1692,2.1
Amity,AR,4476,6.6
Anaconda,MT,5099,11.1
Anamosa,IA,9815,5.0
Anawalt,WV,4627,13.3
Anchorage,AK,152355,6.7
Andalusia,AL,26496,26.799999999999997
Anderson,SC,81226,9.2
Andersonville,GA,4461,18.7
Andrews,NC,9362,8.4
Andrews,TX,7923,3.9
Angela,MT,4002,10.6
Angola,LA,5021,8.5
Angoon,AK,1086,13.1
Angora,NE,2451,4.0
Animas,NM,1867,12.2
Annabella,UT,8449,5.9
Annapolis,MO,4854,10.2
Anniston,AL,47401,12.3
Antigo,WI,8779,8.2
Apache,OK,11208,9.5
Appleton City,MO,3408,9.3
Arab,AL,38140,8.4
Aragon,NM,1049,4.6
Aransas Pass,TX,9464,6.8
Arapahoe,NC,5107,9.7
Arapahoe,NE,2323,3.4
Arcadia,FL,12279,9.4
Arcadia,LA,5494,13.5
Arcadia,NE,2268,1.4
Arcanum,OH,68494,14.899999999999999
Arco,ID,960,6.8
Arcola,IL,9415,6.1
Ardenvoir,WA,33140,7.5
Ardmore,OK,4078,6.7
Arena,WI,12424,4.7
Arkadelphia,AR,9780,8.4
Arlington,KY,2122,6.8
Arlington,NE,10850,1.4
Arlington,OR,783,9.2
Arlington,TX,924741,6.9
Arlington,VA,233880,8.2
Armagh,PA,38903,7.8
Armour,SD,1538,0.4
Armstrong,TX,185,0.0
Arnett,WV,29014,6.6
Arnold,CA,408,10.7
Arnold,KS,1524,2.7
Arnold,NE,5694,2.3
Arpin,WI,36445,6.6
Arroyo,PR,4000,22.9
Artemus,KY,9477,15.7
Ash,NC,45213,11.4
Ash Grove,MO,151111,13.8
Ashburn,GA,18938,18.3
Ashburnham,MA,403519,7.8
Ashford,WV,7592,9.2
Ashland,AL,5180,9.4
Ashland,IL,6183,8.5
Ashland,KY,18376,10.5
Ashland,MA,832753,6.1
Ashley,ND,2755,1.5
Aspen,CO,10290,7.7
Assaria,KS,28311,5.0
Astoria,NY,1104930,8.6
Atchison,KS,7519,7.3
Athens,AL,37664,7.8
Athens,GA,53922,9.2
Athens,TN,20767,9.3
Atkins,AR,8306,8.1
Atlanta,MI,2937,16.0
Atlantic,VA,14296,6.8
Atlantic City,NJ,128151,12.5
Attleboro,MA,269391,9.0
Atwood,TN,10700,11.5
Au Gres,MI,5569,12.0
Auburn,AL,11450,34.9
Auburn,KY,7524,7.0
Auburn,WV,3730,10.6
Auburntown,TN,5724,12.9
Audubon,MN,15929,3.5
Augusta,GA,137735,19.1
Augusta,KY,3486,8.3
Augusta,MO,198960,5.1
Aurora,CO,229743,7.9
Aurora,MO,14259,11.4
Austin,NV,2644,12.0
Austin,PA,2254,4.5
Austin,TX,599597,6.0
Austinburg,OH,40422,8.9
Austinville,VA,13033,6.7
Autaugaville,AL,23986,7.6
Avera,GA,5097,17.0
Avinger,TX,11964,9.2
Avoca,TX,5003,4.2
Avondale,CO,65300,10.8
Axtell,TX,117121,14.399999999999999
Axton,VA,21466,10.0
Azle,TX,27154,7.5
Bainbridge,NY,21652,7.1
Bajadero,PR,23545,17.7
Baker,MT,1632,3.3
Baker City,OR,6376,10.1
Bakersfield,CA,327294,12.7
Bakersfield,MO,16205,8.3
Baldwin,IA,23564,4.8
Baldwyn,MS,37654,7.8
Balko,OK,2555,3.0
Ball Ground,GA,110111,6.3
Baltic,OH,19207,4.2
Baltimore,MD,270930,13.1
Bandana,KY,3489,6.2
Banks,AL,14462,10.2
Barceloneta,PR,3140,15.7
Barksdale,TX,912,4.9
Barnesville,GA,9904,11.1
Barnesville,MN,3312,2.0
Barnhart,MO,106972,8.3
Barnum,IA,16774,8.4
Barranquitas,PR,14236,29.900000000000002
Bartlett,TX,233418,6.0
Barton,NY,23960,6.9
Bartow,GA,7370,12.2
Basehor,KS,33513,5.9
Basile,LA,24619,10.1
Bassett,AR,17164,12.0
Batavia,NY,29675,6.7
Bates,OR,2878,9.0
Batesburg,SC,8107,9.0
Batesville,IN,13088,7.4
Bath,IL,6190,9.5
Bath Springs,TN,4569,10.1
Battle Creek,NE,18727,3.1
Battle Ground,IN,11433,6.0
Battle Mountain,NV,853,4.7
Bauxite,AR,53363,5.3
Bay City,MI,45913,9.7
Bay City,TX,15874,6.4
Bay Port,MI,13869,7.8
Bayamon,PR,68598,16.1
Bayport,NY,735010,6.4
Beach,ND,964,1.0
Beach Haven,NJ,246680,8.8
Bealeton,VA,34515,5.0
Bear Creek,NC,29621,9.0
Beattyville,KY,1967,9.7
Beaufort,SC,70487,7.2
Beaumont,KY,4014,7.4
Beaverton,MI,10708,13.2
Beaverton,OR,276371,7.6
Bechtelsville,PA,197703,9.0
Becker,MN,47444,5.2
Bedford,KY,3598,14.6
Bee Branch,AR,5478,11.2
Beeson,WV,23443,5.1
Beeville,TX,10451,7.0
Bejou,MN,3105,5.1
Belden,MS,13476,6.6
Belgium,WI,45522,4.5
Bella Vista,CA,69261,10.3
Bellaire,MI,9528,9.7
Belle Plaine,MN,74498,4.6
Belleview,MO,3878,11.4
Belleville,IL,116537,8.9
Bellevue,NE,87645,4.4
Bellevue,TX,4605,6.8
Bells,TX,54835,7.8
Belmont,NY,20410,9.2
Belpre,OH,26082,6.8
Belvidere,NC,5711,12.7
Bend,OR,8014,13.5
Benicia,CA,187021,11.4
Benkelman,NE,932,4.0
Bennett,IA,9763,3.0
Bennington,IN,2909,7.7
Bennington,VT,18014,5.7
Benzonia,MI,7579,8.4
Berea,KY,11131,23.700000000000003
Berkeley Springs,WV,7144,12.3
Berlin Heights,OH,35636,7.7
Bern,ID,2598,3.3
Bernalillo,NM,58433,9.2
Berryton,KS,7264,8.2
Berthoud,CO,129395,6.6
Berwick,LA,21161,12.2
Bessemer,MI,5759,9.5
Bethlehem,GA,410562,8.3
Bethlehem,PA,144854,7.3
Bethune,CO,3421,5.9
Beulah,MS,11834,15.3
Beulah,ND,857,3.6
Biddeford,ME,103506,5.9
Big Cabin,OK,16849,7.0
Big Pine Key,FL,38504,6.0
Big Rock,TN,4818,10.1
Big Rock,VA,7120,10.6
Big Sandy,MT,2510,4.3
Big Sandy,TN,5844,14.3
Big Spring,TX,499,2.5
Big Wells,TX,4210,10.3
Bighill,KY,39435,8.6
Biglerville,PA,50517,5.7
Billings,MO,37578,6.4
Billings,MT,78572,4.1
Billingsley,AL,17895,9.1
Binford,ND,1203,2.0
Bingen,WA,7766,7.0
Bird City,KS,1321,1.9
Birdsnest,VA,4830,9.5
Birmingham,AL,293202,9.1
Bisbee,ND,1059,2.9
Bishop,CA,15431,20.2
Bismarck,AR,13293,7.6
Bismarck,ND,49375,2.3
Black River,NY,44732,10.6
Black River Falls,WI,20936,6.5
Blacksburg,SC,20966,10.6
Blacksburg,VA,45648,5.6
Blackstone,VA,5644,10.8
Blackwell,TX,7911,10.8
Blanchard,ID,16399,6.2
Blanchardville,WI,8705,3.6
Blanchester,OH,115667,14.7
Blanco,OK,18459,6.2
Blanco,TX,4670,6.4
Bledsoe,TX,1180,8.5
Bloomery,WV,8878,8.1
Bloomfield,KY,5468,6.1
Bloomingdale,MI,32252,8.4
Bloomington Springs,TN,30346,8.4
Blountsville,AL,22189,7.7
Blue Mound,IL,15151,5.4
Blue Mountain,MS,10949,10.7
Blue Ridge,TX,13259,6.7
Blue River,WI,26157,4.6
Blue Springs,MO,326275,7.6
Blue Springs,NE,11077,4.3
Bluff City,KS,2750,3.7
Bluff Dale,TX,22208,5.0
Bluffton,AR,8567,8.3
Bogart,GA,26679,7.9
Bogata,TX,4697,7.2
Boise,ID,2768,10.5
Bomont,WV,2891,12.3
Bond,CO,8274,5.7
Bonesteel,SD,2007,2.1
Bonita Springs,FL,141106,7.8
Bonners Ferry,ID,3888,4.7
Boone,NC,23928,9.5
Boones Mill,VA,25149,6.2
Boonville,NC,15747,8.3
Boston,GA,17359,10.5
Boston,KY,20232,9.8
Boston,MA,401271,8.7
Boswell,OK,18472,8.1
Boulder,UT,2000,8.6
Bouton,IA,40388,2.6
Boutte,LA,24804,7.7
Bovina,TX,4665,3.6
Bowie,MD,465639,8.7
Bowie,TX,11541,12.2
Bowlegs,OK,9379,8.4
Bowling Green,KY,56780,7.9
Bowling Green,OH,65406,7.2
Bowman,ND,1721,1.8
Box Elder,MT,7364,4.0
Boyertown,PA,418411,6.4
Bozeman,MT,52450,6.3
Bracey,VA,19061,17.4
Brackenridge,PA,612259,7.1
Brackettville,TX,1213,13.2
Bradenton Beach,FL,140416,8.6
Bradford,IL,2556,7.7
Bradford,TN,20201,9.5
Bradgate,IA,3483,4.9
Bradleyville,MO,23414,9.0
Brady,TX,3727,4.3
Braidwood,IL,333433,7.8
Branchville,IN,8399,5.6
Brandon,FL,608977,9.0
Brandy Station,VA,22103,7.3
Brasstown,NC,3920,12.3
Braxton,MS,69233,5.4
Brazil,IN,6730,7.8
Breaux Bridge,LA,23921,7.2
Breckenridge,TX,12093,9.5
Breda,IA,5151,4.0
Breeding,KY,2449,10.2
Bremen,IN,21470,8.3
Bremo Bluff,VA,12076,5.2
Bremond,TX,6068,7.2
Brenham,TX,27863,11.3
Brewerton,NY,220774,7.2
Briceville,TN,31814,7.7
Bridgeport,WV,29587,7.4
Bridgeton,NJ,63220,11.1
Bridgeville,CA,4832,9.0
Bridgewater Corners,VT,28487,5.1
Brierfield,AL,8294,8.3
Brighton,TN,27209,10.6
Brightwood,VA,5965,6.6
Briscoe,TX,1812,3.7
Bristol,CT,439719,9.3
Bristol,VA,15815,20.1
Bristol,WI,79753,9.7
Bristow,IA,7419,4.0
Bristow,OK,3942,9.6
Broadus,MT,965,4.5
Broadview,MT,1967,4.6
Broadview,NM,20599,9.1
Brocket,ND,5910,1.2
Broken Bow,OK,12348,8.3
Bronston,KY,25669,9.1
Bronx,NY,563903,14.0
Brookesmith,TX,15006,4.3
Brookings,SD,19007,3.1
Brooklyn,CT,58842,9.3
Brooklyn,NY,1167448,10.0
Brooks,KY,37079,7.6
Brooksville,FL,58359,13.7
Brookville,PA,19756,6.4
Broomfield,CO,294390,5.9
Browns Valley,MN,1623,2.9
Brownsville,TX,148011,10.0
Brownton,MN,18957,4.5
Brunswick,NC,20746,9.0
Brunswick,OH,88911,5.0
Brusly,LA,11757,6.5
Brutus,MI,10029,13.9
Bryan,TX,98294,6.4
Buchanan,GA,11136,12.3
Buchanan,MI,68463,9.4
Buchanan,NY,465097,7.6
Buckatunna,MS,7906,9.4
Buckhannon,WV,9682,8.0
Buckholts,TX,9212,9.6
Buena Vista,CO,8170,5.9
Buena Vista,VA,2824,7.3
Buffalo,MO,5943,13.2
Buffalo,SD,684,1.4
Buffalo,WY,4300,3.6
Buford,GA,84198,7.5
Buhl,ID,6844,3.8
Bullhead City,AZ,66880,13.2
Bullock,NC,17461,12.2
Buna,TX,12347,11.4
Buncombe,IL,7339,7.0
Burbank,SD,7510,6.8
Burgaw,NC,23242,9.8
Burley,ID,9136,4.8
Burlington,VT,89268,5.0
Burlington,WV,10716,8.8
Burlington,WY,5288,4.4
Burlington Junction,MO,11209,7.2
Burns,TN,21847,7.5
Burnsville,MS,7885,10.5
Burton,WV,5548,8.1
Burwell,NE,1062,2.4
Bushnell,NE,1658,5.1
Bussey,IA,17020,4.0
Butte,MT,16497,7.0
Butte,NE,964,1.1
Butternut,WI,2560,7.0
Byhalia,MS,82634,7.6
Byrdstown,TN,2166,4.9
Byron,GA,75494,21.0
Cabins,WV,4974,6.7
Cadiz,KY,5584,8.4
Caguas,PR,48083,15.9
Cairo,IL,2400,13.9
Cairo,NE,31168,6.0
Caldwell,OH,16310,11.7
Caledonia,NY,30099,5.4
Calhoun,KY,43941,6.8
Calhoun,MO,9359,7.4
Calhoun City,MS,5580,10.1
Caliente,NV,1714,11.8
Call,TX,4911,12.1
Calumet,MI,15440,7.2
Calvin,WV,9824,8.4
Camarillo,CA,398116,8.6
Cambria,WI,9016,5.7
Cambridge,KS,15686,7.0
Cambridge,NE,1091,5.1
Cambridge,NY,28744,9.5
Camden,AR,10415,8.3
Camden,IL,3062,5.3
Camden,MO,10147,8.2
Cameron,MO,4285,6.8
Camilla,GA,7956,13.5
Camp Douglas,WI,11520,7.1
Camp Hill,PA,121280,5.6
Campbellsburg,IN,11783,10.1
Campbelltown,PA,65090,6.9
Campton,KY,1694,12.2
Campton,NH,45198,5.0
Camuy,PR,8899,21.4
Canandaigua,NY,53394,6.4
Candor,NC,27245,24.3
Cannelburg,IN,14319,5.4
Cannon Beach,OR,16843,7.6
Canovanas,PR,14797,22.6
Canton,MO,4918,5.6
Canton,OH,174941,8.5
Canton,OK,3270,3.0
Cantwell,AK,1210,2.3
Cape Coral,FL,263079,10.1
Carey,ID,11941,4.1
Carlyle,IL,19250,4.9
Carmel,NY,51412,6.8
Carolina,PR,63979,14.5
Carpenter,IA,3800,4.7
Carpenter,SD,3266,1.1
Carrabelle,FL,4331,9.4
Carrington,ND,1786,1.3
Carrollton,VA,17246,8.3
Carson,MS,4094,12.9
Carson,ND,1205,3.4
Carson City,NV,23603,11.3
Cartersville,GA,44594,8.8
Cartersville,VA,4567,10.1
Carthage,AR,3031,8.3
Carthage,MS,6643,12.6
Carthage,NC,36422,8.0
Carthage,NY,11966,8.3
Cartwright,ND,4766,3.0
Cascade Locks,OR,11251,5.1
Casco,WI,10404,4.7
Cassatt,SC,26360,10.5
Castalia,NC,26738,9.9
Castell,TX,2018,6.8
Castleford,ID,36316,5.9
Cataldo,ID,65216,7.9
Cataula,GA,15071,8.0
Catoosa,OK,34531,6.0
Cave City,AR,15303,6.9
Cayce,SC,132105,7.5
Cayey,PR,15825,12.8
Cayuga,IN,6686,6.5
Cecil,GA,7043,6.6
Cedar Bluff,VA,10211,8.0
Cedar Falls,NC,63160,9.0
Cedar Valley,UT,241085,5.5
Ceiba,PR,3738,12.2
Centenary,SC,11875,13.9
Center,NE,4277,3.3
Center,TX,10162,7.9
Center Harbor,NH,30396,5.3
Centerview,MO,23900,8.0
Centerville,KS,3987,8.3
Centerville,PA,37783,7.2
Centerville,TN,9388,8.6
Central,SC,50816,9.2
Central Bridge,NY,14179,10.5
Central City,CO,3159,4.9
Centralia,IL,17066,9.6
Centreville,VA,603966,4.9
Ceres,CA,208428,15.2
Ceresco,NE,10624,3.5
Chadwick,IL,6866,8.1
Challis,ID,1784,3.3
Chamberlain,SD,2583,2.6
Chambers,NE,494,2.9
Chapel Hill,NC,70264,6.4
Chapin,SC,184364,9.4
Chapmansboro,TN,18572,7.8
Chapmanville,WV,11765,10.9
Chappell,NE,1023,4.3
Charleston,SC,183111,7.7
Charleston,TN,43685,11.2
Charleston,WV,84406,7.0
Charlo,MT,11798,9.9
Charlottesville,VA,23605,4.3
Chase,LA,7062,11.5
Chateaugay,NY,20094,8.8
Chatfield,MN,28307,6.2
Cherokee,AL,33539,18.8
Cherokee,NC,5543,7.7
Cherokee,TX,2329,4.9
Cherryvale,KS,4052,6.5
Chesapeake,VA,105953,7.5
Chester,IA,4666,3.4
Chester,PA,269220,8.2
Chester,TX,16267,10.0
Chester Gap,VA,18689,7.2
Chesterland,OH,46540,4.1
Cheyenne,WY,46206,5.0
Cheyenne Wells,CO,932,9.3
Chicopee,MA,212742,10.0
Chicora,PA,29897,8.5
Chiefland,FL,14392,11.1
Chili,WI,15579,4.8
Chillicothe,MO,6641,5.1
Chillicothe,TX,1671,5.9
Chilton,WI,26679,3.1
Christiana,TN,141737,6.8
Christmas Valley,OR,3037,10.6
Church Hill,TN,21893,10.0
Ciales,PR,3472,17.7
Cibolo,TX,66822,5.7
Cidra,PR,15006,13.7
Cincinnati,OH,383555,8.8
Cincinnatus,NY,24080,6.1
Cisco,TX,6803,4.4
Claremont,IL,7317,5.4
Claremont,SD,2394,0.7
Clarence,MO,2888,5.8
Clarence,PA,75314,5.1
Clarendon,TX,1411,3.9
Clark,SD,1826,2.8
Clarks Mills,PA,50055,6.8
Clarksdale,MO,8583,5.0
Clarkson,NE,3151,2.6
Clarkston,WA,9439,9.6
Clay City,IL,6270,6.7
Clayton,GA,9958,17.3
Clayton,IN,76792,5.3
Clayton,NM,205,6.0
Clayton,OK,4074,10.6
Cle Elum,WA,19811,7.8
Clearbrook,MN,3634,7.4
Cleveland,GA,14185,8.2
Cleveland,NY,103944,7.4
Cleveland,OH,576603,10.6
Cleveland,TX,27767,11.5
Clifford,VA,14663,6.6
Clifton,KS,4169,1.9
Clifton,TX,7165,7.9
Clifton Forge,VA,6539,5.1
Clinton,KY,1742,8.8
Clio,AL,8597,17.6
Cloquet,MN,16478,5.4
Clover,SC,112791,8.9
Cloverdale,OR,9747,7.8
Cluster Springs,VA,14234,7.5
Coahoma,TX,13924,6.4
Coal City,IL,23887,7.8
Coalgate,OK,2296,9.1
Coamo,PR,11567,11.5
Coats,KS,4618,5.6
Coatsville,MO,1891,7.4
Coeburn,VA,5017,8.4
Coffeeville,MS,8169,9.4
Colby,KS,4376,2.7
Cold Brook,NY,29074,8.7
Coldwater,MS,11418,10.0
Colebrook,NH,14644,6.9
Coleman,MI,46136,19.5
Collierville,TN,17031,8.5
Collins,GA,7310,7.9
Collinston,LA,9888,8.0
Collison,IL,32514,10.7
Colonial Heights,VA,7672,8.3
Colorado City,TX,2955,5.5
Colt,AR,9259,11.7
Columbia,CA,19477,12.9
Columbia,TN,38831,7.7
Columbia City,IN,16503,5.3
Columbia Falls,MT,43907,7.0
Columbiaville,MI,37682,10.5
Columbus,GA,78531,11.0
Columbus,IN,38666,5.4
Columbus,NE,20544,6.4
Columbus Grove,OH,17579,3.4
Comanche,OK,19029,6.6
Comer,GA,6355,5.3
Comerio,PR,4776,20.6
Comfort,TX,16597,4.5
Comfrey,MN,5408,4.9
Comins,MI,2792,13.2
Commerce,GA,8038,8.4
Commerce,OK,12922,9.4
Commiskey,IN,12285,9.7
Concord,NE,2916,4.5
Concord,TX,6673,7.5
Concrete,WA,51761,8.2
Conehatta,MS,8319,10.6
Conley,GA,114144,14.1
Connellsville,PA,53700,8.4
Conover,WI,8986,8.0
Conrad,MT,2738,6.0
Conroe,TX,230258,6.1
Converse,IN,35740,9.2
Conway,NC,7193,15.9
Conway,SC,129161,8.7
Conway Springs,KS,10758,7.0
Cook Station,MO,9393,12.7
Coon Valley,WI,13450,4.0
Cooper,IA,4452,5.6
Coquille,OR,23458,11.7
Cora,WY,5541,5.4
Corinth,KY,10215,6.8
Corinth,ME,71852,7.8
Cornersville,TN,13637,8.4
Corning,CA,23127,13.2
Cornish,NH,21617,5.8
Corsica,SD,1352,1.9
Cortez,CO,11075,9.5
Corunna,IN,19542,7.5
Corunna,MI,29702,10.3
Corwith,IA,5640,1.5
Cosby,TN,58882,18.5
Coshocton,OH,15576,7.8
Cost,TX,8422,6.5
Cotopaxi,CO,13983,9.2
Cotter,AR,15229,7.6
Cotton Center,TX,14265,8.1
Cottonwood Falls,KS,1187,2.9
Cotulla,TX,2307,8.1
Couch,MO,4083,7.1
Coulee City,WA,18034,6.5
Council,ID,1474,11.3
Coupeville,WA,31525,9.0
Courtland,MS,12826,10.3
Cove City,NC,40530,11.4
Covington,GA,37374,11.2
Covington,LA,110923,7.6
Covington,MI,2358,8.1
Covington,PA,18289,7.4
Covington,VA,4261,11.399999999999999
Coxsackie,NY,19731,9.1
Coy,AL,2838,20.8
Crab Orchard,NE,2053,3.6
Crab Orchard,TN,20279,9.0
Craigsville,VA,6262,9.0
Craigville,IN,14982,6.2
Crane,IN,4716,6.1
Crane,TX,1980,5.2
Crawford,OK,1698,0.8
Crawfordsville,IA,5614,4.8
Crawfordville,GA,4372,21.0
Crayne,KY,3645,7.1
Crenshaw,MS,2324,25.3
Creole,LA,3077,6.3
Cresco,PA,76767,12.0
Crestline,OH,18142,8.1
Creston,IA,6385,5.4
Creston,WV,2265,8.4
Creswell,NC,1350,14.1
Cromwell,KY,8906,9.6
Crook,CO,10407,9.0
Cropwell,AL,36977,8.4
Crossville,AL,27778,7.7
Crowell,TX,1980,16.799999999999997
Crowley,TX,68950,7.3
Crown Point,IN,212423,10.5
Crystal Spring,PA,6598,7.5
Crystal Springs,MS,10280,14.3
Cub Run,KY,6958,9.6
Cuba,IL,15565,7.9
Culbertson,MT,3575,6.8
Culbertson,NE,1358,3.0
Culebra,PR,661,3.2
Cullman,AL,32282,7.3
Cumberland,KY,8189,9.8
Cumberland Center,ME,152196,5.4
Cumberland Gap,TN,11935,8.2
Currie,MN,4244,4.5
Cushing,IA,3579,3.7
Cushing,OK,14625,7.1
Cushing,WI,21085,6.8
Cusseta,AL,13689,8.9
Cusseta,GA,2204,16.5
Cut Bank,MT,4515,14.4
Cutler,IL,8312,8.0
Cuyahoga Falls,OH,258416,8.4
Cynthiana,IN,12101,5.3
Cypress,FL,15621,13.2
Cypress,IL,4244,10.3
Daggett,MI,10346,8.5
Dahlonega,GA,9787,8.5
Dailey,WV,11833,6.7
Daisy,GA,3979,10.3
Dakota City,IA,4652,4.8
Daleville,AL,39647,18.0
Daleville,MS,32747,9.6
Dalhart,TX,5671,7.699999999999999
Dalton,MA,62596,8.9
Damon,TX,154290,5.4
Dana,IL,51452,9.8
Danville,GA,4365,4.8
Danville,PA,30123,5.7
Danville,VA,16682,12.7
Darlington,IN,17497,6.9
Datto,AR,6283,9.5
Davidson,NC,76079,9.8
Davis,WV,3052,7.6
Dawson Springs,KY,24784,15.399999999999999
Dawsonville,GA,103442,16.2
Dayton,OH,312766,17.0
Dayton,TN,12496,11.1
De Borgia,MT,1527,11.8
De Mossville,KY,6507,6.4
De Queen,AR,7173,9.3
De Smet,SD,2631,2.0
De Soto,WI,7491,6.5
Dearborn,MO,42029,7.5
Deary,ID,18842,7.6
Decatur,AL,51472,9.9
Decatur,TN,3907,15.0
Decorah,IA,19134,9.0
Dedham,MA,358283,6.9
Deer Island,OR,20362,9.8
Deer Lodge,TN,6893,8.5
Deer Park,AL,5656,20.0
Deer Trail,CO,12373,6.7
Deerfield,WI,287151,4.9
Defuniak Springs,FL,25377,7.9
Delcambre,LA,25011,8.5
Delta,CO,16832,10.2
Delta,OH,20872,6.7
Deltona,FL,199287,9.1
Deming,NM,8383,13.8
Denhoff,ND,629,2.0
Denmark,SC,5527,10.9
Dennis,MA,102995,7.0
Denver,CO,348382,6.3
Denver,MO,973,4.3
Denver City,TX,11414,12.1
Depew,OK,29749,5.7
Derry,NH,166354,5.6
Detroit,MI,696900,14.9
Devol,OK,2607,9.2
Dewy Rose,GA,16870,17.0
Dexter,IA,5312,5.4
Dexter,KY,16904,9.1
Dexter,MO,12334,9.1
Diaz,AR,5585,7.9
Dickinson,AL,8161,19.4
Dickinson,ND,16062,2.8
Dilley,TX,6618,5.2
Dillon,CO,18171,4.7
Dingmans Ferry,PA,24320,11.6
Dinwiddie,VA,12653,9.7
Disputanta,VA,2551,6.9
Divide,CO,11501,8.2
Dixfield,ME,25041,9.2
Dixon Springs,TN,3376,10.5
Dodge,NE,23009,8.399999999999999
Dodson,LA,4920,6.3
Dodson,MT,2574,13.4
Dolliver,IA,4955,4.6
Donaldsonville,LA,55380,6.4
Donnelly,ID,4292,5.7
Doon,IA,5968,2.4
Dorado,PR,42008,38.4
Doswell,VA,52677,4.4
Dothan,AL,50989,16.4
Douglas,GA,15358,8.3
Douglass,TX,27638,8.6
Douglasville,GA,61844,10.5
Dove Creek,CO,801,4.6
Dover,DE,75246,8.4
Dover,OK,7289,3.6
Dow City,IA,8192,4.8
Downsville,LA,8096,7.7
Doyle,TN,9769,10.5
Doylesburg,PA,71278,6.9
Drakes Branch,VA,4523,7.3
Drewsey,OR,2901,16.1
Driscoll,ND,1337,0.9
Drummond,WI,6859,7.2
Dry Branch,GA,2581,6.7
Dryden,TX,415,3.7
Du Bois,NE,4000,3.4
Duck Hill,MS,3608,8.5
Dudley,GA,16926,6.6
Duke Center,PA,18277,9.1
Dulce,NM,15272,11.4
Duluth,MN,96700,6.9
Dumont,MN,2406,3.3
Dundee,MS,8706,20.3
Dunellen,NJ,402766,7.5
Dunn Center,ND,2078,4.3
Dunning,NE,287,0.7
Dupree,SD,948,27.4
Durand,WI,3618,4.6
Durango,CO,337,13.8
Durant,MS,5301,19.2
Durham,NC,145135,6.8
Dustin,OK,4546,7.1
Dutch John,UT,222,4.3
Eagle,ID,199955,6.6
Eagle Pass,TX,20309,13.1
Eagle River,WI,16557,6.3
Earle,AR,27476,18.5
Earling,IA,6153,2.9
East Concord,NY,441369,7.0
East Jordan,MI,11793,7.8
East Nassau,NY,80144,7.6
East Peoria,IL,64883,5.5
East Prairie,MO,4945,12.2
East Stone Gap,VA,13736,11.0
Eastsound,WA,7633,5.9
Eastview,KY,46001,8.2
Eaton,IN,5199,9.8
Eatonton,GA,9448,6.3
Eau Claire,WI,31085,5.1
Ebro,FL,8307,11.5
Echola,AL,87695,7.6
Eckert,CO,11362,11.7
Edelstein,IL,85639,8.7
Edgartown,MA,8849,5.2
Edgemont,SD,6828,9.3
Edgerton,MN,4716,3.7
Edgewood,NM,5348,11.2
Edinburg,ND,3694,3.5
Edison,OH,16096,7.0
Edon,OH,17119,7.1
Edson,KS,2992,4.0
Egegik,AK,657,9.8
Ekalaka,MT,606,2.3
El Cerrito,CA,509920,8.8
El Paso,TX,328885,14.100000000000001
El Reno,OK,63025,4.5
Eldorado,OK,1139,8.7
Eldorado,TX,1499,4.1
Eldridge,IA,83140,5.4
Electra,TX,4239,3.0
Electric City,WA,38314,10.1
Elfrida,AZ,43776,8.7
Elgin,IL,255530,7.6
Elgin,TX,7706,5.7
Elizabeth,LA,8269,8.9
Elizabeth City,NC,21502,19.4
Elk City,KS,14514,8.7
Elk Horn,IA,3008,2.6
Elk Horn,KY,10395,9.6
Elk Park,NC,6873,6.9
Elkhart,IN,91085,7.4
Elkton,OR,39563,12.2
Ellabell,GA,14224,9.0
Ellaville,GA,1964,12.4
Ellenboro,NC,40571,12.6
Ellenboro,WV,2915,8.2
Ellendale,DE,90239,8.0
Ellinger,TX,11669,1.8
Elliott,IA,6712,3.2
Elliottville,KY,10022,6.5
Ellsinore,MO,2402,9.7
Ellsworth,IA,7476,3.8
Ellsworth,NE,939,3.1
Ellwood City,PA,39340,7.0
Elm City,NC,34701,10.1
Elm Creek,NE,12312,4.8
Elmendorf,TX,824123,7.4
Elmira,NY,38219,5.4
Elmo,UT,4188,5.7
Eltopia,WA,36259,7.2
Ely,NV,3529,10.6
Emmetsburg,IA,4637,2.9
Emory,TX,4468,7.9
Empire,CO,5114,5.4
Empire,LA,9777,4.7
Emporia,VA,2074,19.1
Encampment,WY,7851,4.3
Enders,NE,2073,0.7
Endicott,WA,7698,9.6
Energy,TX,5338,4.5
Enfield,IL,6095,8.8
Enfield,NC,19726,14.1
Engadine,MI,4470,12.5
Englewood,CO,159911,4.1
Englewood,KS,1040,1.4
Englishtown,NJ,307183,7.9
Enigma,GA,6457,13.8
Ennice,NC,4365,10.5
Enochs,TX,3191,4.3
Enola,AR,57108,6.6
Enterprise,LA,3749,8.3
Enterprise,MS,6363,11.7
Enterprise,OR,2898,9.5
Epping,ND,16193,1.7
Epps,LA,3967,16.9
Epworth,GA,8669,12.0
Equality,IL,2280,7.5
Erbacon,WV,8225,29.200000000000003
Erick,OK,9611,2.9
Ericson,NE,992,3.5
Erie,KS,7816,4.7
Erlanger,KY,79447,7.7
Escalante,UT,3201,7.0
Esom Hill,GA,16190,10.2
Essex,MD,412199,6.9
Essig,MN,13583,3.2
Ethan,SD,1673,1.1
Ettrick,WI,15166,3.6
Eudora,AR,11609,23.3
Eufaula,OK,6944,10.8
Eupora,MS,3544,11.2
Eutaw,AL,2412,20.4
Evans,WV,11050,6.8
Evansville,IN,86077,6.2
Evansville,MN,27662,4.4
Evant,TX,22684,9.5
Everson,WA,98265,8.2
Everton,MO,3307,7.9
Ewing,VA,7942,12.0
Fairbanks,AK,46661,7.9
Fairbury,IL,15954,6.3
Fairfax,VA,12724,5.4
Fairfield,IL,7523,5.3
Fairfield,MT,2720,5.1
Fairfield,NE,3171,2.8
Fairmont,OK,28056,5.6
Fairmont,WV,25422,4.9
Fairplay,CO,8822,5.6
Fairview,OK,3518,5.4
Faith,SD,1490,4.5
Falfurrias,TX,2416,19.8
Fall Branch,TN,57193,6.2
Fallon,NV,9274,11.9
Falls Church,VA,7347,4.2
Falmouth,MI,6096,11.0
Fannin,TX,2962,9.3
Fanwood,NJ,267803,9.8
Farber,MO,10600,8.8
Faribault,MN,33503,5.6
Farina,IL,8943,10.4
Farmersville,IL,9604,5.4
Farmington,NM,51561,9.2
Farmland,IN,11319,7.8
Farnsworth,TX,5081,5.2
Federalsburg,MD,30660,19.200000000000003
Felt,ID,5342,8.5
Ferdinand,IN,10060,5.6
Fernandina Beach,FL,31605,9.8
Fernley,NV,19958,13.6
Fernwood,ID,3600,10.1
Ferriday,LA,7078,11.7
Fertile,MN,15978,4.6
Festus,MO,8313,5.4
Fieldton,TX,5709,6.2
Firebaugh,CA,374564,13.2
Fischer,TX,54190,4.9
Fish Camp,CA,7329,11.6
Flandreau,SD,3379,6.1
Flemington,MO,12978,9.5
Fletcher,MO,9124,12.2
Flintville,TN,14232,7.6
Florence,SC,58296,12.1
Florence,WI,1942,7.2
Florida,PR,5392,17.1
Fluker,LA,53685,10.7
Flushing,MI,161750,13.2
Folkston,GA,4705,13.8
Fond Du Lac,WI,52846,5.3
Fontana Dam,NC,2947,11.1
Ford,WA,16259,9.4
Forest,MS,6433,4.8
Forest City,IA,5214,6.2
Forest City,NC,25033,12.2
Forest City,PA,19048,7.7
Forest Hill,WV,4857,10.0
Foristell,MO,23857,9.5
Forrest City,AR,2910,17.3
Fort Bragg,CA,36848,12.2
Fort Buchanan,PR,37469,12.4
Fort Collins,CO,164011,6.7
Fort Davis,TX,1074,7.1
Fort Johnson,NY,24116,9.3
Fort Lauderdale,FL,890997,10.0
Fort Morgan,CO,13264,6.2
Fort Pierce,FL,112310,12.4
Fort Plain,NY,21683,8.9
Fort Scott,KS,6541,3.3
Fort Stewart,GA,23102,12.9
Fort Valley,GA,4843,11.0
Fort Valley,VA,19990,6.0
Fort Wayne,IN,170294,8.0
Fortine,MT,6844,13.1
Fortuna,CA,58449,10.5
Fouke,AR,18429,9.6
Fountain,CO,290448,8.4
Fountain,NC,101838,27.5
Fountaintown,IN,21379,8.3
Fowler,IL,32400,6.8
Fowler,KS,2137,2.8
Francis,OK,17465,6.2
Frankfort,IN,15003,7.3
Franklin,GA,4547,12.1
Franklin,ID,5401,5.0
Franklin,IN,70667,6.3
Franklin,NE,3478,3.8
Franklin,OH,105433,6.1
Franklin,TX,6776,9.2
Franklin,VA,11377,20.9
Franklin,WV,2833,4.9
Frankston,TX,30441,7.8
Frazer,MT,3753,2.6
Frederick,MD,127105,5.8
Fredericksburg,VA,26923,17.5
Fredonia,KY,2655,7.6
Fredonia,ND,952,2.2
Fremont,CA,778132,8.3
French Village,MO,25384,8.3
Friendly,WV,3296,10.9
Frisco,TX,387884,5.7
Fritch,TX,10714,4.1
Frost,MN,7117,4.2
Fulda,MN,10431,6.9
Funk,NE,4641,1.7
Gackle,ND,2073,1.9
Gadsden,AL,41236,9.0
Gainesville,FL,116659,7.9
Galax,VA,2842,6.4
Galena,MD,8984,7.2
Galena,MO,12009,10.8
Galloway,OH,18617,5.9
Gallup,NM,22865,15.5
Galt,IA,5996,5.7
Galva,IA,6018,3.7
Garden,MI,15510,9.2
Garden City,TX,1778,2.2
Gardiner,MT,7782,5.4
Garfield,GA,3035,10.3
Garland,TX,1191958,7.6
Garland,UT,21534,6.3
Garyville,LA,19661,9.2
Gasquet,CA,8612,11.5
Gastonia,NC,91563,11.2
Gates,TN,9099,13.4
Gatzke,MN,4726,4.7
Gaylesville,AL,10155,7.9
Genesee,ID,18668,6.1
Genesee,PA,6956,6.9
Geneseo,KS,2787,4.3
Genoa,NE,1784,3.2
Genoa City,WI,52048,7.2
Georgetown,SC,22756,11.2
Georgiana,AL,6551,20.7
Gepp,AR,4498,7.6
Gettysburg,SD,788,1.7
Gibbon,MN,7867,5.5
Gilbertown,AL,4405,13.6
Gillette,WY,26387,4.0
Gillsville,GA,7801,8.5
Gilman,IA,8283,5.6
Gilman,VT,2683,9.4
Gilman City,MO,3755,5.8
Girard,GA,5482,9.8
Girvin,TX,6447,4.8
Gladeville,TN,59107,6.5
Glen Allan,MS,17034,21.7
Glencoe,OK,36780,6.3
Glennallen,AK,4415,10.7
Glenrock,WY,7303,5.1
Glenwood,AR,3636,4.3
Glenwood,GA,1339,10.0
Gloster,MS,2914,9.7
Glyndon,MN,33104,4.3
Goessel,KS,5820,5.0
Goetzville,MI,14733,11.7
Gold Creek,MT,2629,2.2
Golden City,MO,5075,6.5
Golden Valley,ND,4391,3.2
Goldfield,NV,437,11.9
Goldsboro,NC,50821,12.4
Good Hope,IL,14279,9.4
Goodhue,MN,23662,5.3
Goodlettsville,TN,31579,8.4
Goodview,VA,35756,5.8
Goose Creek,SC,84494,9.9
Gordo,AL,6712,13.8
Gordon,GA,3287,7.3
Gordonsville,VA,15024,7.9
Goshen,NY,171651,7.3
Goshen,VA,9789,4.1
Gosport,IN,9276,8.0
Gouldbusk,TX,3235,8.2
Gouldsboro,ME,26665,7.7
Gouldsboro,PA,147243,7.8
Gouverneur,NY,44714,10.0
Gove,KS,1367,1.9
Grace,ID,3121,1.5
Graham,KY,11534,10.3
Graham,NC,71156,7.9
Granby,MO,26122,6.1
Grand Forks,ND,37754,3.6
Grand Isle,ME,30612,7.5
Grand Ledge,MI,62962,16.9
Grand Marais,MN,2788,4.0
Grand Rapids,MI,305508,7.7
Grand Rapids,OH,13436,6.7
Grand Valley,PA,18545,6.6
Granite Falls,MN,6367,2.6
Grant,FL,229693,10.9
Grants,NM,9625,15.3
Grantsville,UT,26337,7.1
Granville Summit,PA,26689,5.6
Grapeview,WA,22155,12.9
Grasston,MN,19932,17.200000000000003
Gravois Mills,MO,24278,20.799999999999997
Graysville,GA,30069,8.1
Greeley,NE,1127,1.9
Greeleyville,SC,22859,27.799999999999997
Green Castle,MO,2097,2.8
Green City,MO,2794,6.0
Green River,WY,23010,5.4
Green Springs,OH,25327,8.1
Greenbush,MI,3288,12.2
Greene,RI,86274,8.2
Greenfield,IL,5944,9.4
Greenfield,MA,37218,6.7
Greenfield,OH,30096,11.3
Greenleaf,ID,81460,9.4
Greenmountain,NC,13006,19.6
Greensboro,VT,14773,7.2
Greensburg,KY,7700,7.7
Greenville,AL,13433,20.6
Greenville,GA,7730,12.8
Greenville,SC,219810,7.6
Greenville,WV,5348,7.3
Greenwich,OH,50632,8.7
Greenwood,AR,54852,6.1
Greenwood,LA,108738,7.0
Greenwood,SC,37800,23.6
Grey Eagle,MN,11437,5.1
Griffithsville,WV,7245,10.1
Grifton,NC,23972,13.1
Grimes,CA,8837,10.4
Grinnell,KS,1286,1.2
Groom,TX,3856,2.8
Grosse Tete,LA,13049,7.9
Groveport,OH,24777,6.9
Grover Hill,OH,13163,7.5
Groves,TX,103203,8.8
Gruver,TX,2629,2.3
Guanica,PR,12747,54.3
Guayama,PR,9713,17.4
Guilford,ME,6632,10.5
Gunnison,CO,11468,17.5
Guntown,MS,9428,9.3
Gurabo,PR,11559,24.0
Gurley,NE,5681,1.6
Guttenberg,IA,50102,4.3
Hadley,MA,84303,7.2
Hagarville,AR,10376,6.2
Hagerstown,IN,28437,9.0
Hagerstown,MD,67555,8.5
Hague,VA,7423,9.7
Haiku,HI,81619,6.9
Haines,AK,1470,3.0
Haleyville,AL,11560,9.9
Hamer,ID,16462,12.1
Hamer,SC,10805,13.2
Hamill,SD,1719,7.4
Hamilton,CO,6343,5.9
Hamilton,IN,16375,6.9
Hamilton,MS,14217,10.9
Hamilton,TX,3279,5.9
Hamilton City,CA,10523,12.6
Hamlin,WV,25964,3.7
Hampshire,TN,4858,7.7
Hampstead,MD,88196,4.6
Hampton,NE,4723,2.5
Hampton,VA,60826,9.8
Hanalei,HI,33996,5.4
Hanover,IN,14381,9.2
Hanover,MA,252016,7.9
Hanover,MD,447370,10.8
Hanston,KS,1005,2.5
Hardeeville,SC,11707,11.9
Hardesty,OK,11144,3.5
Hardin,IL,2231,5.4
Hardin,MT,4663,19.9
Harlem,GA,8314,9.5
Harold,KY,11922,9.7
Harpers Ferry,WV,26418,8.4
Harrell,AR,2243,7.2
Harrellsville,NC,8679,13.7
Harrietta,MI,13441,9.5
Harrington,WA,4050,4.8
Harrisburg,MO,90949,5.0
Harrisburg,NE,455,5.4
Harrisburg,OR,48892,10.6
Harrison,AR,5679,10.9
Harrisonburg,VA,62119,11.9
Harrisonville,MO,48122,6.7
Harrodsburg,KY,9331,11.5
Harrold,SD,9620,3.1
Harrold,TX,5977,7.5
Hart,MI,12183,10.7
Hartford,AL,10419,11.2
Hartland,ME,22275,9.5
Hartland,MN,15322,4.9
Hartland,WI,209461,4.2
Harvey,AR,4250,10.9
Harvey,ND,2055,1.3
Hastings,FL,36923,9.3
Hastings,MI,26899,7.9
Hatillo,PR,12623,13.3
Hattiesburg,MS,59599,21.6
Haughton,LA,56570,5.7
Haviland,KS,1315,4.0
Hawkins,WI,6462,5.9
Hawkinsville,GA,3949,7.4
Hawley,PA,21211,7.8
Hawthorne,FL,24209,12.6
Hay Springs,NE,4613,2.6
Hayes,SD,1674,1.4
Hayes Center,NE,549,1.8
Haymarket,VA,223939,5.4
Hazelton,ND,1583,3.6
Hazen,AR,3513,6.2
Head Waters,VA,1006,1.1
Healy,KS,926,2.4
Heath,OH,81446,7.2
Hebbronville,TX,1786,16.5
Hebron,KY,62624,5.6
Heflin,AL,8630,10.3
Helena,GA,7871,9.8
Hemingford,NE,6268,5.2
Hemphill,TX,2882,12.1
Henderson,KY,20337,8.0
Hendersonville,NC,46387,6.0
Henley,MO,35978,4.9
Hennepin,OK,6115,3.6
Henry,SD,15575,2.9
Hensley,AR,7608,9.4
Heppner,OR,4827,8.6
Hereford,TX,3316,4.7
Hernando,FL,43486,13.1
Heron Lake,MN,5392,3.2
Herron,MI,12233,9.3
Herscher,IL,49815,9.8
Hershey,NE,17360,4.2
Hesperia,MI,10360,8.7
Hesston,KS,15406,3.1
Hestand,KY,3943,9.5
Hickman,KY,2274,12.0
Hickman,TN,8121,5.2
Hickory,NC,69954,8.2
Hicksville,OH,18092,8.4
Hico,TX,19275,4.1
Hidalgo,IL,4691,5.5
Higgins,TX,1662,5.0
High Bridge,NJ,65918,5.9
High Point,NC,71620,11.0
High Springs,FL,6260,10.4
Hilham,TN,3842,14.5
Hill,NH,76330,5.2
Hilliard,OH,616368,7.0
Hillsboro,ND,4085,2.7
Hillsdale,NY,29962,6.7
Hilo,HI,82124,8.1
Himrod,NY,11496,6.9
Hines,MN,20579,10.6
Hinsdale,NH,39695,6.1
Hinsdale,NY,34265,8.2
Hitchins,KY,10039,11.1
Hiwassee,VA,15480,7.4
Hixson,TN,162818,8.0
Hobbs,NM,29340,5.9
Hobson,MT,943,3.9
Hoffman,MN,2943,3.6
Hokah,MN,9795,4.9
Holbrook,ID,1749,6.7
Holcomb,KS,18612,4.6
Holcomb,MO,11646,8.1
Holden,LA,3619,14.4
Holden,UT,5499,4.3
Holdingford,MN,16533,5.8
Holland,IN,21742,3.3
Holland,TX,127550,9.5
Holly,CO,5488,9.7
Holly Ridge,NC,61252,11.6
Holly Springs,NC,499197,6.4
Holmen,WI,62292,5.4
Holt,MI,133091,9.0
Holyoke,CO,1984,5.3
Homer,IN,7787,6.9
Honey Grove,PA,11152,5.7
Hooper,CO,6283,10.4
Hope,AR,8699,7.9
Hope,KY,10948,10.4
Hope,NM,26448,7.6
Hope Valley,RI,64824,6.4
Hopewell,VA,9041,12.8
Hormigueros,PR,4887,22.6
Hornbeak,TN,12572,11.2
Hornell,NY,43199,8.2
Horner,WV,6259,7.2
Horse Cave,KY,18672,7.6
Horseshoe Beach,FL,4910,7.2
Hosford,FL,2748,10.2
Hoskins,NE,5219,3.0
Hosmer,SD,2070,1.8
Houma,LA,48450,5.5
Houston,MS,6554,12.2
Houston,TX,2081889,7.5
Hoven,SD,1142,0.5
Howard,KS,1121,5.3
Howard,OH,28165,6.6
Howells,NE,5224,6.4
Hudgins,VA,3901,3.3
Hudson,KY,7683,11.5
Hughes Springs,TX,4588,12.7
Hughesville,MD,76622,6.3
Hughesville,PA,54324,7.7
Hugo,MN,181190,6.2
Hugoton,KS,11031,9.0
Hulett,WY,3754,4.1
Hume,MO,7186,6.6
Humeston,IA,3660,7.5
Humphrey,AR,28119,11.2
Hunnewell,MO,3845,5.9
Hunter,KS,3086,2.6
Huntersville,NC,502455,8.9
Huntley,IL,157226,8.0
Huntsville,AL,163753,8.5
Huntsville,TX,32588,17.0
Huron,SD,1289,3.4
Hurt,VA,27803,7.7
Huson,MT,59103,8.2
Hutchinson,KS,4905,5.5
Hyannis,NE,418,3.5
Hyde Park,VT,13147,4.3
Hydro,OK,14072,3.7
Hymera,IN,8203,6.8
Idaho Falls,ID,47191,5.6
Idlewild,MI,3297,13.2
Ignacio,CO,5506,8.2
Ilwaco,WA,7141,8.9
Imogene,IA,3463,3.7
Imperial,CA,58391,17.4
Inchelium,WA,2452,12.2
Independence,WV,13842,7.0
Indiahoma,OK,49641,8.6
Indianapolis,IN,436687,10.1
Indianola,MS,8382,20.1
Indianola,NE,5714,4.1
Ingalls,KS,3183,2.9
Ingram,TX,20523,8.0
Interior,SD,1202,17.4
Interlochen,MI,43804,6.6
Inver Grove Heights,MN,223989,5.0
Ione,WA,4217,10.3
Iowa,LA,12657,9.2
Iowa City,IA,78838,3.5
Iron Mountain,MI,11161,7.0
Irons,MI,9010,11.5
Irvine,KY,4855,11.8
Ivins,UT,57785,7.7
Jackson,GA,8700,10.3
Jackson,MO,37661,6.3
Jackson,MS,105504,10.3
Jackson,MT,4615,6.5
Jackson,OH,13191,11.5
Jackson,TN,43039,8.4
Jacksonville,FL,409421,10.0
Jacksonville,GA,4472,4.4
Jacksonville,TX,19729,6.4
Jameson,MO,3420,5.7
Jamestown,IN,30471,3.7
Jamestown,MO,6712,6.7
Janesville,WI,75824,8.5
Jaroso,CO,1240,14.0
Jarratt,VA,3365,6.4
Jarvisburg,NC,11913,6.6
Jasper,AL,8894,9.6
Jasper,AR,3228,4.4
Jasper,FL,3966,15.8
Jasper,GA,12678,8.3
Jayton,TX,398,1.5
Jayuya,PR,3412,31.7
Jean,NV,923588,10.8
Jefferson,AL,6860,11.4
Jefferson,PA,14728,6.4
Jefferson,TX,3940,8.0
Jeffersonville,VT,25416,4.9
Jenkinsville,SC,8693,12.8
Jennings,KS,1389,3.8
Jennings,OK,6890,6.3
Jerome,MO,19451,7.0
Jersey,AR,4180,9.4
Jersey,VA,12096,7.4
Jersey City,NJ,339606,9.3
Jesup,GA,10495,11.3
Jewett,OH,6740,5.6
Johnson,KS,1116,2.4
Johnson,NE,3481,8.0
Johnson City,NY,88758,7.8
Johnson City,TN,29672,21.799999999999997
Johnson Creek,WI,44424,5.5
Johnston City,IL,29214,7.0
Johnstown,PA,58018,8.5
Jones,OK,353043,6.0
Jonesboro,GA,92993,10.3
Jonesboro,LA,5177,10.1
Jonesville,NC,26631,11.7
Jourdanton,TX,19975,6.5
Judsonia,AR,32318,7.1
Juncos,PR,17525,13.4
Junction,TX,2129,7.6
Junction City,KS,8898,6.7
Juneau,AK,17836,5.2
Juneau,WI,43362,6.0
Kadoka,SD,1018,2.5
Kahuku,HI,455481,5.6
Kansas City,KS,70518,11.2
Kansas City,MO,167574,11.7
Karbers Ridge,IL,1493,18.1
Karnak,IL,5821,8.8
Katy,TX,314534,5.1
Kaukauna,WI,96532,3.9
Kearney,NE,27263,3.5
Keatchie,LA,10521,9.3
Keenes,IL,16528,9.2
Kelley,IA,50519,5.5
Kellyton,AL,15837,9.0
Kelso,WA,40418,10.7
Kemah,TX,143681,7.5
Kemp,TX,49359,8.7
Kempner,TX,8245,8.6
Kenai,AK,25637,9.4
Kendrick,ID,2877,7.3
Kenilworth,UT,9197,7.4
Kennard,TX,4922,9.9
Kennedy,AL,6122,10.0
Kennedy,NY,58012,7.8
Kennett,MO,6423,11.2
Kensington,KS,1836,3.2
Kent,NY,17285,9.0
Kent,OH,81544,8.7
Kenton,OH,13828,9.6
Kenton,OK,1131,2.2
Keo,AR,31944,5.9
Keota,OK,4585,8.7
Kermit,TX,3271,2.5
Kernersville,NC,236140,8.8
Kewanee,IL,23544,5.8
Kilmarnock,VA,5021,8.7
Kinderhook,IL,7197,5.6
King And Queen Court Hous,VA,3335,5.5
King Ferry,NY,37023,7.3
King Salmon,AK,541,5.4
King William,VA,7972,5.4
Kingfield,ME,14386,7.7
Kingman,KS,29564,5.7
Kingsland,AR,3256,9.7
Kingsport,TN,66313,8.2
Kingston,NY,85617,9.3
Kingston,OK,6038,7.6
Kingston,UT,653,6.8
Kirksville,MO,11096,7.9
Kirkville,IA,16128,8.0
Kirkwood,IL,8068,9.2
Kissimmee,FL,131450,9.8
Kite,GA,3909,9.0
Klamath Falls,OR,25753,12.4
Klamath River,CA,16127,12.7
Klingerstown,PA,63264,8.8
Klondike,TX,35598,11.4
Knippa,TX,10801,8.1
Krakow,WI,20281,5.4
Kress,TX,2784,6.4
Krypton,KY,9364,13.9
Kulm,ND,1347,1.2
La Crosse,IN,78219,7.3
La Grande,OR,11024,7.1
La Junta,CO,1212,8.3
La Plata,MO,6541,8.7
La Plata,PR,5902,6.0
La Pryor,TX,4276,12.2
La Push,WA,27697,9.9
Labelle,FL,3701,12.9
Lackey,VA,30160,5.8
Lacrosse,WA,21665,8.8
Lafayette,CO,166701,6.1
Lagrange,WY,6080,6.8
Lajas,PR,4954,17.6
Lake Ann,MI,9628,7.1
Lake Benton,MN,2974,2.8
Lake Butler,FL,3955,11.7
Lake George,NY,31866,6.6
Lake Minchumina,AK,2077,18.2
Lake Oswego,OR,185660,8.3
Lake Placid,FL,31131,13.3
Lake Village,IN,6146,8.9
Lake Wales,FL,245853,10.6
Lakeville,CT,98294,7.1
Lakota,IA,7788,2.1
Lamar,MS,17060,25.5
Lamesa,TX,2342,3.5
Lamont,IA,10375,3.9
Lamont,KS,2876,3.5
Lampasas,TX,18673,5.1
Lancaster,SC,33151,9.9
Land O' Lakes,FL,187556,9.4
Landrum,SC,128253,8.9
Lane City,TX,18584,6.6
Lanesville,IN,37064,7.3
Lanexa,VA,9896,6.1
Langlois,OR,7930,11.3
Langtry,TX,18261,9.3
Lansing,NC,11790,8.5
Laquey,MO,15279,12.7
Laredo,TX,98996,6.0
Lares,PR,6205,35.2
Larose,LA,43542,7.0
Las Marias,PR,2477,4.6
Las Piedras,PR,17444,33.4
Laurel,IN,9245,12.1
Laurel,MT,4487,3.6
Lavalette,WV,14542,9.9
Lavina,MT,357,3.5
Lawndale,NC,36632,11.6
Lawrence,KS,61881,6.0
Lawrence,MA,383882,7.7
Le Roy,MN,10595,4.3
Le Sueur,MN,14456,5.3
Leadore,ID,3165,6.1
Leakesville,MS,3955,12.6
Leakey,TX,996,12.0
Leasburg,NC,25888,22.8
Lebo,KS,4207,5.1
Ledger,MT,3258,7.6
Leeds,ND,2461,6.1
Leesburg,TX,5039,8.5
Leicester,NC,8935,7.3
Leitchfield,KY,10342,9.3
Lemoyne,NE,193,4.0
Lena,IL,10991,5.6
Lena,MS,10867,13.1
Lenoir City,TN,19909,8.9
Lenore,WV,7951,14.1
Leonard,ND,2847,2.0
Leoti,KS,1077,3.1
Leroy,MI,8807,10.3
Leslie,AR,2836,5.9
Letcher,KY,7281,12.6
Letohatchee,AL,3471,13.2
Lettsworth,LA,9105,8.3
Levan,UT,4422,3.8
Lewis,KS,1451,2.0
Lewisport,KY,3647,5.9
Lewiston,UT,54566,5.5
Lewistown,MT,5579,3.1
Lexington,KY,166182,16.8
Lexington,VA,2082,2.7
Liberty,IN,3384,7.7
Liberty,NE,1265,4.6
Lidgerwood,ND,2078,1.2
Lima,OH,70323,14.2
Lincoln,IL,10856,7.8
Lincoln,KS,1497,6.5
Lincoln,MT,33126,4.9
Lincoln,NE,160866,5.1
Linden,MI,92068,5.9
Linden,TN,2819,9.5
Lineville,IA,2800,4.3
Linn,WV,2791,9.4
Linneus,MO,5125,4.5
Lisbon,OH,46577,9.0
Lisbon Falls,ME,52961,7.2
Litchfield,IL,21098,9.6
Litchfield,MI,19316,9.0
Litchfield,MN,11477,4.7
Litchfield,NE,1569,3.1
Lithonia,GA,344876,11.3
Little Eagle,SD,1240,29.4
Little Falls,NJ,229762,8.6
Little Mountain,SC,15784,10.2
Little River,AL,85953,7.5
Little Suamico,WI,19075,5.5
Littlefork,MN,5877,7.8
Livingston,LA,61631,7.0
Loachapoka,AL,68614,7.3
Lockhart,TX,16693,5.2
Locust,NC,26101,12.2
Locust Grove,OK,19314,7.9
Locust Hill,VA,4404,6.3
Logan,NM,2937,5.0
Logan,OH,12199,9.5
Loiza,PR,8443,26.2
Lombard,IL,479592,7.0
Lonaconing,MD,43640,17.0
Long Beach,MS,82911,9.7
Long Branch,TX,31373,10.600000000000001
Long Pine,NE,1585,0.7
Longford,KS,3008,5.3
Longview,TX,55402,5.9
Longville,MN,12165,7.4
Lontetree,WY,10064,4.4
Lookout Mountain,GA,7848,6.1
Lorman,MS,1861,15.9
Los Angeles,CA,4635465,10.0
Los Gatos,CA,131321,7.6
Lost City,WV,6129,7.9
Lost Creek,KY,4239,12.4
Louisiana,MO,7300,6.5
Louisville,KY,361510,8.4
Lovelady,TX,7694,6.4
Lubbock,TX,141493,6.2
Luck,WI,6464,7.5
Ludell,KS,1247,2.3
Lueders,TX,1502,3.8
Lufkin,TX,36182,9.1
Lulu,FL,25226,14.8
Lumberton,NJ,221766,8.5
Luning,NV,1856,15.4
Luquillo,PR,5626,28.5
Luray,SC,2866,22.6
Luray,TN,7235,13.5
Lusk,WY,1114,1.6
Lutcher,LA,9035,11.0
Luverne,MN,4572,4.2
Luverne,ND,5889,2.4
Lyford,TX,5365,11.5
Lyle,MN,19166,6.5
Lynchburg,MO,14708,8.8
Lynchburg,VA,67067,20.6
Lyndhurst,NJ,459612,6.5
Lyndhurst,VA,34285,4.7
Lyons,GA,18915,22.799999999999997
Lyons,NE,3046,3.3
Lysite,WY,18736,7.8
Lytton,IA,4614,4.0
Macksburg,IA,11488,8.9
Macon,GA,71029,22.9
Madeline,CA,9082,10.9
Madison,CT,419901,9.5
Madison,FL,6141,11.8
Madison,SD,6468,4.4
Magnolia,IL,2827,9.9
Magnolia,KY,10230,18.3
Magnolia,TX,20127,8.3
Maiden,NC,36605,10.2
Malcom,IA,9636,4.8
Malvern,OH,12657,7.1
Mammoth Cave,KY,4730,8.9
Manakin Sabot,VA,10325,5.0
Manassa,CO,3021,9.7
Manassas,VA,29540,11.9
Manati,PR,11272,18.9
Mancelona,MI,6815,10.4
Mancos,CO,27965,5.2
Manhattan,KS,34186,5.8
Manitou,OK,3098,7.1
Mankato,KS,1468,2.5
Mannboro,VA,5686,5.0
Manokotak,AK,1854,12.5
Mansfield,GA,43639,11.8
Mansfield,MO,6583,9.4
Mansfield,SD,20762,2.5
Mansfield Center,CT,80190,6.8
Manville,RI,301318,9.5
Many,LA,8803,10.6
Maple Park,IL,51637,10.4
Maplewood,WI,13169,6.2
Marathon,TX,4385,4.9
Mardela Springs,MD,47947,8.8
Marengo,IA,8818,1.8
Marengo,IN,4273,6.6
Marengo,WI,7475,7.9
Margaretville,NY,19850,9.5
Maria Stein,OH,20476,5.5
Marianna,FL,4735,10.0
Maricao,PR,1500,10.7
Marienthal,KS,2613,5.8
Marienville,PA,1256,4.8
Marietta,GA,366793,8.0
Marietta,MN,3506,3.7
Marietta,MS,9559,10.2
Marine On Saint Croix,MN,130036,4.8
Marion,IN,28402,11.1
Marion,VA,13278,6.4
Marland,OK,5141,5.9
Marmaduke,AR,17659,9.0
Marmarth,ND,335,0.0
Marshall,IL,15232,18.1
Marshall,NC,117252,7.0
Marshall,OK,20281,6.0
Marshall,TX,28650,7.7
Marshallberg,NC,29496,10.2
Martha,KY,5366,7.8
Martin,GA,10224,10.6
Martin,OH,19539,5.5
Martinsville,VA,5156,11.5
Marysville,CA,89411,12.1
Marysville,IN,54754,6.8
Maryville,IL,125030,8.9
Mason,IL,17382,5.4
Mason,TX,11230,6.8
Mass City,MI,2048,13.7
Matlock,IA,18867,1.8
Matthews,NC,99712,7.7
Mattoon,IL,24939,9.7
Mauk,GA,3219,14.3
Maunabo,PR,2459,27.9
Maxton,NC,11215,15.5
Maxwell,IN,35339,5.5
May,OK,1779,1.6
Mayaguez,PR,12421,11.8
Mayer,AZ,81511,10.0
Mayesville,SC,6146,14.9
Mayo,FL,2685,14.6
Mayslick,KY,6703,16.4
Maywood,NE,1294,2.4
McAlpin,FL,15676,11.1
McClure,PA,19860,6.4
McColl,SC,9600,15.5
McCool,MS,2921,14.2
McEwen,TN,7067,8.9
McLeansboro,IL,3618,4.5
McLouth,KS,9264,6.9
McMechen,WV,13530,7.0
McMinnville,TN,4529,10.2
McNeill,MS,20219,12.1
Mcarthur,CA,3334,8.6
Mcdaniel,MD,17620,6.7
Meadows Of Dan,VA,6971,8.3
Meally,KY,7136,9.1
Means,KY,2200,14.7
Medford,WI,10090,5.5
Mediapolis,IA,18798,6.3
Medical Lake,WA,211522,8.4
Medicine Bow,WY,20577,4.7
Medicine Lodge,KS,2350,3.1
Medora,IL,10587,8.0
Medora,ND,564,1.4
Meeker,CO,29078,6.9
Meherrin,VA,8771,7.0
Melbourne,AR,4607,10.0
Melbourne,IA,19409,6.3
Melrose,IA,9379,12.8
Melvin,IL,6179,8.6
Melvin,TX,961,2.8
Memphis,TN,425295,10.3
Mena,AR,7473,9.0
Menard,TX,797,8.3
Mendenhall,MS,9821,10.9
Menno,SD,3745,3.0
Menomonie,WI,22494,6.1
Mentone,IN,37483,6.5
Mentor,MN,2079,3.5
Meraux,LA,17494,12.2
Meredosia,IL,2370,9.4
Meriden,KS,6496,4.4
Meridian,CA,37520,13.2
Merrill,WI,13973,6.1
Merrimack,NH,215215,5.9
Merry Point,VA,4690,7.9
Meta,MO,3551,10.0
Metter,GA,4168,8.1
Metz,WV,48349,5.8
Meyers Chuck,AK,1088,7.5
Miami,FL,1204871,10.0
Miami,MO,10642,5.5
Miami,NM,4981,9.5
Miami,OK,5781,6.4
Miami,TX,423,1.9
Michigamme,MI,29522,8.1
Middleton,MI,15980,8.5
Middletown,CT,87871,6.0
Midkiff,TX,1326,4.3
Midland,IN,14187,7.0
Midland,NC,87960,9.2
Midland,TX,76743,3.4
Midlothian,VA,178143,11.7
Midvale,ID,3650,9.7
Midville,GA,8676,8.2
Midway,TX,4194,5.7
Midway,UT,12451,4.7
Mikado,MI,8780,12.1
Milford,NE,15673,6.9
Milford,UT,2881,3.8
Mill Hall,PA,17861,6.1
Mill Spring,MO,4712,9.5
Millboro,VA,2310,6.0
Miller,SD,1768,1.7
Millersburg,PA,132283,7.1
Milligan,NE,2969,3.4
Mills,NE,440,1.1
Millstone,NJ,170172,6.0
Millwood,GA,16411,14.5
Milner,GA,6860,15.6
Milnor,ND,8800,3.0
Milton,FL,67510,7.9
Milton,IA,7126,10.8
Milton,KY,4263,13.2
Milton,PA,8391,6.6
Milton,WV,49219,17.1
Miltonvale,KS,4514,6.8
Milwaukee,WI,445174,9.3
Minden,IA,46439,5.0
Minden,LA,15313,7.6
Minden,NV,20371,8.5
Mineral,VA,16077,8.1
Mineral City,OH,42879,7.0
Mingo Junction,OH,27871,8.8
Minnesota Lake,MN,36492,4.9
Minong,WI,6880,6.6
Minot,ND,35580,2.6
Minter,AL,14094,16.4
Minturn,AR,6527,6.9
Minturn,CO,31793,4.4
Mission,SD,2901,25.4
Mitchell,IN,20669,6.3
Mitchell,NE,17970,5.5
Mitchell,OR,563,8.5
Moab,UT,9767,15.5
Moatsville,WV,6345,9.0
Mobile,AL,170900,9.8
Moca,PR,9245,23.0
Modale,IA,7352,3.6
Model,CO,7314,10.7
Mohall,ND,1301,1.6
Molena,GA,7323,10.4
Moline,IL,68438,7.9
Monarch,MT,37069,5.1
Monmouth,OR,32687,10.8
Monongahela,PA,99731,6.5
Monroe,AR,2815,12.8
Monroe,ME,18381,7.5
Monroe,SD,2974,2.1
Monroe Center,IL,24989,8.0
Monterey,IN,9583,11.5
Monterey,TN,5998,10.4
Monterville,WV,3723,5.7
Montezuma,NM,9751,6.4
Montgomery,AL,99158,8.8
Montgomery,LA,7068,9.2
Montgomery,WV,15837,9.2
Monticello,AR,7361,14.3
Monticello,FL,4946,9.4
Monticello,IL,8451,6.3
Monticello,KY,6014,11.8
Monticello,NY,32243,11.5
Monticello,WI,19815,3.5
Montross,VA,3199,8.7
Moore Haven,FL,14732,11.9
Moorefield,KY,2877,7.7
Moran,TX,5092,5.4
Moran,WY,14298,2.6
Morenci,AZ,3346,10.0
Moreno Valley,CA,920603,12.9
Morgan,UT,4234,6.0
Morgantown,KY,5003,6.1
Morovis,PR,9804,21.7
Morris,MN,5058,3.1
Morrison,MO,6752,2.9
Morrison,TN,21841,8.8
Morrisville,NY,33023,5.1
Morrow,LA,14998,9.6
Mosby,MT,555,0.2
Moscow,KS,2078,3.9
Moscow,PA,97589,6.9
Mosheim,TN,28160,8.7
Moss,TN,2765,7.2
Moss Point,MS,58824,9.1
Mossyrock,WA,29297,12.1
Moulton,AL,12704,9.8
Moultrie,GA,18354,8.3
Mound City,SD,755,1.4
Mound Valley,KS,9572,5.3
Mounds,OK,14956,10.4
Mount Airy,NC,30107,6.9
Mount Ayr,IA,2133,4.8
Mount Berry,GA,39669,10.9
Mount Blanchard,OH,11017,6.6
Mount Carmel,IL,5501,8.7
Mount Eden,KY,8691,6.4
Mount Hermon,LA,15327,15.0
Mount Perry,OH,37501,8.3
Mount Pleasant,IA,8992,5.1
Mount Pleasant,MI,33411,11.3
Mount Pleasant,PA,173533,5.6
Mount Pleasant,UT,10060,8.3
Mount Prospect,IL,2463655,10.7
Mount Sterling,KY,4045,14.0
Mount Sterling,MO,6567,6.1
Mount Vernon,KY,28094,23.4
Mount Vernon,SD,10359,3.3
Mountain Home A F B,ID,9981,8.4
Mountain View,CA,915619,7.7
Mountain View,OK,4037,5.5
Mountville,SC,27397,10.7
Moweaqua,IL,9895,6.2
Mt Zion,IL,48783,10.5
Muenster,TX,18012,7.0
Mullen,NE,331,2.9
Mullica Hill,NJ,141635,9.2
Muncie,IN,51781,10.1
Muncy Valley,PA,2632,8.7
Mundelein,IL,338959,7.9
Munford,AL,30618,13.8
Murchison,TX,21856,6.1
Murdo,SD,482,3.6
Murphysboro,IL,25623,10.4
Murrayville,GA,11029,6.8
Murrayville,IL,16089,8.3
Muscoda,WI,8332,4.8
Nahunta,GA,6702,10.9
Nancy,KY,6681,12.6
Nantucket,MA,6157,3.0
Naranjito,PR,7315,21.9
Nardin,OK,19588,7.8
Narrows,VA,2504,8.7
Nashville,TN,341548,7.2
Natchez,MS,10730,11.3
Natchitoches,LA,14446,12.2
Naylor,MO,5480,10.1
Nekoma,KS,1577,5.6
Nelson,WI,7013,3.7
Neopit,WI,1403,14.8
Neosho,MO,9544,8.7
Neshkoro,WI,10458,7.2
Nevada,MO,9449,5.4
Nevis,MN,9475,5.0
New Athens,IL,17120,5.2
New Bern,NC,4029,11.6
New Bloomington,OH,25608,9.6
New Boston,IL,7568,6.2
New Boston,TX,35959,8.5
New Brighton,PA,80816,6.8
New Columbia,PA,17585,6.1
New Cumberland,WV,13236,7.2
New Ellenton,SC,69420,9.9
New Germany,MN,52573,3.8
New Harmony,UT,19636,10.5
New Holland,PA,259601,6.1
New Iberia,LA,31517,10.6
New Leipzig,ND,1279,1.2
New London,CT,132990,8.3
New London,MO,4821,6.2
New Market,IA,3061,4.4
New Market,TN,23000,9.1
New Orleans,LA,380800,17.0
New Richland,MN,28064,9.5
New Rockford,ND,1208,1.9
New Salisbury,IN,18294,7.9
New Vienna,OH,16962,11.5
New York,NY,884457,7.5
Newark,DE,268331,7.4
Newark,MO,1709,7.4
Newark,NJ,358229,13.0
Newark,NY,43117,7.5
Newaygo,MI,18619,10.1
Newberg,OR,44114,9.7
Newberry,MI,2103,11.6
Newburgh,IN,29930,5.0
Newbury,VT,15314,4.5
Newcastle,TX,686,2.6
Newell,IA,10725,3.7
Newport,MI,68024,8.3
Newport,RI,40977,6.9
Newport,VA,7510,4.8
Newport News,VA,82572,9.1
Newton,WI,40799,5.7
Newtown,PA,321488,7.0
Nezperce,ID,1547,6.5
Niagara,ND,1554,0.7
Niagara,WI,18969,7.5
Niagara University,NY,100718,7.6
Nicholasville,KY,23096,8.8
Nicollet,MN,18672,4.0
Nineveh,IN,7039,6.2
Niota,IL,8595,6.8
Noatak,AK,2593,21.9
Noblesville,IN,208766,13.600000000000001
Nodaway,IA,4660,9.6
Nolensville,TN,97869,4.2
Noma,FL,6118,15.4
Norcatur,KS,2650,1.7
Nordland,WA,11518,9.5
Norfolk,VA,101764,10.9
Normal,IL,90810,5.5
Norman,OK,150695,8.8
Normandy,TN,19939,7.7
Norphlet,AR,16418,9.7
Norris,SD,740,12.0
North Augusta,SC,10099,8.9
North Beach,MD,45249,7.6
North Carrollton,MS,3705,11.9
North East,PA,128541,8.0
North Fairfield,OH,26987,7.2
North Hero,VT,3697,7.4
North Java,NY,18495,7.4
North Little Rock,AR,180430,7.5
North Platte,NE,222,0.9
North Sioux City,SD,7576,2.9
North Washington,IA,6148,3.8
Northway,AK,3038,9.4
Northwood,ND,1035,4.0
Norton,VA,1811,11.1
Norwalk,IA,25008,4.8
Norway,SC,33811,12.8
Nottawa,MI,26332,8.6
Nowata,OK,42093,5.5
Oak,NE,2219,2.9
Oak Grove,KY,23856,12.7
Oak Grove,LA,3917,11.9
Oak Vale,MS,4638,10.8
Oakhurst,CA,53032,7.5
Oakland,MS,5055,5.7
Oakley,ID,9771,5.7
Oakman,GA,23587,8.3
Oaktown,IN,17864,6.1
Oakwood,OK,2061,2.7
Oberlin,OH,138469,8.8
Ochlocknee,GA,9291,10.5
Odem,TX,28627,5.2
Odessa,TX,70130,5.2
Odonnell,TX,282,0.7
Ogallala,NE,4116,2.8
Ogden,UT,109474,6.3
Ogdensburg,WI,25703,5.7
Okeechobee,FL,13227,11.8
Oktaha,OK,27158,8.2
Old Glory,TX,553,6.9
Oldenburg,IN,11103,6.4
Oldham,SD,1174,4.1
Olla,LA,3955,10.2
Olpe,KS,16784,7.2
Omaha,GA,1485,14.5
Omaha,NE,277349,5.7
Omaha,TX,13867,7.5
Onawa,IA,4165,5.5
Oneida,KY,2816,17.0
Oneida,TN,7780,14.1
Opelika,AL,22927,11.1
Oquawka,IL,3350,7.0
Orange,TX,35616,8.4
Orange Grove,TX,16674,6.6
Orangeville,OH,88133,7.4
Ordway,CO,1488,6.3
Ore City,TX,16849,7.9
Orient,SD,1162,0.7
Orleans,IN,8330,6.8
Orleans,NE,1687,1.7
Orleans,VT,12168,5.6
Orma,WV,2511,18.1
Orocovis,PR,19452,48.4
Oronoco,MN,80162,4.1
Ortley,SD,2652,3.9
Osceola,MO,6442,10.2
Oshkosh,WI,85970,4.7
Osnabrock,ND,1968,0.8
Osseo,WI,54079,5.8
Ossipee,NH,22992,5.8
Otley,IA,17247,5.4
Oto,IA,51599,5.2
Otsego,MI,51081,6.1
Otter Rock,OR,19454,7.9
Otterbein,IN,8127,10.8
Otterville,MO,7916,5.7
Otwell,IN,5902,5.1
Ouzinkie,AK,7032,6.3
Overbrook,OK,4127,4.0
Ovett,MS,4131,12.9
Owasso,OK,302471,6.5
Owenton,KY,4351,8.6
Owyhee,NV,25865,5.5
Oxford,GA,37547,7.9
Oxford,NC,24163,8.3
Ozona,TX,1851,1.8
Pachuta,MS,6257,7.9
Paducah,KY,29043,6.1
Paducah,TX,781,12.6
Pageland,SC,17730,10.3
Pagosa Springs,CO,451,3.0
Paicines,CA,26261,12.2
Paige,TX,32343,9.8
Painesville,OH,117389,6.0
Palco,KS,1282,2.4
Palestine,TX,19859,4.3
Palisade,MN,6428,7.3
Palmer,NE,3287,4.0
Palmer,PR,17033,23.9
Palmersville,TN,14342,11.2
Palmyra,TN,73139,9.7
Palo Alto,CA,387006,6.7
Pampa,TX,9444,5.4
Panna Maria,TX,5251,4.8
Pantego,NC,18786,11.5
Panther Burn,MS,1678,22.1
Paradise Valley,NV,8295,7.8
Paragon,IN,32732,7.3
Paragould,AR,45526,7.5
Paris,AR,8718,8.1
Paris,MI,17639,12.2
Paris,VA,6908,6.0
Parish,NY,52204,9.7
Parker,SD,4248,2.5
Parkersburg,WV,36778,8.6
Parkesburg,PA,260731,5.9
Parkman,WY,14336,3.4
Parksville,KY,12218,7.1
Parma,MI,65183,10.3
Parma,MO,7298,8.8
Pateros,WA,16969,8.9
Patillas,PR,3884,27.5
Patoka,IN,16013,4.3
Patterson,GA,7071,7.9
Pattison,MS,2411,17.5
Paul,ID,9641,6.6
Paulding,OH,8638,6.6
Pawhuska,OK,19274,7.1
Pawling,NY,143829,8.7
Pawnee Rock,KS,16212,8.7
Paxico,KS,3295,6.2
Payette,ID,9393,10.1
Pearcy,AR,39729,9.2
Pearson,GA,2309,10.7
Pease,MN,11752,7.7
Pecan Gap,TX,1830,13.6
Peck,MI,17147,10.7
Pecos,TX,4768,6.7
Peebles,OH,9887,13.4
Pelham,AL,101343,5.5
Pellston,MI,15869,8.4
Pemberville,OH,28181,7.6
Pendleton,KY,29304,4.3
Penfield,PA,34110,7.8
Penns Grove,NJ,29226,10.6
Penrose,NC,13794,6.9
Pensacola,FL,130402,9.4
Penuelas,PR,10015,48.6
Peoa,UT,20741,3.2
Pequot Lakes,MN,29263,5.7
Peralta,NM,28088,12.4
Perkinston,MS,8260,9.0
Perry,AR,4184,6.8
Perry,FL,7155,9.0
Peru,KS,1510,5.1
Peterman,AL,3718,22.6
Petersburg,AK,1665,8.4
Petersburg,IL,6252,5.7
Petersburg,VA,12898,13.0
Petrolia,PA,91888,5.9
Pfafftown,NC,162790,9.5
Philadelphia,MS,12268,9.8
Philadelphia,PA,640661,13.9
Phillips,WI,6662,4.6
Phillipsburg,KS,2746,4.3
Phoenix,AZ,1821038,7.7
Pickens,MS,48562,5.4
Piedmont,MO,2404,11.1
Pierre Part,LA,9407,10.3
Pine,AZ,17961,12.8
Pine Brook,NJ,258862,6.3
Pine Grove,CA,12573,14.0
Pine Island,MN,10890,3.5
Pine Mountain,GA,28677,11.9
Pinetop,AZ,31955,19.8
Pineville,KY,8018,11.6
Pineville,WV,6451,10.1
Pippa Passes,KY,4755,14.6
Piqua,KS,1557,4.6
Pisek,ND,5457,3.3
Pismo Beach,CA,124997,6.6
Pitkin,LA,70325,16.1
Pitts,GA,4895,11.7
Pittsburg,KS,9378,5.8
Placerville,CA,79568,11.1
Plain City,OH,25357,4.2
Plainview,MN,11221,3.6
Plainville,KS,2626,4.1
Plano,IL,61270,6.0
Plattsburg,MO,9653,5.8
Plattsburgh,NY,35522,6.9
Pleasanton,TX,20521,5.8
Pleasantville,OH,69708,6.9
Pleasureville,KY,7099,6.6
Plum Branch,SC,2970,14.3
Plum City,WI,22567,3.6
Pocatello,ID,40390,16.6
Point Baker,AK,2819,13.9
Point Comfort,TX,9416,7.2
Polk,OH,24172,7.8
Polkton,NC,9875,17.6
Pollock,ID,6526,6.4
Polo,MO,3889,5.2
Pomeroy,WA,883,7.4
Pomona Park,FL,96436,6.7
Ponce,PR,41711,20.0
Pond Creek,OK,2098,3.6
Poplar Bluff,MO,17340,9.4
Poplar Grove,AR,6932,18.1
Poplarville,MS,18482,10.1
Poquoson,VA,5932,4.5
Port Charlotte,FL,56730,10.8
Port Huron,MI,69940,10.4
Port Murray,NJ,53302,9.0
Port Saint Joe,FL,77894,8.6
Portales,NM,8131,9.7
Porter,MN,18935,8.7
Portis,KS,1884,4.0
Portland,IN,9495,8.2
Portland,OR,394637,8.8
Portola,CA,7200,15.2
Portsmouth,VA,41039,11.6
Post,TX,2018,2.0
Postville,IA,8996,4.2
Poteau,OK,18311,9.4
Poulan,GA,8359,9.8
Powder River,WY,41415,5.1
Powder Springs,GA,70001,8.7
Powderly,TX,20953,7.4
Powellsville,NC,7158,13.5
Powers Lake,ND,1084,2.3
Powhattan,KS,4606,4.5
Prairie,MS,7524,16.2
Prairie Du Sac,WI,62017,11.3
Prescott,WA,1557,10.4
Presidio,TX,2610,9.6
Preston,GA,1139,5.8
Preston,MS,10571,22.4
Primghar,IA,7237,2.8
Prince George,VA,14315,10.6
Princeton,IL,16206,7.6
Princeton,MO,1657,4.6
Prosser,WA,101169,9.0
Providence,KY,5186,7.2
Prudenville,MI,7563,14.2
Prudhoe Bay,AK,5499,9.3
Puerto Real,PR,10747,25.1
Pukwana,SD,653,16.3
Pulaski,TN,11881,9.9
Punta Santiago,PR,15802,13.8
Puryear,TN,12592,9.7
Pyote,TX,4661,4.4
Quakertown,PA,170448,8.5
Quebradillas,PR,6284,16.1
Quenemo,KS,12701,6.9
Quincy,FL,16733,11.2
Quincy,KY,4643,8.4
Quitman,AR,9699,10.2
Racine,WI,91796,8.4
Radford,VA,6797,8.8
Rainbow,TX,3878,2.1
Raleigh,IL,9841,13.0
Ralls,TX,2478,10.0
Ralston,IA,10722,3.3
Ralston,WY,15305,3.8
Ranburne,AL,6065,8.3
Randolph,NE,8251,6.9
Randolph,UT,731,6.2
Rapid City,SD,66519,7.1
Raquette Lake,NY,1887,9.7
Ratliff City,OK,20820,6.1
Ravenden,AR,6714,5.4
Ravenna,KY,4360,8.3
Ray City,GA,3476,14.6
Rayville,LA,8038,9.6
Raywick,KY,7818,9.2
Red Boiling Springs,TN,9657,7.4
Red Bud,IL,13698,6.7
Red Cloud,NE,1689,4.7
Red Springs,NC,64574,25.2
Red Valley,AZ,18334,18.2
Redmond,OR,74599,9.4
Redvale,CO,4482,5.8
Redwood Falls,MN,7577,4.0
Reed Point,MT,1613,0.9
Reedy,WV,4892,8.9
Reelsville,IN,11766,7.8
Refugio,TX,3096,6.7
Regent,ND,1211,1.1
Register,GA,31144,9.1
Reinbeck,IA,6164,3.9
Reliance,TN,6397,10.9
Rembert,SC,41972,12.4
Remsen,IA,12978,3.4
Renick,MO,9519,8.9
Reno,NV,207304,9.1
Rensselaer,IN,15197,6.3
Resaca,GA,16079,11.1
Reserve,MT,1904,2.7
Rice,TX,20159,10.9
Riceboro,GA,5410,8.8
Richards,TX,9951,6.2
Richburg,SC,12296,13.8
Richey,MT,4694,2.0
Richfield,KS,2696,3.0
Richfield Springs,NY,28464,7.1
Richmond,VA,269424,16.7
Richton,MS,26436,7.4
Richview,IL,7194,5.5
Ridgeville,SC,14841,12.4
Ridgeway,NC,6958,10.7
Ridgway,CO,2261,6.7
Ridgway,PA,14947,5.2
Rifle,CO,3389,4.2
Rincon,GA,25352,6.0
Rincon,PR,12692,32.6
Ringgold,LA,3241,9.2
Ringling,MT,891,3.9
Ripon,CA,280460,13.7
Rising City,NE,4299,4.2
Rising Sun,MD,48849,7.5
Riverside,RI,24777,6.8
Rivervale,AR,9053,10.0
Riviera,TX,13466,11.7
Roanoke,IN,17909,7.4
Roanoke,VA,104195,18.2
Roaring Spring,PA,57253,6.4
Roaring Springs,TX,459,11.0
Robersonville,NC,9079,14.7
Roberts,MT,5126,3.9
Roberts,WI,45882,4.6
Robins,IA,114142,4.8
Robinson,IL,8369,6.8
Robstown,TX,162895,6.6
Rochelle,GA,2446,6.7
Rocheport,MO,4533,6.3
Rochester,NH,66369,6.5
Rochester,WA,119123,8.5
Rock Island,TN,2218,11.2
Rockford,IA,7998,3.5
Rockford,IL,24714,9.7
Rockford,MN,67669,5.2
Rockville,MD,540333,6.1
Rockwood,TN,20586,9.8
Rogers,AR,116539,11.5
Rogerson,ID,4304,11.7
Rolla,KS,1408,5.8
Rolling Fork,MS,305,11.6
Roma,TX,21006,13.8
Rome City,IN,21795,8.8
Romney,IN,86629,6.5
Roopville,GA,47372,12.1
Roper,NC,4410,15.5
Roscommon,MI,5197,12.0
Roseau,MN,8447,2.7
Roseboro,NC,13040,12.1
Roseglen,ND,4541,1.6
Roseville,OH,5678,9.3
Rossburg,OH,23751,7.6
Rosston,AR,3265,9.5
Rossville,IN,9224,8.2
Rotan,TX,1767,7.2
Rowlett,TX,41300,5.9
Roxie,MS,3102,8.9
Rufus,OR,746,7.9
Rugby,ND,5034,4.0
Rumely,MI,3166,10.8
Runnemede,NJ,241708,10.2
Rupert,GA,2869,20.6
Russell,IA,4122,5.8
Russell,KS,3463,6.9
Russell Springs,KY,5926,9.0
Russellville,AR,27407,7.6
Russellville,IN,15518,7.3
Russellville,KY,10471,7.7
Russellville,OH,18693,9.9
Russellville,TN,25095,10.1
Ruston,LA,26077,18.8
Ruth,MS,14477,9.5
Rutherfordton,NC,8270,8.8
Ruthville,VA,3323,8.2
Rutledge,MO,2193,4.0
Rutledge,TN,8940,9.5
Sabana Grande,PR,5339,24.3
Sacramento,KY,3938,8.4
Sacred Heart,MN,7573,5.0
Sadieville,KY,32408,15.0
Safford,AL,2865,11.2
Safford,AZ,11954,14.1
Saginaw,MI,81106,11.1
Saint Ansgar,IA,5319,3.2
Saint Bonifacius,MN,650324,6.0
Saint Clair,MO,48336,7.2
Saint Clair Shores,MI,401146,9.0
Saint Hilaire,MN,7636,3.0
Saint John,ND,4907,4.8
Saint Louis,MO,639414,19.8
Saint Marks,FL,12899,9.3
Saint Mary,MO,9292,4.2
Saint Marys,GA,20674,8.5
Saint Marys,KS,10795,3.7
Saint Onge,SD,13004,3.8
Saint Paris,OH,18230,9.1
Saint Paul,MN,266709,7.1
Saint Petersburg,FL,423351,8.4
Saint Simons Island,GA,36375,9.3
Saint Vincent,MN,2182,2.8
Salem,MO,9243,18.4
Salem,OR,137706,10.7
Salem,VA,16257,4.6
Salemburg,NC,26833,10.4
Salina,OK,15991,9.2
Salinas,CA,177333,8.4
Salinas,PR,6895,12.2
Salisbury,NC,56519,11.5
Salt Lake City,UT,536170,5.8
Saltillo,TN,9438,13.9
Saluda,VA,17612,4.7
Salvisa,KY,10646,6.9
Salyersville,KY,3663,12.2
San Acacia,NM,5706,7.3
San Angelo,TX,805,4.4
San Augustine,TX,2237,16.3
San Bernardino,CA,829145,12.6
San Francisco,CA,478373,6.8
San German,PR,29851,29.7
San Juan,PR,141069,46.6
San Juan,TX,298030,9.9
San Lorenzo,PR,11327,15.8
San Rafael,CA,129027,5.7
San Sebastian,PR,8785,29.4
San Ygnacio,TX,5184,12.2
Sand Lake,MI,24588,11.2
Sanders,MT,379,0.8
Sanderson,FL,10174,8.9
Sandy Hook,MS,14654,21.5
Sandy Ridge,NC,19972,9.3
Sanford,NC,71793,21.6
Santa Barbara,CA,203616,8.0
Santa Fe,NM,70423,7.9
Santa Rosa,CA,240247,8.1
Santa Teresa,NM,88919,11.5
Sarahsville,OH,4641,7.0
Sarasota,FL,155023,8.2
Sardis,OH,5571,7.4
Satanta,KS,3618,7.3
Saucier,MS,6920,9.7
Sauk Rapids,MN,20104,6.7
Saulsbury,TN,8256,18.7
Savage,MT,5904,2.5
Savannah,GA,124627,9.7
Savonburg,KS,5863,7.0
Sawyer,OK,5308,8.9
Saxe,VA,5266,4.9
Scandia,KS,2455,3.8
Schellsburg,PA,22499,7.3
Schlater,MS,9422,16.3
Scobey,MT,916,2.6
Scottown,OH,11344,7.5
Scotts Hill,TN,11115,9.4
Scottsville,KY,8576,9.2
Scottsville,NY,361948,7.7
Scottsville,VA,6406,11.2
Seal Beach,CA,1508753,7.6
Seattle,WA,1079601,6.3
Sebasco Estates,ME,17689,5.7
Secor,IL,18798,5.9
Sedalia,KY,15840,7.2
Sedalia,MO,18740,6.4
Sedgwick,CO,1028,6.4
Selby,SD,2595,5.8
Selfridge,ND,1291,20.3
Selinsgrove,PA,19403,5.0
Selmer,TN,8901,14.9
Seminary,MS,6628,13.7
Seneca,SC,28796,10.4
Seney,MI,2803,15.6
Senoia,GA,62298,7.0
Sentinel,OK,5057,3.5
Sextons Creek,KY,5459,15.9
Seymour,TX,1486,1.4
Shady Dale,GA,5520,12.7
Shalimar,FL,84899,6.9
Shallowater,TX,10729,6.4
Shambaugh,IA,7075,5.1
Sharon,OK,9345,5.1
Sharon Grove,KY,4648,8.5
Shattuck,OK,1824,5.0
Shawnee,OK,29366,6.8
Shawsville,VA,7494,5.7
Sheboygan,WI,59133,5.8
Shellsburg,IA,13080,4.7
Shelton,CT,463610,9.0
Sheridan Lake,CO,723,2.0
Shermans Dale,PA,22893,6.3
Sherwood,MI,18328,7.0
Shields,ND,16411,3.2
Shippenville,PA,17055,8.1
Shipshewana,IN,15663,5.5
Shirley,AR,4332,7.0
Shoshone,ID,2712,11.8
Shuqualak,MS,3841,19.0
Sibley,IA,3282,3.3
Sidney,AR,5764,8.8
Sidney,KY,20861,10.7
Sikeston,MO,17280,6.8
Silver City,IA,7089,3.8
Silver City,MS,8382,19.8
Silver City,NM,10585,9.7
Silver Creek,NE,4177,5.2
Silverton,TX,757,4.7
Simpson,IL,1469,10.0
Singer,LA,14287,5.7
Sioux Falls,SD,98459,4.4
Sitka,AK,4756,3.8
Skagway,AK,676,7.8
Skamokawa,WA,1248,10.6
Skidmore,MO,4929,9.5
Slaterville Springs,NY,49291,5.9
Sledge,MS,4191,12.4
Slinger,WI,72365,4.5
Smartville,CA,25499,14.8
Smelterville,ID,4992,11.8
Smithburg,WV,2831,6.5
Smithfield,NC,80656,8.9
Smithville,GA,11392,14.4
Smithville,TN,7409,7.6
Sneedville,TN,2240,12.1
Snelling,CA,96170,16.2
Snook,TX,7352,7.5
Snyder,TX,7371,3.3
Social Circle,GA,7624,6.9
Soddy Daisy,TN,4739,9.6
Soldier,KS,5302,1.7
Solon Springs,WI,21340,7.0
Somerset,OH,14630,9.5
Somerville,OH,176782,7.2
Sondheimer,LA,1882,19.2
Sonora,TX,1771,4.3
Sorento,IL,7563,6.4
Sour Lake,TX,23933,5.5
South Beloit,IL,131172,11.5
South Bend,IN,123170,8.5
South Fork,CO,309,1.6
South Plains,TX,2600,8.0
South Portsmouth,KY,13500,10.1
South Sioux City,NE,10025,7.4
Southport,ME,16480,4.2
Sparks,NV,1777,10.3
Sparta,GA,18546,23.0
Spearville,KS,16237,6.4
Speedwell,TN,13897,9.9
Speedwell,VA,12631,9.6
Spencer,ID,442,3.9
Spirit Lake,IA,8899,3.8
Spiritwood,ND,11144,2.5
Spotsylvania,VA,62469,6.2
Spring Hill,KS,16030,5.6
Spring Lake,MI,135496,6.1
Springdale,AR,102944,6.2
Springfield,CO,1702,4.5
Springfield,ID,19121,7.1
Springfield,IL,96155,7.9
Springfield,OH,59111,10.0
Springfield,OR,158490,9.9
Springport,IN,19488,10.6
Spruce Pine,NC,17404,11.1
Squaw Lake,MN,19970,7.1
Stafford,KS,2108,2.6
Stanardsville,VA,8932,7.4
Stanberry,MO,2989,6.3
Stanchfield,MN,19504,7.3
Stanley,VA,10379,9.3
Stanton,TN,7194,10.5
Staples,MN,5859,5.2
Stapleton,GA,3342,23.5
Stapleton,NE,449,0.9
Star,TX,1887,3.6
Starbuck,MN,5406,4.1
Starkville,MS,19381,13.3
Staten Island,NY,209113,6.9
Statenville,GA,1675,10.1
Statesville,NC,18364,7.2
Statham,GA,32137,10.1
Steamboat Rock,IA,8293,4.9
Steamboat Springs,CO,14060,4.0
Steens,MS,24232,12.6
Stephan,SD,762,1.8
Stephens,AR,10491,10.1
Sterling,IL,26336,8.1
Sterling,VA,186474,4.0
Sterling City,TX,583,0.3
Stet,MO,4010,8.9
Stevenson,AL,20883,10.1
Stewart,OH,26794,10.9
Stilwell,KS,302532,4.5
Stilwell,OK,8336,7.9
Stinnett,TX,9347,5.3
Stockport,IA,7751,6.4
Stockton,MD,22979,9.9
Stockton,MO,5029,10.5
Stone Harbor,NJ,42881,10.0
Stone Lake,WI,6957,9.8
Stoneville,NC,38380,10.5
Stony Point,NC,16182,9.0
Stony Point,NY,146049,7.9
Stowell,TX,15166,7.8
Strafford,MO,14583,6.3
Strandburg,SD,2317,3.1
Strasburg,CO,311498,7.2
Stratford,CA,50960,13.0
Stratford,TX,1497,3.7
Stratford,WI,69834,5.7
Strawn,TX,11291,8.3
Streetman,TX,7868,4.9
Stringtown,OK,4695,8.7
Stuart,FL,61157,9.7
Suamico,WI,130354,6.1
Sudlersville,MD,25305,5.3
Suffolk,VA,39589,8.0
Sugar City,CO,1457,27.0
Sugar City,ID,16153,10.2
Sula,MT,17159,8.2
Sulligent,AL,5391,10.2
Sullivan,IL,6963,4.9
Sullivan,KY,6085,7.8
Sulphur,LA,86840,8.3
Sulphur Springs,TX,15235,7.1
Summerfield,KS,4933,3.0
Summersville,MO,9142,8.1
Summertown,TN,16607,10.8
Summit,MS,17744,20.2
Summit,SD,4416,7.6
Sumner,MO,3323,3.8
Sunburg,MN,4865,3.9
Sunbury,NC,4865,12.2
Sunbury,PA,41033,7.2
Sundance,WY,3343,5.2
Sunnyside,WA,82427,6.9
Sunset,LA,31154,6.1
Suquamish,WA,107745,8.0
Surry,VA,3209,10.7
Sutton,AK,40854,9.8
Swanquarter,NC,2326,12.7
Swansea,SC,6455,8.6
Sweet,ID,5789,14.2
Sweetwater,TN,16178,12.5
Sycamore,GA,3158,6.8
Sylacauga,AL,3852,17.0
Sylva,NC,24728,7.3
Symsonia,KY,13051,7.7
Syracuse,KS,1322,2.3
Syracuse,UT,147875,4.2
Tacoma,WA,365152,9.2
Tahoka,TX,2409,10.9
Talala,OK,23028,5.3
Tallahassee,FL,140338,10.6
Talmage,NE,8225,4.6
Tannersville,VA,16752,8.0
Taos Ski Valley,NM,14356,10.7
Tappahannock,VA,5211,8.5
Tarpley,TX,9010,4.8
Taylor,AR,2527,12.5
Taylor,MO,12851,7.2
Taylor,MS,22584,8.4
Taylorsville,KY,21103,5.7
Taylorsville,NC,33837,12.2
Tea,SD,27623,1.9
Teigen,MT,254,6.6
Tekonsha,MI,56687,10.0
Tell,TX,2600,5.2
Terra Bella,CA,170780,12.0
Terre Haute,IN,47334,8.9
Terrebonne,OR,8167,14.4
Terry,MT,543,8.1
The Dalles,OR,10907,9.0
Thedford,NE,385,0.0
Theodosia,AR,3112,12.6
Thornton,WV,6784,9.5
Three Rivers,TX,4140,4.3
Three Springs,PA,18580,8.1
Tignall,GA,3121,9.3
Tilden,NE,3288,1.6
Tilden,TX,324,14.1
Tiline,KY,3840,6.7
Tillar,AR,4355,17.7
Timewell,IL,2772,5.4
Timmonsville,SC,25949,15.9
Tioga,ND,4607,4.7
Tippecanoe,IN,9122,6.0
Tiptonville,KY,1840,10.1
Tobias,NE,3734,4.0
Tokio,TX,4767,6.5
Toledo,IL,4932,7.4
Toledo,OH,193466,11.1
Toluca,IL,5651,6.5
Topeka,KS,84199,6.8
Topton,NC,13351,7.3
Torrey,UT,1254,2.1
Tow,TX,7348,5.8
Townsend,MT,2759,4.5
Trade,TN,6048,9.0
Trail City,SD,1900,24.6
Treloar,MO,14863,8.9
Trenton,MO,4272,4.5
Trenton,NJ,177609,9.4
Tribune,KS,592,2.1
Trimble,TN,16095,6.6
Trinchera,CO,5903,9.2
Trion,GA,37140,18.4
Tripp,SD,3894,5.1
Trout,LA,5354,6.3
Trout Creek,MT,4091,9.3
Troy,NY,155200,6.4
Troy,VA,48206,3.8
Truckee,CA,204089,18.1
Trujillo Alto,PR,28059,7.9
Truman,MN,5676,2.9
Trumbull,NE,15783,5.5
Tuckasegee,NC,17567,6.2
Tullahoma,TN,17027,9.5
Tumacacori,AZ,17246,11.3
Tunkhannock,PA,13003,7.6
Tununak,AK,6232,17.6
Turkey,TX,1214,11.5
Tuscumbia,MO,10832,8.1
Tuthill,SD,1168,14.7
Tuttle,OK,24086,4.3
Tutwiler,MS,3806,19.0
Twin Lake,MI,69673,11.9
Twin Lakes,CO,4126,5.7
Two Dot,MT,917,3.4
Two Harbors,MN,4870,4.8
Tylerton,MD,8103,8.2
Tyndall,SD,2806,0.9
Tyner,NC,4852,12.7
Tyro,VA,6694,5.7
Tyrone,GA,49795,7.6
Ullin,IL,1935,16.2
Ulysses,KS,1930,1.8
Umpire,AR,5596,8.5
Unalaska,AK,3787,2.1
Underwood,IN,9803,11.0
Union,MS,8537,10.5
Union,SC,11086,12.3
Union Point,GA,5952,6.8
Union Star,KY,11311,11.5
Uniontown,AR,25099,7.9
Unionville,IN,69887,6.9
Unionville,MI,23074,9.3
University Park,IA,10859,8.0
Upland,IN,29151,8.8
Upland,NE,1575,3.5
Urbana,IL,101720,6.5
Utica,SD,11348,3.6
Utuado,PR,6819,28.8
Valdosta,GA,51298,30.0
Vale,OR,10595,11.2
Vale,SD,5015,3.0
Vallejo,CA,68587,7.5
Valley Center,KS,239060,6.9
Valley Grove,WV,20291,5.5
Valley Lee,MD,53945,4.8
Valley Springs,AR,15368,8.4
Valley Springs,CA,16248,12.1
Valley Stream,NY,666184,6.4
Vallonia,IN,19885,7.3
Van,TX,95841,7.2
Van Buren,OH,37580,6.9
Van Horn,TX,1020,6.5
Vanderbilt,MI,10733,8.2
Vanderbilt,TX,6251,5.2
Vanleer,TN,2997,8.1
Vanzant,MO,4897,9.0
Varnell,GA,45345,10.3
Varnville,SC,7787,11.0
Vaughn,NM,1301,1.2
Vega Alta,PR,48160,55.599999999999994
Venango,NE,1499,1.7
Ventura,IA,22601,4.4
Venus,PA,23527,8.1
Vernal,UT,15359,5.1
Vernon,NJ,75669,8.2
Vero Beach,FL,53211,12.2
Verona,VA,11297,5.6
Versailles,KY,12748,4.8
Vevay,IN,4314,9.6
Vian,OK,15545,9.8
Vicksburg,MI,122809,9.1
Vicksburg,MS,19554,8.0
Victoria,KS,16045,4.5
Victoria,TX,41513,6.5
Victory Mills,NY,113884,6.0
Vidalia,GA,2692,5.4
Vienna,ME,57787,7.7
Vienna,SD,2874,2.5
Vieques,PR,2860,12.2
Villalba,PR,6795,25.9
Villard,MN,18975,4.5
Ville Platte,LA,10978,10.4
Villisca,IA,1994,3.2
Vincent,KY,1211,8.8
Virginia Beach,VA,214968,6.1
Volborg,MT,6196,3.8
Wa Keeney,KS,1684,1.0
Wabeno,WI,3559,10.1
Waco,NE,7274,2.0
Waddy,KY,22601,8.7
Wakefield,KS,12884,9.2
Walden,CO,764,1.5
Walkerton,IN,46864,9.8
Wall,TX,51528,4.7
Walla Walla,OR,26112,6.4
Wallace,KS,755,5.4
Wallace,NC,24654,11.3
Walland,TN,56262,7.8
Walnut,IL,15539,7.5
Walnut,KS,18643,5.6
Walnut,MS,23212,21.2
Walsenburg,CO,2211,15.0
Walstonburg,NC,8070,11.9
Walton,KS,16472,4.4
Wanchese,NC,18579,6.4
Wann,OK,4248,8.4
Ward Cove,AK,6655,7.9
Warfield,KY,2445,20.6
Warner Robins,GA,12176,9.5
Warren,ME,19270,5.7
Warren,TX,7230,11.5
Warren,VT,31774,4.8
Warsaw,KY,3821,6.0
Wartrace,TN,3045,6.5
Warwick,GA,8633,15.5
Washburn,TN,6792,9.5
Washington,KS,2950,3.1
Washington,KY,7127,6.2
Washington Court House,OH,12385,8.6
Washougal,WA,4742,8.3
Wataga,IL,21475,7.4
Waterloo,AL,39734,7.1
Waterloo,IA,67141,6.6
Waterloo,OH,24489,8.0
Waterproof,LA,1636,15.6
Wathena,KS,3790,5.8
Watkins Glen,NY,8125,6.4
Watrous,NM,1166,5.4
Watseka,IL,13533,7.5
Waubun,MN,2222,9.2
Wauchula,FL,9517,11.0
Waucoma,IA,10050,5.1
Waupaca,WI,36371,7.2
Waurika,OK,2497,6.5
Wautoma,WI,6809,7.6
Waverly,IA,12843,3.9
Waverly,MO,15021,6.9
Waxahachie,TX,74703,6.5
Waycross,GA,7262,8.9
Wayland,MO,3210,4.5
Wayne,OK,10668,4.4
Waynesboro,VA,9655,4.9
Waynesburg,KY,9202,10.5
Waynesville,IL,8066,7.7
Waynetown,IN,7533,8.6
Weatherford,TX,56235,6.1
Weaubleau,MO,3020,12.6
Webb,IA,8504,3.8
Webb City,MO,55374,6.0
Webbville,KY,2088,6.2
Webster,IA,4921,5.1
Weinert,TX,2227,6.9
Weirton,WV,10360,6.4
Welch,TX,4844,9.5
Welcome,MN,10273,3.5
Welda,KS,3593,5.9
Wellington,TX,1345,5.2
Wellman,IA,11358,4.2
Wellston,OH,5060,12.0
Wellsville,MO,5126,9.4
Wellton,AZ,71622,13.1
Wenden,AZ,6386,11.2
West Branch,MI,7661,12.4
West Fargo,ND,94675,3.2
West Harrison,IN,24159,8.1
West Liberty,IA,21210,4.6
West Liberty,KY,3744,9.6
West Liberty,OH,20773,7.6
West Monroe,LA,64578,8.0
West Palm Beach,FL,617902,9.5
West Pawlet,VT,30125,6.6
West Point,IA,16414,8.7
West Salem,IL,2968,8.3
West Salem,OH,54503,4.8
Westcliffe,CO,1390,14.0
Westerville,OH,94424,3.2
Westfield,WI,7457,10.1
Westhope,ND,3369,2.6
Weston,OR,32450,9.4
Westpoint,TN,5703,12.2
Westport,IN,12601,6.3
Westport,SD,1017,6.7
Wewahitchka,FL,5604,10.2
Wheatland,WY,4133,2.4
Wheelersburg,OH,27592,9.6
White City,OR,87699,10.8
White House,TN,82224,6.0
White Lake,MI,606484,7.5
White Mountain,AK,3654,16.5
White Pigeon,MI,22556,9.7
White Sulphur Springs,WV,14116,7.2
Whitehall,MT,9175,11.399999999999999
Whites City,NM,25620,5.8
Whitewater,MT,1767,6.3
Whiting,VT,19530,5.8
Whitman,NE,3271,2.6
Whitney,TX,14271,8.9
Whitwell,TN,17571,15.7
Wibaux,MT,457,3.0
Wichita,KS,31277,5.6
Wichita Falls,TX,55053,6.1
Wilderville,OR,28510,12.3
Wildorado,TX,8501,5.4
Wildrose,ND,1252,0.7
Wildwood,FL,22298,9.0
Willard,NY,15385,5.5
Williams,AZ,64844,8.8
Williams,MN,1975,4.8
Williamsburg,KY,16783,29.2
Williamsburg,MO,19844,5.1
Williamsburg,NM,3971,6.8
Williamsburg,VA,37638,13.6
Williamson,GA,23471,12.4
Williamsville,VT,22336,6.8
Williston,FL,115459,12.0
Willmar,MN,21757,4.8
Willow,OK,2344,4.4
Wilmar,AR,3666,14.2
Wilmington,NC,103718,8.9
Wilmington,NY,17769,7.9
Wilmore,KS,995,5.4
Wilmot,SD,3953,4.1
Wilsey,KS,2819,3.2
Wilson,LA,7165,6.5
Wilton,AR,4805,8.8
Wimberley,TX,87233,6.7
Winamac,IN,5831,7.0
Winchester,KY,15950,7.9
Winchester,OH,10135,13.4
Winchester,VA,53721,11.9
Winder,GA,16227,5.0
Windfall,IN,7195,6.2
Winnebago,NE,2483,14.4
Winnemucca,NV,2101,9.5
Winnsboro,TX,20177,15.5
Winona,KS,1399,3.9
Winslow,IL,21853,9.9
Winter Park,FL,814133,18.5
Winters,TX,4292,3.4
Winterville,GA,11393,8.7
Wister,OK,4068,7.8
Witten,SD,2863,2.1
Wolf Point,MT,920,0.8
Woodburn,IA,4504,5.0
Woodbury,TN,16304,8.0
Woodland,CA,92806,9.0
Woodland,GA,2513,10.6
Woodland,MI,51451,7.8
Woodville,VA,3570,2.9
Woodward,IA,13403,4.7
Worland,WY,6184,10.1
Worthington,IA,9442,3.6
Wray,CO,4878,2.5
Wray,GA,6019,9.7
Wynne,AR,2472,12.4
Wyoming,MN,27553,5.5
Yabucoa,PR,8083,24.3
Yakutat,AK,375,7.9
Yale,SD,9189,2.9
Yancey,TX,19610,6.6
Yazoo City,MS,2678,26.8
Yeso,NM,619,5.2
Yoakum,TX,16856,10.8
York,PA,217393,7.3
Yorkshire,OH,23649,6.7
Young America,IN,17342,8.7
Young Harris,GA,7291,13.0
Youngstown,OH,103169,9.5
Youngsville,LA,116522,6.3
Ypsilanti,MI,176383,7.4
Yuma,CO,2196,5.1
Zachary,LA,215513,7.6
Zalma,MO,5064,4.0
Zebulon,NC,40735,11.9
Zeigler,IL,15510,10.0
Zenda,KS,3509,5.7
Zwingle,IA,9687,4.4
