City,State,Poverty,ChildPoverty
Aberdeen,WA,18.1,24.8
Abilene,TX,17.4,21.6
Abingdon,MD,8.0,11.7
Abingdon,VA,12.8,17.1
Adams Run,SC,13.1,18.4
Addison,ME,19.1,24.7
Addison,PA,12.7,19.6
Adena,OH,14.6,21.5
Adger,AL,22.5,32.2
Adjuntas,PR,61.7,72.2
Adrian,MI,14.3,21.3
Adrian,TX,13.1,17.6
Afton,TX,20.1,24.8
Afton,WY,7.9,9.7
Aguada,PR,103.30000000000001,125.8
Aguadilla,PR,55.9,62.1
Aguas Buenas,PR,53.6,66.7
Aguirre,PR,56.2,65.0
Aiken,SC,26.9,41.9
Akron,AL,26.8,38.9
Akron,IN,15.2,22.2
Akutan,AK,16.8,23.2
Alamo,TN,19.9,25.8
Alamogordo,NM,23.1,34.1
Alamosa,CO,19.2,29.6
Albany,GA,65.89999999999999,99.3
Albany,KY,24.3,29.4
Albany,MN,13.5,13.4
Albany,OH,22.8,31.0
Albany,OR,22.3,15.1
Albion,NE,10.1,11.7
Albrightsville,PA,10.9,19.6
Albuquerque,NM,19.4,27.2
Alexander,IA,13.3,21.6
Alexander City,AL,13.6,20.5
Alexandria,KY,14.6,20.5
Alexandria,NE,12.0,18.0
Alice,TX,23.9,36.2
Aliceville,AL,42.7,57.1
Alix,AR,22.0,28.3
Alleghany,CA,14.6,22.7
Allen,TX,7.6,9.5
Allendale,IL,13.5,19.8
Allenhurst,GA,17.9,23.0
Alleyton,TX,15.1,19.1
Alliance,NE,16.5,29.5
Allison,TX,15.7,24.6
Allouez,MI,15.3,26.3
Alma,GA,40.2,55.3
Alma Center,WI,14.6,25.3
Almena,WI,12.6,17.4
Almyra,AR,20.1,30.4
Alpena,AR,18.3,27.2
Alpena,MI,13.7,21.0
Alpena,SD,8.9,8.0
Alpharetta,GA,17.6,25.2
Alpine,CA,14.5,18.4
Alpine,TN,21.5,29.9
Alston,GA,25.3,35.9
Altamont,NY,12.6,20.8
Alto,GA,17.8,26.2
Alto,NM,16.5,20.2
Altonah,UT,10.4,13.2
Altoona,FL,13.9,21.1
Altus,OK,17.0,21.2
Alva,OK,28.700000000000003,41.599999999999994
Alvo,NE,6.2,7.5
Amado,AZ,19.3,27.5
Amargosa Valley,NV,18.2,34.7
Amarillo,TX,32.5,43.599999999999994
Amasa,MI,15.6,24.8
Amboy,WA,11.2,14.4
Amelia,NE,11.8,12.6
Amistad,NM,13.4,15.7
Amity,AR,20.2,30.3
Anaconda,MT,32.2,65.6
Anamosa,IA,10.2,14.5
Anawalt,WV,35.5,50.3
Anchorage,AK,8.2,12.4
Andalusia,AL,44.4,63.0
Anderson,SC,16.4,23.6
Andersonville,GA,29.6,33.6
Andrews,NC,20.0,26.8
Andrews,TX,12.3,17.0
Angela,MT,20.6,28.4
Angola,LA,16.0,31.3
Angoon,AK,11.9,29.2
Angora,NE,11.7,14.5
Animas,NM,23.3,38.3
Annabella,UT,14.5,15.6
Annapolis,MO,18.4,24.0
Anniston,AL,20.5,31.6
Antigo,WI,16.0,21.3
Apache,OK,21.2,27.4
Appleton City,MO,23.3,35.9
Arab,AL,20.2,32.9
Aragon,NM,17.2,18.1
Aransas Pass,TX,19.0,36.4
Arapahoe,NC,13.6,24.5
Arapahoe,NE,17.2,31.2
Arcadia,FL,30.6,42.4
Arcadia,LA,27.7,47.3
Arcadia,NE,12.9,15.4
Arcanum,OH,26.1,38.5
Arco,ID,17.6,25.9
Arcola,IL,10.3,14.8
Ardenvoir,WA,14.3,19.9
Ardmore,OK,19.3,27.2
Arena,WI,10.4,11.8
Arkadelphia,AR,23.7,32.6
Arlington,KY,19.8,38.2
Arlington,NE,9.5,15.5
Arlington,OR,10.0,1.4
Arlington,TX,15.0,21.5
Arlington,VA,17.3,24.200000000000003
Armagh,PA,17.3,20.5
Armour,SD,8.6,11.2
Armstrong,TX,26.7,39.3
Arnett,WV,17.8,25.4
Arnold,CA,17.5,8.5
Arnold,KS,11.7,23.7
Arnold,NE,11.3,12.5
Arpin,WI,11.0,15.8
Arroyo,PR,52.7,57.0
Artemus,KY,32.6,48.8
Ash,NC,16.3,29.1
Ash Grove,MO,37.8,53.8
Ashburn,GA,54.599999999999994,85.2
Ashburnham,MA,11.8,15.7
Ashford,WV,23.3,35.2
Ashland,AL,16.7,22.5
Ashland,IL,12.9,21.8
Ashland,KY,20.4,30.2
Ashland,MA,8.3,9.2
Ashley,ND,8.2,8.3
Aspen,CO,9.9,11.6
Assaria,KS,16.1,25.8
Astoria,NY,15.1,20.5
Atchison,KS,19.2,26.3
Athens,AL,14.3,18.5
Athens,GA,36.6,39.4
Athens,TN,19.9,28.3
Atkins,AR,22.6,35.1
Atlanta,MI,16.9,22.6
Atlantic,VA,19.6,30.7
Atlantic City,NJ,15.2,23.2
Attleboro,MA,12.7,17.4
Atwood,TN,20.8,25.7
Au Gres,MI,19.9,30.6
Auburn,AL,50.5,76.3
Auburn,KY,20.1,30.8
Auburn,WV,20.7,29.0
Auburntown,TN,18.4,26.5
Audubon,MN,12.8,17.0
Augusta,GA,34.4,51.4
Augusta,KY,18.5,26.6
Augusta,MO,6.3,8.6
Aurora,CO,13.8,19.1
Aurora,MO,20.1,30.5
Austin,NV,11.5,20.6
Austin,PA,13.0,22.9
Austin,TX,16.4,22.6
Austinburg,OH,20.1,29.6
Austinville,VA,16.9,22.7
Autaugaville,AL,12.9,18.6
Avera,GA,30.8,49.9
Avinger,TX,19.8,30.8
Avoca,TX,18.3,26.5
Avondale,CO,19.8,27.6
Axtell,TX,44.7,71.5
Axton,VA,18.3,30.9
Azle,TX,11.7,18.3
Bainbridge,NY,15.9,23.6
Bajadero,PR,49.6,59.4
Baker,MT,6.6,7.0
Baker City,OR,15.2,25.0
Bakersfield,CA,23.5,33.0
Bakersfield,MO,23.2,31.4
Baldwin,IA,13.9,20.0
Baldwyn,MS,18.3,28.0
Balko,OK,9.0,11.7
Ball Ground,GA,10.8,14.4
Baltic,OH,12.7,17.9
Baltimore,MD,23.7,34.2
Bandana,KY,16.3,25.0
Banks,AL,26.1,30.3
Barceloneta,PR,54.0,62.1
Barksdale,TX,10.8,20.8
Barnesville,GA,23.7,36.5
Barnesville,MN,9.9,11.2
Barnhart,MO,10.9,14.8
Barnum,IA,15.2,21.4
Barranquitas,PR,117.80000000000001,139.9
Bartlett,TX,7.5,9.5
Barton,NY,9.6,11.7
Bartow,GA,25.9,36.7
Basehor,KS,11.4,16.4
Basile,LA,20.6,22.8
Bassett,AR,26.8,40.9
Batavia,NY,13.2,20.5
Bates,OR,15.9,18.1
Batesburg,SC,20.5,29.6
Batesville,IN,8.6,12.0
Bath,IL,15.1,20.9
Bath Springs,TN,21.6,32.1
Battle Creek,NE,15.0,21.5
Battle Ground,IN,9.6,12.1
Battle Mountain,NV,9.7,1.6
Bauxite,AR,9.1,11.2
Bay City,MI,15.0,21.5
Bay City,TX,21.7,35.2
Bay Port,MI,14.1,22.7
Bayamon,PR,35.6,49.5
Bayport,NY,7.0,8.7
Beach,ND,10.0,12.0
Beach Haven,NJ,11.3,20.0
Bealeton,VA,5.6,6.7
Bear Creek,NC,13.6,21.4
Beattyville,KY,43.0,59.0
Beaufort,SC,12.8,21.2
Beaumont,KY,21.9,31.5
Beaverton,MI,26.1,41.4
Beaverton,OR,11.8,15.6
Bechtelsville,PA,14.2,22.2
Becker,MN,7.9,9.6
Bedford,KY,17.4,22.3
Bee Branch,AR,21.4,34.0
Beeson,WV,21.9,34.2
Beeville,TX,21.2,35.6
Bejou,MN,12.9,21.8
Belden,MS,16.2,21.4
Belgium,WI,5.2,5.6
Bella Vista,CA,18.0,23.5
Bellaire,MI,14.5,24.7
Belle Plaine,MN,5.7,6.6
Belleview,MO,23.4,37.3
Belleville,IL,18.2,28.3
Bellevue,NE,6.4,9.2
Bellevue,TX,12.1,13.7
Bells,TX,16.2,22.9
Belmont,NY,16.9,25.1
Belpre,OH,16.4,21.5
Belvidere,NC,26.6,41.5
Bend,OR,19.4,28.2
Benicia,CA,13.4,19.0
Benkelman,NE,7.6,10.8
Bennett,IA,7.7,8.7
Bennington,IN,7.9,8.3
Bennington,VT,13.5,23.6
Benzonia,MI,11.6,15.0
Berea,KY,53.099999999999994,76.19999999999999
Berkeley Springs,WV,12.9,14.3
Berlin Heights,OH,12.4,19.0
Bern,ID,12.9,21.4
Bernalillo,NM,14.2,18.6
Berryton,KS,12.6,14.2
Berthoud,CO,12.9,16.5
Berwick,LA,22.4,30.6
Bessemer,MI,20.2,34.0
Bethlehem,GA,13.8,19.8
Bethlehem,PA,9.4,13.0
Bethune,CO,16.4,25.4
Beulah,MS,37.1,53.3
Beulah,ND,7.7,8.4
Biddeford,ME,9.8,11.5
Big Cabin,OK,21.3,31.3
Big Pine Key,FL,13.4,19.5
Big Rock,TN,19.5,28.9
Big Rock,VA,26.1,40.9
Big Sandy,MT,23.2,35.8
Big Sandy,TN,22.8,31.1
Big Spring,TX,3.4,0.0
Big Wells,TX,18.9,26.0
Bighill,KY,21.0,21.9
Biglerville,PA,8.9,14.1
Billings,MO,11.1,15.1
Billings,MT,11.5,14.4
Billingsley,AL,19.1,30.6
Binford,ND,8.0,9.2
Bingen,WA,15.2,25.4
Bird City,KS,8.1,12.5
Birdsnest,VA,23.0,39.3
Birmingham,AL,18.8,27.8
Bisbee,ND,14.0,25.6
Bishop,CA,16.3,19.9
Bismarck,AR,19.1,27.9
Bismarck,ND,8.2,10.2
Black River,NY,15.1,22.3
Black River Falls,WI,15.1,23.9
Blacksburg,SC,23.8,34.8
Blacksburg,VA,24.8,16.9
Blackstone,VA,24.1,27.3
Blackwell,TX,32.8,41.8
Blanchard,ID,15.3,19.3
Blanchardville,WI,10.8,16.2
Blanchester,OH,26.6,36.3
Blanco,OK,18.7,25.6
Blanco,TX,9.0,14.3
Bledsoe,TX,20.0,23.7
Bloomery,WV,20.7,31.4
Bloomfield,KY,17.6,20.5
Bloomingdale,MI,18.8,27.5
Bloomington Springs,TN,25.2,31.8
Blountsville,AL,16.7,27.2
Blue Mound,IL,14.6,21.9
Blue Mountain,MS,22.5,33.2
Blue Ridge,TX,17.2,22.5
Blue River,WI,15.4,17.3
Blue Springs,MO,17.9,27.2
Blue Springs,NE,9.7,11.7
Bluff City,KS,16.4,21.0
Bluff Dale,TX,11.7,17.7
Bluffton,AR,18.6,27.2
Bogart,GA,13.7,15.6
Bogata,TX,18.8,24.2
Boise,ID,14.5,19.5
Bomont,WV,28.2,30.0
Bond,CO,10.8,14.3
Bonesteel,SD,18.4,26.7
Bonita Springs,FL,14.1,24.7
Bonners Ferry,ID,15.3,18.2
Boone,NC,31.4,21.8
Boones Mill,VA,14.9,24.6
Boonville,NC,20.3,34.2
Boston,GA,23.6,28.5
Boston,KY,16.0,24.7
Boston,MA,20.7,28.7
Boswell,OK,18.3,23.1
Boulder,UT,18.0,21.4
Bouton,IA,6.5,6.6
Boutte,LA,11.8,15.0
Bovina,TX,17.2,27.6
Bowie,MD,9.6,13.1
Bowie,TX,32.2,50.5
Bowlegs,OK,21.7,28.8
Bowling Green,KY,18.8,25.0
Bowling Green,OH,14.3,12.1
Bowman,ND,7.4,5.1
Box Elder,MT,21.2,26.5
Boyertown,PA,6.6,7.5
Bozeman,MT,13.2,10.7
Bracey,VA,42.0,63.7
Brackenridge,PA,13.0,18.1
Brackettville,TX,17.8,27.1
Bradenton Beach,FL,15.2,25.5
Bradford,IL,11.9,18.5
Bradford,TN,18.7,27.7
Bradgate,IA,14.2,19.3
Bradleyville,MO,19.0,27.7
Brady,TX,18.8,27.0
Braidwood,IL,7.9,11.2
Branchville,IN,13.0,16.5
Brandon,FL,17.0,23.3
Brandy Station,VA,9.3,10.7
Brasstown,NC,21.1,33.2
Braxton,MS,10.0,11.3
Brazil,IN,16.0,20.7
Breaux Bridge,LA,17.9,28.9
Breckenridge,TX,35.2,56.0
Breda,IA,8.2,7.9
Breeding,KY,25.1,31.6
Bremen,IN,12.1,15.9
Bremo Bluff,VA,6.6,6.0
Bremond,TX,22.0,34.4
Brenham,TX,25.0,39.2
Brewerton,NY,15.4,22.5
Briceville,TN,17.9,30.1
Bridgeport,WV,16.3,23.8
Bridgeton,NJ,17.9,26.1
Bridgeville,CA,19.5,23.8
Bridgewater Corners,VT,11.0,14.0
Brierfield,AL,16.8,27.9
Brighton,TN,13.6,18.5
Brightwood,VA,12.4,16.1
Briscoe,TX,12.3,22.2
Bristol,CT,11.9,16.7
Bristol,VA,40.599999999999994,61.900000000000006
Bristol,WI,15.2,22.5
Bristow,IA,9.0,13.1
Bristow,OK,24.8,30.1
Broadus,MT,9.3,6.6
Broadview,MT,16.4,22.5
Broadview,NM,21.0,32.6
Brocket,ND,10.1,14.0
Broken Bow,OK,25.3,34.3
Bronston,KY,26.3,35.6
Bronx,NY,30.7,42.5
Brookesmith,TX,18.3,30.2
Brookings,SD,16.3,9.3
Brooklyn,CT,10.7,14.3
Brooklyn,NY,23.2,32.9
Brooks,KY,10.4,13.6
Brooksville,FL,15.9,25.8
Brookville,PA,14.6,23.1
Broomfield,CO,8.5,11.8
Browns Valley,MN,10.2,14.3
Brownsville,TX,33.8,47.5
Brownton,MN,8.1,11.8
Brunswick,NC,23.5,32.9
Brunswick,OH,7.4,10.2
Brusly,LA,19.4,29.1
Brutus,MI,18.2,30.1
Bryan,TX,27.9,24.3
Buchanan,GA,20.3,27.7
Buchanan,MI,17.7,26.5
Buchanan,NY,9.6,12.3
Buckatunna,MS,27.2,39.3
Buckhannon,WV,18.1,27.3
Buckholts,TX,17.4,26.4
Buena Vista,CO,8.7,12.3
Buena Vista,VA,28.4,39.5
Buffalo,MO,21.9,34.4
Buffalo,SD,13.4,10.5
Buffalo,WY,6.3,0.8
Buford,GA,18.4,27.6
Buhl,ID,19.4,29.2
Bullhead City,AZ,19.8,30.8
Bullock,NC,25.1,37.0
Buna,TX,17.0,24.2
Buncombe,IL,17.2,21.7
Burbank,SD,27.6,21.0
Burgaw,NC,18.5,24.9
Burley,ID,17.4,27.7
Burlington,VT,11.4,11.9
Burlington,WV,16.9,20.7
Burlington,WY,12.1,12.7
Burlington Junction,MO,28.6,28.9
Burns,TN,16.3,23.9
Burnsville,MS,16.4,27.0
Burton,WV,19.8,31.0
Burwell,NE,24.5,21.9
Bushnell,NE,13.6,15.1
Bussey,IA,9.9,12.1
Butte,MT,20.1,26.2
Butte,NE,11.0,8.4
Butternut,WI,11.3,11.6
Byhalia,MS,9.8,12.6
Byrdstown,TN,16.1,24.5
Byron,GA,39.099999999999994,57.900000000000006
Cabins,WV,15.4,19.8
Cadiz,KY,17.8,32.3
Caguas,PR,38.0,50.9
Cairo,IL,34.2,58.4
Cairo,NE,15.3,21.9
Caldwell,OH,19.9,33.7
Caledonia,NY,14.8,18.8
Calhoun,KY,15.6,22.9
Calhoun,MO,19.3,30.7
Calhoun City,MS,25.9,38.9
Caliente,NV,13.1,20.1
Call,TX,12.9,17.1
Calumet,MI,21.4,18.0
Calvin,WV,18.1,24.7
Camarillo,CA,11.1,16.1
Cambria,WI,12.2,20.3
Cambridge,KS,17.6,23.0
Cambridge,NE,5.7,9.3
Cambridge,NY,13.5,20.0
Camden,AR,24.1,38.7
Camden,IL,19.3,15.4
Camden,MO,15.9,25.8
Cameron,MO,15.0,26.5
Camilla,GA,28.7,40.5
Camp Douglas,WI,14.3,19.8
Camp Hill,PA,8.8,12.2
Campbellsburg,IN,15.2,22.7
Campbelltown,PA,11.3,17.3
Campton,KY,32.0,35.6
Campton,NH,11.6,15.5
Camuy,PR,48.6,63.8
Canandaigua,NY,10.4,13.5
Candor,NC,50.8,77.5
Cannelburg,IN,13.2,17.5
Cannon Beach,OR,15.8,22.3
Canovanas,PR,43.8,55.4
Canton,MO,12.8,16.8
Canton,OH,14.7,22.1
Canton,OK,16.1,22.8
Cantwell,AK,12.7,5.6
Cape Coral,FL,16.1,26.9
Carey,ID,10.4,20.4
Carlyle,IL,8.9,11.4
Carmel,NY,5.3,4.8
Carolina,PR,30.5,45.3
Carpenter,IA,12.0,12.8
Carpenter,SD,12.5,17.7
Carrabelle,FL,20.3,29.9
Carrington,ND,9.6,12.3
Carrollton,VA,11.7,19.7
Carson,MS,34.3,47.9
Carson,ND,14.9,15.6
Carson City,NV,16.8,25.5
Cartersville,GA,15.8,21.5
Cartersville,VA,20.5,38.0
Carthage,AR,15.5,20.9
Carthage,MS,26.0,36.7
Carthage,NC,15.2,25.9
Carthage,NY,12.1,17.2
Cartwright,ND,13.7,20.4
Cascade Locks,OR,14.3,23.5
Casco,WI,8.9,13.3
Cassatt,SC,16.8,23.5
Castalia,NC,15.8,19.9
Castell,TX,14.3,21.4
Castleford,ID,15.8,20.1
Cataldo,ID,13.0,16.5
Cataula,GA,9.3,12.0
Catoosa,OK,10.9,14.7
Cave City,AR,21.8,32.0
Cayce,SC,14.2,20.8
Cayey,PR,41.5,49.8
Cayuga,IN,12.9,14.4
Cecil,GA,25.1,30.4
Cedar Bluff,VA,20.7,26.4
Cedar Falls,NC,17.6,27.5
Cedar Valley,UT,13.2,12.0
Ceiba,PR,43.3,57.8
Centenary,SC,27.8,42.9
Center,NE,13.5,21.4
Center,TX,21.8,34.4
Center Harbor,NH,10.5,18.2
Centerview,MO,17.0,16.9
Centerville,KS,13.2,10.6
Centerville,PA,14.7,22.1
Centerville,TN,20.9,29.6
Central,SC,20.0,20.0
Central Bridge,NY,12.9,18.5
Central City,CO,7.4,3.5
Centralia,IL,18.6,31.0
Centreville,VA,6.0,7.6
Ceres,CA,20.3,28.2
Ceresco,NE,9.7,16.4
Chadwick,IL,12.6,19.9
Challis,ID,19.2,18.0
Chamberlain,SD,15.4,21.1
Chambers,NE,7.2,9.3
Chapel Hill,NC,15.8,13.9
Chapin,SC,17.1,22.4
Chapmansboro,TN,13.8,18.7
Chapmanville,WV,19.7,23.8
Chappell,NE,12.9,27.2
Charleston,SC,17.2,25.7
Charleston,TN,19.6,29.0
Charleston,WV,15.8,24.8
Charlo,MT,22.6,32.8
Charlottesville,VA,25.8,20.7
Chase,LA,30.7,47.7
Chateaugay,NY,20.3,29.9
Chatfield,MN,14.7,11.9
Cherokee,AL,39.9,64.9
Cherokee,NC,24.5,45.3
Cherokee,TX,15.2,23.8
Cherryvale,KS,18.6,30.7
Chesapeake,VA,9.7,14.6
Chester,IA,11.7,14.0
Chester,PA,10.6,14.6
Chester,TX,17.4,26.8
Chester Gap,VA,9.8,11.3
Chesterland,OH,7.5,11.9
Cheyenne,WY,10.1,13.8
Cheyenne Wells,CO,8.6,4.7
Chicopee,MA,17.5,27.2
Chicora,PA,13.0,20.0
Chiefland,FL,22.0,36.7
Chili,WI,16.2,24.2
Chillicothe,MO,16.6,23.0
Chillicothe,TX,14.8,17.4
Chilton,WI,7.0,10.7
Christiana,TN,12.4,14.8
Christmas Valley,OR,18.6,20.1
Church Hill,TN,19.1,29.0
Ciales,PR,59.5,69.7
Cibolo,TX,9.8,13.7
Cidra,PR,39.2,47.6
Cincinnati,OH,18.3,26.8
Cincinnatus,NY,14.7,15.3
Cisco,TX,18.2,19.9
Claremont,IL,15.1,21.2
Claremont,SD,15.1,16.3
Clarence,MO,18.4,30.7
Clarence,PA,19.3,12.8
Clarendon,TX,17.7,32.6
Clark,SD,15.9,24.3
Clarks Mills,PA,13.5,22.4
Clarksdale,MO,9.0,6.9
Clarkson,NE,11.6,13.9
Clarkston,WA,15.2,20.2
Clay City,IL,13.8,23.1
Clayton,GA,40.2,62.5
Clayton,IN,5.0,5.5
Clayton,NM,10.4,5.2
Clayton,OK,24.6,39.0
Cle Elum,WA,22.2,17.1
Clearbrook,MN,16.9,25.3
Cleveland,GA,18.8,21.1
Cleveland,NY,17.1,27.4
Cleveland,OH,18.7,27.8
Cleveland,TX,17.6,22.7
Clifford,VA,13.0,17.4
Clifton,KS,11.4,19.4
Clifton,TX,14.5,23.1
Clifton Forge,VA,17.0,24.7
Clinton,KY,15.0,21.0
Clio,AL,26.7,45.3
Cloquet,MN,13.7,15.7
Clover,SC,13.5,18.0
Cloverdale,OR,17.4,22.7
Cluster Springs,VA,19.2,25.5
Coahoma,TX,15.6,22.1
Coal City,IL,9.1,10.5
Coalgate,OK,20.7,30.5
Coamo,PR,49.4,60.4
Coats,KS,12.3,17.9
Coatsville,MO,21.2,33.7
Coeburn,VA,21.4,32.4
Coffeeville,MS,22.3,34.8
Colby,KS,9.7,4.7
Cold Brook,NY,14.6,22.2
Coldwater,MS,17.5,23.0
Colebrook,NH,14.1,21.7
Coleman,MI,34.0,51.9
Collierville,TN,13.9,21.8
Collins,GA,29.2,41.7
Collinston,LA,28.5,42.0
Collison,IL,18.8,29.1
Colonial Heights,VA,11.4,16.9
Colorado City,TX,11.5,10.8
Colt,AR,24.8,36.7
Columbia,CA,13.9,15.9
Columbia,TN,15.3,23.5
Columbia City,IN,8.0,11.4
Columbia Falls,MT,13.3,18.2
Columbiaville,MI,10.6,15.4
Columbus,GA,20.5,29.4
Columbus,IN,12.8,18.5
Columbus,NE,16.1,19.7
Columbus Grove,OH,5.8,6.4
Comanche,OK,15.3,21.0
Comer,GA,15.9,23.6
Comerio,PR,60.0,73.7
Comfort,TX,7.8,12.3
Comfrey,MN,16.8,23.2
Comins,MI,19.8,30.1
Commerce,GA,23.9,30.4
Commerce,OK,22.9,35.5
Commiskey,IN,15.9,22.5
Concord,NE,11.9,20.4
Concord,TX,13.9,20.7
Concrete,WA,16.0,23.3
Conehatta,MS,22.6,34.0
Conley,GA,25.1,37.8
Connellsville,PA,19.3,31.5
Conover,WI,14.4,20.8
Conrad,MT,20.9,27.2
Conroe,TX,12.0,17.0
Converse,IN,17.8,25.4
Conway,NC,28.1,51.4
Conway,SC,18.1,29.8
Conway Springs,KS,12.4,16.3
Cook Station,MO,21.0,26.3
Coon Valley,WI,16.0,25.1
Cooper,IA,12.6,18.1
Coquille,OR,18.3,25.2
Cora,WY,8.1,10.4
Corinth,KY,18.4,27.9
Corinth,ME,17.0,20.3
Cornersville,TN,16.2,25.3
Corning,CA,19.8,27.6
Cornish,NH,9.7,12.7
Corsica,SD,8.6,8.9
Cortez,CO,17.9,31.3
Corunna,IN,14.6,21.4
Corunna,MI,14.4,21.4
Corwith,IA,8.5,12.6
Cosby,TN,41.400000000000006,61.4
Coshocton,OH,16.1,24.2
Cost,TX,20.3,29.6
Cotopaxi,CO,17.4,29.4
Cotter,AR,15.9,25.7
Cotton Center,TX,23.0,34.7
Cottonwood Falls,KS,13.8,17.9
Cotulla,TX,15.6,29.0
Couch,MO,26.3,39.4
Coulee City,WA,14.8,23.9
Council,ID,12.9,16.0
Coupeville,WA,9.6,13.9
Courtland,MS,22.8,30.5
Cove City,NC,15.6,26.1
Covington,GA,16.5,24.2
Covington,LA,11.4,15.2
Covington,MI,15.6,24.9
Covington,PA,14.4,19.7
Covington,VA,37.3,53.7
Coxsackie,NY,12.9,17.5
Coy,AL,37.7,49.9
Crab Orchard,NE,11.8,15.2
Crab Orchard,TN,16.5,24.1
Craigsville,VA,21.4,36.3
Craigville,IN,16.3,27.3
Crane,IN,13.0,19.8
Crane,TX,13.1,16.3
Crawford,OK,14.5,20.9
Crawfordsville,IA,12.2,19.4
Crawfordville,GA,58.5,102.30000000000001
Crayne,KY,21.9,29.9
Crenshaw,MS,39.5,60.8
Creole,LA,9.7,9.7
Cresco,PA,12.5,16.1
Crestline,OH,16.4,25.7
Creston,IA,13.6,19.7
Creston,WV,13.7,20.3
Creswell,NC,21.8,31.2
Cromwell,KY,22.0,35.6
Crook,CO,16.9,26.2
Cropwell,AL,16.0,22.3
Crossville,AL,18.7,25.2
Crowell,TX,26.3,30.0
Crowley,TX,12.1,17.7
Crown Point,IN,17.9,29.4
Crystal Spring,PA,12.2,16.4
Crystal Springs,MS,27.2,41.1
Cub Run,KY,24.9,31.4
Cuba,IL,14.2,18.4
Culbertson,MT,27.8,34.3
Culbertson,NE,17.4,26.6
Culebra,PR,45.5,56.3
Cullman,AL,18.5,25.0
Cumberland,KY,31.2,42.0
Cumberland Center,ME,11.6,14.9
Cumberland Gap,TN,21.9,28.9
Currie,MN,9.2,12.5
Cushing,IA,11.7,14.8
Cushing,OK,15.7,20.6
Cushing,WI,10.3,14.5
Cusseta,AL,21.6,37.2
Cusseta,GA,11.5,10.3
Cut Bank,MT,33.2,40.0
Cutler,IL,17.2,27.3
Cuyahoga Falls,OH,14.8,21.7
Cynthiana,IN,11.1,16.9
Cypress,FL,22.1,34.9
Cypress,IL,14.6,17.8
Daggett,MI,16.2,30.4
Dahlonega,GA,14.2,16.2
Dailey,WV,17.0,21.5
Daisy,GA,27.7,42.3
Dakota City,IA,12.2,19.2
Daleville,AL,36.2,52.599999999999994
Daleville,MS,22.8,36.1
Dalhart,TX,23.4,34.8
Dalton,MA,13.0,19.7
Damon,TX,11.2,14.6
Dana,IL,13.2,20.2
Danville,GA,23.5,33.5
Danville,PA,16.1,18.1
Danville,VA,23.7,36.0
Darlington,IN,14.2,23.8
Datto,AR,21.8,31.5
Davidson,NC,14.0,21.1
Davis,WV,14.9,24.3
Dawson Springs,KY,37.3,59.1
Dawsonville,GA,30.4,52.9
Dayton,OH,32.2,47.8
Dayton,TN,24.5,37.3
De Borgia,MT,17.2,33.2
De Mossville,KY,15.3,23.0
De Queen,AR,22.1,33.4
De Smet,SD,10.1,12.0
De Soto,WI,12.8,16.8
Dearborn,MO,18.1,26.5
Deary,ID,21.6,17.1
Decatur,AL,16.1,24.3
Decatur,TN,20.8,27.5
Decorah,IA,19.0,24.200000000000003
Dedham,MA,6.6,6.7
Deer Island,OR,13.6,19.3
Deer Lodge,TN,22.7,33.5
Deer Park,AL,19.1,25.7
Deer Trail,CO,7.0,11.2
Deerfield,WI,12.9,13.9
Defuniak Springs,FL,17.1,29.1
Delcambre,LA,17.8,22.7
Delta,CO,19.0,29.9
Delta,OH,10.8,14.7
Deltona,FL,17.4,27.0
Deming,NM,29.6,39.0
Denhoff,ND,15.6,24.5
Denmark,SC,28.2,42.4
Dennis,MA,8.7,13.5
Denver,CO,17.3,26.1
Denver,MO,14.5,21.4
Denver City,TX,23.5,25.6
Depew,OK,15.5,22.1
Derry,NH,5.5,7.3
Detroit,MI,25.0,36.9
Devol,OK,17.3,23.1
Dewy Rose,GA,40.9,55.9
Dexter,IA,11.4,14.8
Dexter,KY,23.1,22.6
Dexter,MO,15.7,19.1
Diaz,AR,26.8,45.0
Dickinson,AL,24.7,29.8
Dickinson,ND,6.7,4.9
Dilley,TX,22.1,29.5
Dillon,CO,13.7,19.6
Dingmans Ferry,PA,9.9,14.6
Dinwiddie,VA,14.8,19.1
Disputanta,VA,20.5,28.7
Divide,CO,7.5,9.5
Dixfield,ME,17.5,25.1
Dixon Springs,TN,17.3,20.7
Dodge,NE,23.4,32.9
Dodson,LA,26.4,35.1
Dodson,MT,27.7,37.8
Dolliver,IA,13.6,17.8
Donaldsonville,LA,11.8,15.6
Donnelly,ID,15.0,14.9
Doon,IA,7.3,9.3
Dorado,PR,74.0,91.5
Doswell,VA,6.0,7.9
Dothan,AL,33.9,50.5
Douglas,GA,25.5,35.6
Douglass,TX,24.6,31.8
Douglasville,GA,16.4,22.0
Dove Creek,CO,21.5,29.8
Dover,DE,13.5,19.7
Dover,OK,7.2,9.5
Dow City,IA,19.8,30.9
Downsville,LA,28.1,50.7
Doyle,TN,19.6,25.2
Doylesburg,PA,11.7,18.4
Drakes Branch,VA,20.5,27.2
Drewsey,OR,17.8,27.5
Driscoll,ND,7.6,8.5
Drummond,WI,11.6,19.6
Dry Branch,GA,27.7,30.4
Dryden,TX,20.2,25.9
Du Bois,NE,19.4,35.5
Duck Hill,MS,29.6,50.0
Dudley,GA,27.5,38.9
Duke Center,PA,17.2,24.8
Dulce,NM,23.7,30.6
Duluth,MN,16.0,18.6
Dumont,MN,14.4,23.5
Dundee,MS,34.1,44.8
Dunellen,NJ,8.8,11.5
Dunn Center,ND,12.6,15.3
Dunning,NE,19.2,25.9
Dupree,SD,39.5,47.2
Durand,WI,13.1,20.3
Durango,CO,16.5,16.9
Durant,MS,43.4,60.9
Durham,NC,18.0,25.7
Dustin,OK,18.6,27.5
Dutch John,UT,7.2,3.4
Eagle,ID,12.3,13.7
Eagle Pass,TX,26.7,34.9
Eagle River,WI,10.4,14.2
Earle,AR,44.2,62.099999999999994
Earling,IA,11.2,13.2
East Concord,NY,15.0,23.1
East Jordan,MI,12.3,16.6
East Nassau,NY,12.4,19.3
East Peoria,IL,8.7,11.6
East Prairie,MO,29.2,43.8
East Stone Gap,VA,22.4,31.7
Eastsound,WA,11.6,19.6
Eastview,KY,14.3,22.7
Eaton,IN,14.0,20.1
Eatonton,GA,16.4,22.7
Eau Claire,WI,10.1,11.6
Ebro,FL,21.5,34.2
Echola,AL,19.1,25.5
Eckert,CO,16.3,23.9
Edelstein,IL,17.2,25.3
Edgartown,MA,11.7,19.9
Edgemont,SD,27.1,41.3
Edgerton,MN,11.4,14.6
Edgewood,NM,32.3,46.1
Edinburg,ND,6.4,7.3
Edison,OH,11.7,17.2
Edon,OH,14.9,22.8
Edson,KS,19.0,26.9
Egegik,AK,16.8,23.5
Ekalaka,MT,11.8,14.3
El Cerrito,CA,10.9,14.0
El Paso,TX,63.099999999999994,95.5
El Reno,OK,7.3,9.1
Eldorado,OK,17.5,24.2
Eldorado,TX,19.5,29.4
Eldridge,IA,12.1,17.2
Electra,TX,9.9,12.1
Electric City,WA,17.9,22.8
Elfrida,AZ,17.9,24.9
Elgin,IL,11.4,17.6
Elgin,TX,14.7,21.1
Elizabeth,LA,16.5,21.9
Elizabeth City,NC,27.1,43.5
Elk City,KS,19.0,26.3
Elk Horn,IA,9.7,11.7
Elk Horn,KY,23.7,36.5
Elk Park,NC,15.4,16.3
Elkhart,IN,16.1,23.7
Elkton,OR,19.3,30.0
Ellabell,GA,13.6,19.4
Ellaville,GA,23.4,33.3
Ellenboro,NC,20.1,30.5
Ellenboro,WV,18.0,30.9
Ellendale,DE,12.6,21.6
Ellinger,TX,12.4,18.9
Elliott,IA,13.9,22.7
Elliottville,KY,26.0,34.7
Ellsinore,MO,21.3,27.7
Ellsworth,IA,11.4,17.2
Ellsworth,NE,10.2,8.9
Ellwood City,PA,15.2,24.3
Elm City,NC,23.1,38.3
Elm Creek,NE,15.3,22.4
Elmendorf,TX,17.4,24.9
Elmira,NY,15.8,22.2
Elmo,UT,11.2,15.3
Eltopia,WA,18.3,27.6
Ely,NV,11.5,18.1
Emmetsburg,IA,10.7,16.8
Emory,TX,11.0,18.3
Empire,CO,8.3,10.3
Empire,LA,16.2,18.2
Emporia,VA,34.9,52.6
Encampment,WY,15.3,19.4
Enders,NE,8.9,14.3
Endicott,WA,21.4,27.6
Energy,TX,23.2,40.2
Enfield,IL,13.6,17.7
Enfield,NC,26.3,36.4
Engadine,MI,15.9,25.5
Englewood,CO,4.0,4.2
Englewood,KS,14.9,21.0
Englishtown,NJ,7.5,9.9
Enigma,GA,26.2,32.6
Ennice,NC,18.4,26.2
Enochs,TX,19.0,25.8
Enola,AR,15.5,16.8
Enterprise,LA,20.4,30.7
Enterprise,MS,21.3,31.7
Enterprise,OR,15.3,22.8
Epping,ND,10.1,12.6
Epps,LA,38.4,53.4
Epworth,GA,23.1,35.3
Equality,IL,15.6,20.1
Erbacon,WV,47.1,63.3
Erick,OK,13.0,12.3
Ericson,NE,10.2,7.2
Erie,KS,18.6,29.7
Erlanger,KY,14.6,23.0
Escalante,UT,7.9,10.0
Esom Hill,GA,21.5,31.6
Essex,MD,9.4,12.1
Essig,MN,7.8,8.1
Ethan,SD,12.0,10.1
Ettrick,WI,10.7,16.0
Eudora,AR,52.4,72.8
Eufaula,OK,21.1,29.3
Eupora,MS,22.7,30.0
Eutaw,AL,40.2,67.0
Evans,WV,16.4,25.1
Evansville,IN,16.6,24.6
Evansville,MN,10.0,12.3
Evant,TX,13.8,19.8
Everson,WA,16.0,16.8
Everton,MO,19.9,28.2
Ewing,VA,25.4,39.9
Fairbanks,AK,8.1,9.9
Fairbury,IL,11.6,17.6
Fairfax,VA,7.0,3.9
Fairfield,IL,14.5,24.0
Fairfield,MT,12.1,15.7
Fairfield,NE,9.3,12.4
Fairmont,OK,13.0,18.8
Fairmont,WV,16.2,24.9
Fairplay,CO,7.3,8.1
Fairview,OK,14.1,18.3
Faith,SD,13.6,13.1
Falfurrias,TX,39.6,57.8
Fall Branch,TN,18.1,23.9
Fallon,NV,15.9,20.8
Falls Church,VA,2.7,2.8
Falmouth,MI,16.8,24.4
Fannin,TX,18.6,30.7
Fanwood,NJ,10.9,15.4
Farber,MO,18.5,28.5
Faribault,MN,11.4,16.0
Farina,IL,18.0,30.6
Farmersville,IL,14.8,19.7
Farmington,NM,20.1,26.0
Farmland,IN,18.0,27.4
Farnsworth,TX,13.7,15.9
Federalsburg,MD,32.3,53.4
Felt,ID,10.8,15.7
Ferdinand,IN,10.8,15.5
Fernandina Beach,FL,12.9,19.1
Fernley,NV,16.5,22.0
Fernwood,ID,16.6,21.8
Ferriday,LA,30.5,43.8
Fertile,MN,13.1,17.4
Festus,MO,14.3,21.1
Fieldton,TX,23.5,35.0
Firebaugh,CA,26.8,38.2
Fischer,TX,8.8,13.0
Fish Camp,CA,15.1,19.6
Flandreau,SD,14.3,20.2
Flemington,MO,18.5,23.1
Fletcher,MO,21.2,34.1
Flintville,TN,16.7,24.5
Florence,SC,19.8,28.0
Florence,WI,9.3,11.5
Florida,PR,55.9,66.2
Fluker,LA,22.2,31.4
Flushing,MI,20.9,31.4
Folkston,GA,17.2,20.7
Fond Du Lac,WI,9.2,12.4
Fontana Dam,NC,21.9,29.4
Ford,WA,18.0,25.0
Forest,MS,23.6,37.3
Forest City,IA,9.9,9.9
Forest City,NC,19.9,29.6
Forest City,PA,13.0,19.5
Forest Hill,WV,17.6,21.3
Foristell,MO,15.0,22.3
Forrest City,AR,27.3,36.0
Fort Bragg,CA,20.4,28.1
Fort Buchanan,PR,26.9,36.9
Fort Collins,CO,13.7,12.3
Fort Davis,TX,5.7,2.2
Fort Johnson,NY,17.1,24.3
Fort Lauderdale,FL,14.5,19.9
Fort Morgan,CO,11.6,16.0
Fort Pierce,FL,18.3,28.1
Fort Plain,NY,20.6,32.4
Fort Scott,KS,19.2,28.7
Fort Stewart,GA,17.7,22.9
Fort Valley,GA,17.2,22.6
Fort Valley,VA,12.2,19.4
Fort Wayne,IN,15.8,23.5
Fortine,MT,18.6,23.7
Fortuna,CA,21.4,23.7
Fouke,AR,20.3,29.3
Fountain,CO,11.8,15.6
Fountain,NC,51.8,72.5
Fountaintown,IN,12.2,16.8
Fowler,IL,14.4,20.1
Fowler,KS,11.3,16.8
Francis,OK,18.5,24.4
Frankfort,IN,14.1,21.3
Franklin,GA,20.5,29.0
Franklin,ID,13.2,18.9
Franklin,IN,9.9,13.7
Franklin,NE,6.3,6.6
Franklin,OH,5.6,6.8
Franklin,TX,17.4,24.1
Franklin,VA,36.9,56.7
Franklin,WV,20.6,28.1
Frankston,TX,18.8,30.0
Frazer,MT,12.0,19.4
Frederick,MD,6.8,9.3
Fredericksburg,VA,29.8,40.9
Fredonia,KY,14.3,28.1
Fredonia,ND,8.1,2.3
Fremont,CA,12.5,15.2
French Village,MO,19.3,25.9
Friendly,WV,19.8,29.7
Frisco,TX,8.8,10.1
Fritch,TX,20.1,31.5
Frost,MN,13.5,22.6
Fulda,MN,15.6,22.4
Funk,NE,7.9,9.3
Gackle,ND,9.5,9.1
Gadsden,AL,19.7,31.7
Gainesville,FL,24.3,23.5
Galax,VA,26.8,48.1
Galena,MD,11.2,16.9
Galena,MO,16.6,24.4
Galloway,OH,9.4,14.0
Gallup,NM,37.5,44.2
Galt,IA,11.1,15.2
Galva,IA,11.2,15.6
Garden,MI,17.2,24.5
Garden City,TX,15.5,22.0
Gardiner,MT,12.3,9.4
Garfield,GA,33.8,57.6
Garland,TX,19.3,29.3
Garland,UT,9.5,11.2
Garyville,LA,18.2,26.5
Gasquet,CA,21.8,29.0
Gastonia,NC,17.4,25.7
Gates,TN,26.7,35.3
Gatzke,MN,7.9,8.8
Gaylesville,AL,19.2,30.1
Genesee,ID,11.9,15.4
Genesee,PA,15.0,20.4
Geneseo,KS,9.0,7.8
Genoa,NE,13.8,15.0
Genoa City,WI,13.5,16.7
Georgetown,SC,21.0,36.0
Georgiana,AL,31.4,40.2
Gepp,AR,19.9,35.8
Gettysburg,SD,5.1,0.9
Gibbon,MN,10.7,17.9
Gilbertown,AL,23.4,34.4
Gillette,WY,7.2,8.4
Gillsville,GA,16.6,23.1
Gilman,IA,11.3,17.3
Gilman,VT,15.0,17.3
Gilman City,MO,17.5,25.8
Girard,GA,25.2,35.9
Girvin,TX,12.0,13.5
Gladeville,TN,10.1,13.7
Glen Allan,MS,36.0,52.5
Glencoe,OK,25.9,24.7
Glennallen,AK,10.9,8.9
Glenrock,WY,9.4,11.6
Glenwood,AR,17.9,23.9
Glenwood,GA,27.2,37.0
Gloster,MS,32.3,52.4
Glyndon,MN,12.7,12.5
Goessel,KS,11.4,14.1
Goetzville,MI,18.9,28.6
Gold Creek,MT,13.8,28.4
Golden City,MO,24.2,36.1
Golden Valley,ND,8.2,7.9
Goldfield,NV,17.1,15.1
Goldsboro,NC,22.3,35.6
Good Hope,IL,23.0,19.9
Goodhue,MN,11.2,17.1
Goodlettsville,TN,12.0,16.7
Goodview,VA,9.7,12.8
Goose Creek,SC,13.9,19.9
Gordo,AL,25.0,35.2
Gordon,GA,17.7,26.2
Gordonsville,VA,12.1,22.0
Goshen,NY,12.8,20.4
Goshen,VA,13.9,20.9
Gosport,IN,15.1,21.7
Gouldbusk,TX,22.6,41.1
Gouldsboro,ME,13.5,18.1
Gouldsboro,PA,15.8,27.2
Gouverneur,NY,19.4,27.5
Gove,KS,8.2,9.7
Grace,ID,8.3,4.9
Graham,KY,19.9,29.7
Graham,NC,19.2,29.1
Granby,MO,14.5,18.6
Grand Forks,ND,17.5,17.1
Grand Isle,ME,18.5,25.7
Grand Ledge,MI,26.9,32.4
Grand Marais,MN,11.4,22.1
Grand Rapids,MI,15.3,20.9
Grand Rapids,OH,11.4,17.2
Grand Valley,PA,12.2,19.9
Granite Falls,MN,12.2,20.2
Grant,FL,14.0,21.3
Grants,NM,29.3,45.5
Grantsville,UT,7.2,6.8
Granville Summit,PA,13.6,20.3
Grapeview,WA,17.2,26.3
Grasston,MN,28.799999999999997,42.0
Gravois Mills,MO,41.3,58.400000000000006
Graysville,GA,12.5,17.0
Greeley,NE,10.0,12.9
Greeleyville,SC,55.0,77.3
Green Castle,MO,19.2,25.4
Green City,MO,16.6,20.0
Green River,WY,11.5,17.0
Green Springs,OH,16.9,27.2
Greenbush,MI,15.2,21.4
Greene,RI,8.4,10.7
Greenfield,IL,17.1,23.1
Greenfield,MA,11.7,15.3
Greenfield,OH,19.3,28.0
Greenleaf,ID,19.4,26.1
Greenmountain,NC,41.2,65.0
Greensboro,VT,12.5,18.0
Greensburg,KY,21.6,30.7
Greenville,AL,42.099999999999994,58.400000000000006
Greenville,GA,22.7,31.3
Greenville,SC,15.6,23.6
Greenville,WV,16.8,26.2
Greenwich,OH,17.0,26.7
Greenwood,AR,23.2,36.6
Greenwood,LA,21.5,33.0
Greenwood,SC,46.2,69.6
Grey Eagle,MN,14.7,23.2
Griffithsville,WV,27.3,43.0
Grifton,NC,23.2,36.2
Grimes,CA,15.0,22.2
Grinnell,KS,6.6,12.2
Groom,TX,14.2,14.899999999999999
Grosse Tete,LA,19.1,24.8
Groveport,OH,12.6,18.2
Grover Hill,OH,12.8,18.2
Groves,TX,19.9,29.7
Gruver,TX,17.1,25.0
Guanica,PR,112.7,128.89999999999998
Guayama,PR,53.0,65.0
Guilford,ME,20.9,33.5
Gunnison,CO,40.3,53.8
Guntown,MS,18.8,26.6
Gurabo,PR,47.4,55.2
Gurley,NE,11.6,19.0
Guttenberg,IA,12.2,15.8
Hadley,MA,14.7,12.9
Hagarville,AR,22.1,33.6
Hagerstown,IN,21.1,33.0
Hagerstown,MD,12.9,20.0
Hague,VA,13.3,14.0
Haiku,HI,11.0,14.0
Haines,AK,5.3,4.3
Haleyville,AL,20.1,25.7
Hamer,ID,23.4,31.5
Hamer,SC,33.9,52.8
Hamill,SD,20.4,30.9
Hamilton,CO,11.4,13.8
Hamilton,IN,10.8,15.3
Hamilton,MS,19.9,30.2
Hamilton,TX,14.5,16.4
Hamilton City,CA,20.8,27.3
Hamlin,WV,9.8,11.8
Hampshire,TN,19.6,24.3
Hampstead,MD,5.6,6.9
Hampton,NE,8.7,12.6
Hampton,VA,15.3,24.3
Hanalei,HI,10.7,12.5
Hanover,IN,14.5,20.3
Hanover,MA,8.2,11.4
Hanover,MD,11.100000000000001,13.0
Hanston,KS,4.6,5.2
Hardeeville,SC,23.5,39.3
Hardesty,OK,13.0,18.2
Hardin,IL,12.6,17.1
Hardin,MT,29.2,39.1
Harlem,GA,25.4,41.2
Harold,KY,30.0,43.4
Harpers Ferry,WV,11.6,15.7
Harrell,AR,17.8,23.2
Harrellsville,NC,25.6,38.6
Harrietta,MI,17.4,26.7
Harrington,WA,15.3,22.7
Harrisburg,MO,19.7,16.1
Harrisburg,NE,11.7,17.3
Harrisburg,OR,18.9,27.8
Harrison,AR,18.8,27.3
Harrisonburg,VA,43.6,38.9
Harrisonville,MO,9.9,14.3
Harrodsburg,KY,18.3,27.5
Harrold,SD,10.2,16.2
Harrold,TX,17.8,23.3
Hart,MI,17.2,31.4
Hartford,AL,23.2,40.2
Hartland,ME,17.6,24.6
Hartland,MN,12.1,17.6
Hartland,WI,5.3,6.8
Harvey,AR,20.1,32.0
Harvey,ND,5.5,0.0
Hastings,FL,14.8,24.5
Hastings,MI,11.0,15.6
Hatillo,PR,44.7,56.5
Hattiesburg,MS,44.5,55.2
Haughton,LA,14.3,19.9
Haviland,KS,15.5,20.3
Hawkins,WI,16.0,26.1
Hawkinsville,GA,19.2,34.6
Hawley,PA,12.9,19.0
Hawthorne,FL,28.7,45.8
Hay Springs,NE,17.8,15.6
Hayes,SD,8.2,6.6
Hayes Center,NE,6.3,2.4
Haymarket,VA,6.7,9.8
Hazelton,ND,11.3,6.3
Hazen,AR,21.4,30.5
Head Waters,VA,12.6,21.5
Healy,KS,9.0,8.9
Heath,OH,12.7,20.1
Hebbronville,TX,17.5,15.3
Hebron,KY,8.2,11.2
Heflin,AL,20.4,28.3
Helena,GA,22.5,33.2
Hemingford,NE,29.5,44.3
Hemphill,TX,27.4,49.9
Henderson,KY,19.0,28.4
Hendersonville,NC,13.8,20.0
Henley,MO,12.9,17.7
Hennepin,OK,15.1,21.7
Henry,SD,10.3,9.1
Hensley,AR,12.0,16.5
Heppner,OR,16.5,25.7
Hereford,TX,17.1,23.7
Hernando,FL,17.4,30.4
Heron Lake,MN,10.8,16.7
Herron,MI,17.2,25.0
Herscher,IL,16.1,23.3
Hershey,NE,12.8,18.2
Hesperia,MI,20.4,31.6
Hesston,KS,7.2,9.4
Hestand,KY,27.7,43.1
Hickman,KY,27.4,36.0
Hickman,TN,16.3,22.8
Hickory,NC,15.5,23.2
Hicksville,OH,13.4,20.4
Hico,TX,24.4,23.8
Hidalgo,IL,9.2,10.0
Higgins,TX,9.2,10.8
High Bridge,NJ,4.4,5.0
High Point,NC,15.9,23.6
High Springs,FL,22.8,35.2
Hilham,TN,26.8,44.4
Hill,NH,9.1,12.3
Hilliard,OH,17.5,24.8
Hillsboro,ND,10.5,12.9
Hillsdale,NY,11.7,16.8
Hilo,HI,19.5,29.6
Himrod,NY,14.4,21.5
Hines,MN,18.8,23.6
Hinsdale,NH,11.8,16.9
Hinsdale,NY,18.3,27.7
Hitchins,KY,17.6,24.2
Hiwassee,VA,13.5,17.4
Hixson,TN,16.0,23.6
Hobbs,NM,15.0,21.8
Hobson,MT,14.1,19.0
Hoffman,MN,9.1,12.4
Hokah,MN,11.0,17.3
Holbrook,ID,14.6,23.7
Holcomb,KS,17.0,25.0
Holcomb,MO,27.7,39.3
Holden,LA,26.9,35.5
Holden,UT,12.9,19.5
Holdingford,MN,11.3,12.3
Holland,IN,9.8,13.4
Holland,TX,15.3,21.7
Holly,CO,19.0,26.7
Holly Ridge,NC,14.6,19.8
Holly Springs,NC,11.3,15.2
Holmen,WI,14.8,13.6
Holt,MI,22.4,25.8
Holyoke,CO,15.3,18.7
Homer,IN,17.6,26.4
Honey Grove,PA,13.2,20.5
Hooper,CO,28.9,36.5
Hope,AR,27.0,42.1
Hope,KY,26.0,35.6
Hope,NM,21.9,32.7
Hope Valley,RI,9.9,12.0
Hopewell,VA,19.0,29.0
Hormigueros,PR,37.4,49.0
Hornbeak,TN,20.6,30.1
Hornell,NY,16.3,24.6
Horner,WV,20.6,32.8
Horse Cave,KY,20.4,28.5
Horseshoe Beach,FL,21.1,24.1
Hosford,FL,18.4,16.8
Hoskins,NE,13.6,12.2
Hosmer,SD,12.3,4.1
Houma,LA,19.5,27.2
Houston,MS,26.3,38.7
Houston,TX,18.0,26.8
Hoven,SD,11.6,18.9
Howard,KS,18.3,24.5
Howard,OH,15.3,23.3
Howells,NE,13.3,18.4
Hudgins,VA,7.0,11.2
Hudson,KY,17.4,20.7
Hughes Springs,TX,18.7,27.7
Hughesville,MD,7.9,11.2
Hughesville,PA,14.5,22.4
Hugo,MN,7.7,10.4
Hugoton,KS,19.1,28.2
Hulett,WY,5.0,5.6
Hume,MO,18.5,25.7
Humeston,IA,20.6,26.4
Humphrey,AR,25.5,39.3
Hunnewell,MO,14.7,26.2
Hunter,KS,10.4,15.3
Huntersville,NC,15.2,20.5
Huntley,IL,7.9,10.8
Huntsville,AL,13.7,19.4
Huntsville,TX,46.0,54.4
Huron,SD,10.4,11.0
Hurt,VA,16.1,25.3
Huson,MT,16.0,13.9
Hutchinson,KS,14.7,18.1
Hyannis,NE,13.3,14.6
Hyde Park,VT,11.8,17.6
Hydro,OK,16.7,16.8
Hymera,IN,18.7,28.0
Idaho Falls,ID,13.2,16.9
Idlewild,MI,28.7,49.2
Ignacio,CO,11.7,22.8
Ilwaco,WA,19.2,30.2
Imogene,IA,11.0,17.6
Imperial,CA,24.0,31.0
Inchelium,WA,22.0,24.7
Independence,WV,14.6,18.9
Indiahoma,OK,17.6,24.3
Indianapolis,IN,21.1,31.8
Indianola,MS,35.5,51.2
Indianola,NE,10.6,16.1
Ingalls,KS,10.0,13.8
Ingram,TX,15.9,23.5
Interior,SD,33.3,42.7
Interlochen,MI,11.0,13.5
Inver Grove Heights,MN,7.7,10.6
Ione,WA,21.5,29.7
Iowa,LA,21.1,26.3
Iowa City,IA,17.9,13.6
Iron Mountain,MI,13.8,14.7
Irons,MI,16.9,29.3
Irvine,KY,29.3,39.3
Ivins,UT,15.0,20.9
Jackson,GA,20.8,32.6
Jackson,MO,18.3,23.8
Jackson,MS,25.9,36.9
Jackson,MT,16.3,7.6
Jackson,OH,23.5,33.3
Jackson,TN,19.6,30.2
Jacksonville,FL,17.3,26.0
Jacksonville,GA,28.5,48.5
Jacksonville,TX,22.1,34.8
Jameson,MO,16.7,22.6
Jamestown,IN,5.8,6.2
Jamestown,MO,13.0,18.3
Janesville,WI,15.0,23.2
Jaroso,CO,23.7,40.4
Jarratt,VA,19.7,27.8
Jarvisburg,NC,10.3,13.6
Jasper,AL,21.9,37.2
Jasper,AR,20.5,27.3
Jasper,FL,29.3,47.0
Jasper,GA,11.6,18.8
Jayton,TX,9.6,24.8
Jayuya,PR,57.8,66.2
Jean,NV,15.7,22.7
Jefferson,AL,26.1,35.5
Jefferson,PA,13.9,19.7
Jefferson,TX,22.6,35.7
Jeffersonville,VT,8.7,11.8
Jenkinsville,SC,24.4,36.3
Jennings,KS,11.2,18.2
Jennings,OK,13.8,19.3
Jerome,MO,19.4,22.7
Jersey,AR,29.0,47.0
Jersey,VA,5.5,7.1
Jersey City,NJ,17.5,26.5
Jesup,GA,20.3,23.5
Jewett,OH,17.3,29.6
Johnson,KS,5.3,4.7
Johnson,NE,8.6,8.7
Johnson City,NY,17.9,24.3
Johnson City,TN,46.1,65.5
Johnson Creek,WI,10.6,14.7
Johnston City,IL,15.0,21.9
Johnstown,PA,15.2,24.5
Jones,OK,18.2,26.8
Jonesboro,GA,12.9,19.7
Jonesboro,LA,27.5,39.2
Jonesville,NC,23.3,32.3
Jourdanton,TX,16.4,24.9
Judsonia,AR,19.0,21.7
Juncos,PR,34.1,37.3
Junction,TX,20.6,30.2
Junction City,KS,10.5,12.5
Juneau,AK,6.6,11.0
Juneau,WI,9.2,12.3
Kadoka,SD,16.8,22.7
Kahuku,HI,9.7,12.8
Kansas City,KS,23.9,37.3
Kansas City,MO,16.5,21.4
Karbers Ridge,IL,20.7,25.9
Karnak,IL,18.3,26.5
Katy,TX,8.2,11.2
Kaukauna,WI,8.9,11.7
Kearney,NE,13.1,13.2
Keatchie,LA,26.4,39.4
Keenes,IL,17.0,26.2
Kelley,IA,22.7,11.8
Kellyton,AL,22.5,40.2
Kelso,WA,17.5,24.2
Kemah,TX,13.9,20.0
Kemp,TX,14.0,18.0
Kempner,TX,14.6,22.7
Kenai,AK,10.0,11.8
Kendrick,ID,13.1,16.8
Kenilworth,UT,15.3,18.2
Kennard,TX,16.7,24.0
Kennedy,AL,18.3,25.6
Kennedy,NY,18.9,29.9
Kennett,MO,28.9,42.1
Kensington,KS,14.8,22.3
Kent,NY,15.7,21.9
Kent,OH,15.6,21.1
Kenton,OH,18.7,26.1
Kenton,OK,17.9,31.4
Keo,AR,12.4,16.3
Keota,OK,19.8,25.6
Kermit,TX,13.9,17.9
Kernersville,NC,17.6,25.1
Kewanee,IL,10.7,13.9
Kilmarnock,VA,11.0,16.2
Kinderhook,IL,13.7,15.7
King And Queen Court Hous,VA,13.4,31.7
King Ferry,NY,12.0,17.7
King Salmon,AK,7.2,8.4
King William,VA,11.8,21.6
Kingfield,ME,14.8,18.7
Kingman,KS,12.2,15.8
Kingsland,AR,20.8,31.5
Kingsport,TN,17.5,26.9
Kingston,NY,12.8,14.0
Kingston,OK,16.8,22.7
Kingston,UT,20.6,35.1
Kirksville,MO,26.9,20.0
Kirkville,IA,18.6,25.5
Kirkwood,IL,15.0,22.4
Kissimmee,FL,19.5,29.1
Kite,GA,23.1,32.9
Klamath Falls,OR,19.3,24.4
Klamath River,CA,23.1,30.5
Klingerstown,PA,13.1,19.6
Klondike,TX,18.9,25.5
Knippa,TX,19.9,29.1
Krakow,WI,11.0,15.6
Kress,TX,22.6,33.5
Krypton,KY,25.4,29.3
Kulm,ND,11.7,10.4
La Crosse,IN,11.6,17.4
La Grande,OR,18.6,22.9
La Junta,CO,25.6,36.8
La Plata,MO,19.1,31.9
La Plata,PR,47.2,58.2
La Pryor,TX,33.4,45.8
La Push,WA,15.0,22.4
Labelle,FL,20.2,28.7
Lackey,VA,6.4,8.2
Lacrosse,WA,31.2,19.3
Lafayette,CO,14.1,13.2
Lagrange,WY,17.9,31.9
Lajas,PR,59.3,69.0
Lake Ann,MI,10.4,17.0
Lake Benton,MN,9.3,7.2
Lake Butler,FL,20.0,27.8
Lake George,NY,12.0,17.5
Lake Minchumina,AK,22.4,30.0
Lake Oswego,OR,9.5,12.0
Lake Placid,FL,19.4,31.0
Lake Village,IN,13.7,23.6
Lake Wales,FL,18.3,28.7
Lakeville,CT,7.0,7.6
Lakota,IA,9.0,14.5
Lamar,MS,40.0,55.400000000000006
Lamesa,TX,13.3,17.1
Lamont,IA,9.5,13.3
Lamont,KS,15.1,23.6
Lampasas,TX,16.0,26.8
Lancaster,SC,18.7,27.4
Land O' Lakes,FL,14.0,17.9
Landrum,SC,17.5,25.4
Lane City,TX,17.6,28.4
Lanesville,IN,12.8,19.1
Lanexa,VA,7.0,11.4
Langlois,OR,16.6,17.8
Langtry,TX,20.6,27.8
Lansing,NC,20.7,30.4
Laquey,MO,13.2,18.1
Laredo,TX,31.8,42.9
Lares,PR,58.3,64.3
Larose,LA,14.8,20.6
Las Marias,PR,58.0,72.8
Las Piedras,PR,101.80000000000001,129.10000000000002
Laurel,IN,20.6,29.9
Laurel,MT,7.8,8.3
Lavalette,WV,20.6,31.4
Lavina,MT,26.6,60.1
Lawndale,NC,19.9,30.6
Lawrence,KS,19.0,13.8
Lawrence,MA,11.4,16.4
Le Roy,MN,11.1,16.5
Le Sueur,MN,9.1,11.8
Leadore,ID,18.7,28.3
Leakesville,MS,14.5,10.5
Leakey,TX,16.6,26.6
Leasburg,NC,40.8,61.8
Lebo,KS,10.0,14.2
Ledger,MT,37.0,42.2
Leeds,ND,33.5,47.8
Leesburg,TX,19.7,28.2
Leicester,NC,18.1,24.6
Leitchfield,KY,24.0,34.4
Lemoyne,NE,8.0,0.7
Lena,IL,9.2,11.0
Lena,MS,27.7,42.7
Lenoir City,TN,14.4,28.7
Lenore,WV,25.8,36.7
Leonard,ND,9.3,8.2
Leoti,KS,9.9,8.1
Leroy,MI,22.0,35.4
Leslie,AR,23.6,30.7
Letcher,KY,28.4,40.9
Letohatchee,AL,28.5,39.9
Lettsworth,LA,19.6,28.9
Levan,UT,14.3,19.7
Lewis,KS,11.7,17.9
Lewisport,KY,15.8,27.1
Lewiston,UT,15.6,14.9
Lewistown,MT,11.5,13.9
Lexington,KY,35.5,47.900000000000006
Lexington,VA,20.2,17.0
Liberty,IN,10.4,15.0
Liberty,NE,16.6,20.7
Lidgerwood,ND,5.8,5.5
Lima,OH,26.4,37.0
Lincoln,IL,14.2,17.7
Lincoln,KS,11.0,13.9
Lincoln,MT,12.2,15.6
Lincoln,NE,14.7,17.3
Linden,MI,5.9,7.4
Linden,TN,25.8,38.0
Lineville,IA,13.3,16.9
Linn,WV,27.0,36.9
Linneus,MO,17.9,24.3
Lisbon,OH,15.4,23.8
Lisbon Falls,ME,15.7,23.5
Litchfield,IL,12.5,18.8
Litchfield,MI,20.1,32.3
Litchfield,MN,10.1,12.8
Litchfield,NE,13.5,29.8
Lithonia,GA,19.3,30.1
Little Eagle,SD,45.6,56.9
Little Falls,NJ,16.7,25.3
Little Mountain,SC,17.6,27.1
Little River,AL,13.4,19.2
Little Suamico,WI,9.4,12.5
Littlefork,MN,15.2,18.1
Livingston,LA,14.4,17.8
Loachapoka,AL,23.8,24.0
Lockhart,TX,19.3,24.3
Locust,NC,17.7,25.1
Locust Grove,OK,22.6,29.7
Locust Hill,VA,9.5,14.5
Logan,NM,17.1,19.8
Logan,OH,17.4,26.2
Loiza,PR,47.7,56.1
Lombard,IL,7.4,10.3
Lonaconing,MD,30.4,43.5
Long Beach,MS,20.8,31.6
Long Branch,TX,32.5,48.8
Long Pine,NE,16.5,22.3
Longford,KS,7.9,10.4
Longview,TX,18.2,26.9
Longville,MN,16.6,29.0
Lontetree,WY,13.7,18.3
Lookout Mountain,GA,15.2,21.1
Lorman,MS,48.7,63.2
Los Angeles,CA,18.2,25.8
Los Gatos,CA,15.1,17.1
Lost City,WV,13.5,18.9
Lost Creek,KY,32.9,42.1
Louisiana,MO,15.3,19.9
Louisville,KY,16.4,24.2
Lovelady,TX,25.0,41.6
Lubbock,TX,19.4,23.4
Luck,WI,15.6,23.2
Ludell,KS,10.0,17.1
Lueders,TX,19.1,19.6
Lufkin,TX,19.4,30.0
Lulu,FL,19.9,30.6
Lumberton,NJ,6.4,8.5
Luning,NV,20.2,37.5
Luquillo,PR,45.8,55.5
Luray,SC,29.0,48.1
Luray,TN,21.7,27.3
Lusk,WY,14.9,19.4
Lutcher,LA,18.0,27.9
Luverne,MN,12.9,17.5
Luverne,ND,8.0,8.0
Lyford,TX,39.0,49.2
Lyle,MN,14.0,18.8
Lynchburg,MO,19.5,28.1
Lynchburg,VA,55.900000000000006,77.5
Lyndhurst,NJ,7.4,9.0
Lyndhurst,VA,9.5,13.6
Lyons,GA,55.400000000000006,77.3
Lyons,NE,9.5,10.1
Lysite,WY,14.2,20.9
Lytton,IA,14.8,21.8
Macksburg,IA,18.2,19.1
Macon,GA,41.0,55.5
Madeline,CA,16.4,23.6
Madison,CT,13.0,19.2
Madison,FL,25.7,33.3
Madison,SD,15.2,25.8
Magnolia,IL,12.0,25.4
Magnolia,KY,37.900000000000006,51.6
Magnolia,TX,18.2,23.3
Maiden,NC,15.5,23.8
Malcom,IA,10.4,9.1
Malvern,OH,15.4,25.5
Mammoth Cave,KY,19.2,16.5
Manakin Sabot,VA,5.7,7.6
Manassa,CO,18.3,19.8
Manassas,VA,17.6,24.1
Manati,PR,46.2,55.3
Mancelona,MI,17.0,20.6
Mancos,CO,10.6,10.2
Manhattan,KS,22.5,11.5
Manitou,OK,23.8,33.4
Mankato,KS,15.5,26.9
Mannboro,VA,11.6,17.4
Manokotak,AK,18.1,24.6
Mansfield,GA,17.1,23.9
Mansfield,MO,25.4,30.5
Mansfield,SD,9.8,8.9
Mansfield Center,CT,7.0,6.6
Manville,RI,17.7,26.2
Many,LA,19.5,28.1
Maple Park,IL,18.7,22.0
Maplewood,WI,10.1,16.0
Marathon,TX,13.5,10.6
Mardela Springs,MD,15.9,20.0
Marengo,IA,8.7,14.5
Marengo,IN,20.7,28.1
Marengo,WI,15.7,22.9
Margaretville,NY,15.3,26.4
Maria Stein,OH,8.4,10.0
Marianna,FL,19.3,21.5
Maricao,PR,64.2,81.6
Marienthal,KS,6.6,5.7
Marienville,PA,14.3,37.5
Marietta,GA,12.4,17.4
Marietta,MN,8.2,8.7
Marietta,MS,21.1,27.4
Marine On Saint Croix,MN,5.4,6.2
Marion,IN,26.6,45.8
Marion,VA,18.7,29.8
Marland,OK,13.3,13.6
Marmaduke,AR,17.8,22.8
Marmarth,ND,10.1,8.3
Marshall,IL,31.9,47.7
Marshall,NC,15.9,22.4
Marshall,OK,11.5,13.7
Marshall,TX,17.2,25.4
Marshallberg,NC,15.0,24.5
Martha,KY,22.7,26.5
Martin,GA,18.9,25.3
Martin,OH,10.7,17.8
Martinsville,VA,23.6,29.1
Marysville,CA,21.9,23.9
Marysville,IN,10.8,14.5
Maryville,IL,13.3,17.5
Mason,IL,10.6,16.1
Mason,TX,11.2,18.8
Mass City,MI,15.5,21.5
Matlock,IA,8.3,11.2
Matthews,NC,10.2,13.2
Mattoon,IL,22.3,25.6
Mauk,GA,21.3,29.1
Maunabo,PR,55.9,68.8
Maxton,NC,31.2,46.9
Maxwell,IN,6.5,8.4
May,OK,14.0,25.1
Mayaguez,PR,50.7,59.3
Mayer,AZ,16.0,23.4
Mayesville,SC,27.7,43.6
Mayo,FL,20.3,23.3
Mayslick,KY,42.1,66.5
Maywood,NE,12.6,19.5
McAlpin,FL,23.9,40.5
McClure,PA,15.8,25.8
McColl,SC,29.0,43.9
McCool,MS,26.2,36.2
McEwen,TN,15.9,22.3
McLeansboro,IL,14.8,16.0
McLouth,KS,7.5,9.3
McMechen,WV,13.0,16.4
McMinnville,TN,28.7,38.3
McNeill,MS,21.5,32.3
Mcarthur,CA,18.8,18.6
Mcdaniel,MD,11.2,16.1
Meadows Of Dan,VA,21.2,34.0
Meally,KY,26.3,33.1
Means,KY,29.9,47.6
Medford,WI,12.5,16.4
Mediapolis,IA,15.2,22.3
Medical Lake,WA,15.9,19.6
Medicine Bow,WY,26.9,21.5
Medicine Lodge,KS,10.9,15.6
Medora,IL,7.3,8.2
Medora,ND,10.3,7.9
Meeker,CO,12.1,14.8
Meherrin,VA,21.0,22.8
Melbourne,AR,21.0,32.5
Melbourne,IA,11.1,16.9
Melrose,IA,25.799999999999997,28.900000000000002
Melvin,IL,13.4,23.6
Melvin,TX,11.1,19.8
Memphis,TN,21.4,33.3
Mena,AR,24.1,40.4
Menard,TX,14.9,21.2
Mendenhall,MS,26.1,38.7
Menno,SD,13.3,15.4
Menomonie,WI,15.1,14.6
Mentone,IN,11.4,15.9
Mentor,MN,10.7,11.9
Meraux,LA,19.3,29.0
Meredosia,IL,14.2,21.2
Meriden,KS,9.1,11.1
Meridian,CA,17.8,24.3
Merrill,WI,10.2,12.4
Merrimack,NH,8.8,11.7
Merry Point,VA,11.3,13.0
Meta,MO,19.2,30.4
Metter,GA,31.8,46.7
Metz,WV,22.1,16.4
Meyers Chuck,AK,11.8,20.4
Miami,FL,20.4,27.7
Miami,MO,17.3,25.7
Miami,NM,19.9,23.1
Miami,OK,19.0,26.2
Miami,TX,1.5,1.4
Michigamme,MI,17.0,17.7
Middleton,MI,18.9,27.1
Middletown,CT,6.7,7.2
Midkiff,TX,19.7,24.0
Midland,IN,13.6,15.7
Midland,NC,12.5,16.8
Midland,TX,8.8,11.0
Midlothian,VA,12.3,12.8
Midvale,ID,18.3,26.7
Midville,GA,31.4,46.4
Midway,TX,20.2,31.3
Midway,UT,10.0,12.3
Mikado,MI,17.7,28.3
Milford,NE,20.6,22.1
Milford,UT,12.5,16.5
Mill Hall,PA,16.4,25.3
Mill Spring,MO,22.5,32.3
Millboro,VA,7.7,3.4
Miller,SD,8.2,11.1
Millersburg,PA,13.6,20.1
Milligan,NE,9.4,11.6
Mills,NE,14.9,39.8
Millstone,NJ,5.0,6.0
Millwood,GA,57.9,83.69999999999999
Milner,GA,22.1,29.2
Milnor,ND,10.8,13.4
Milton,FL,12.3,17.0
Milton,IA,34.2,55.9
Milton,KY,27.9,40.8
Milton,PA,9.9,13.1
Milton,WV,40.9,55.0
Miltonvale,KS,13.5,15.1
Milwaukee,WI,21.5,31.8
Minden,IA,13.0,19.0
Minden,LA,23.6,35.1
Minden,NV,10.6,16.4
Mineral,VA,10.0,12.9
Mineral City,OH,14.0,20.8
Mingo Junction,OH,17.6,27.4
Minnesota Lake,MN,19.1,14.6
Minong,WI,13.1,20.7
Minot,ND,7.5,9.5
Minter,AL,35.0,53.8
Minturn,AR,23.9,31.2
Minturn,CO,9.2,11.9
Mission,SD,46.4,56.0
Mitchell,IN,13.0,18.4
Mitchell,NE,13.7,22.4
Mitchell,OR,19.0,37.0
Moab,UT,46.8,54.6
Moatsville,WV,21.5,30.3
Mobile,AL,19.3,28.1
Moca,PR,54.3,60.6
Modale,IA,9.9,11.9
Model,CO,24.3,38.7
Mohall,ND,7.4,9.0
Molena,GA,12.2,15.9
Moline,IL,14.9,23.9
Monarch,MT,15.3,23.1
Monmouth,OR,16.3,18.9
Monongahela,PA,10.4,14.0
Monroe,AR,32.8,50.1
Monroe,ME,16.4,21.2
Monroe,SD,8.6,10.1
Monroe Center,IL,10.6,13.7
Monterey,IN,16.0,26.1
Monterey,TN,26.0,35.9
Monterville,WV,16.5,33.9
Montezuma,NM,29.7,38.7
Montgomery,AL,22.6,33.4
Montgomery,LA,18.3,22.6
Montgomery,WV,19.9,27.5
Monticello,AR,28.6,37.9
Monticello,FL,15.9,22.7
Monticello,IL,6.2,9.0
Monticello,KY,25.8,36.5
Monticello,NY,17.5,25.6
Monticello,WI,8.9,10.6
Montross,VA,10.5,11.6
Moore Haven,FL,26.4,32.1
Moorefield,KY,23.5,37.3
Moran,TX,19.0,20.7
Moran,WY,7.4,7.1
Morenci,AZ,13.7,17.7
Moreno Valley,CA,16.8,23.3
Morgan,UT,5.4,5.3
Morgantown,KY,29.3,46.0
Morovis,PR,50.3,63.8
Morris,MN,18.4,9.5
Morrison,MO,8.4,8.6
Morrison,TN,18.6,24.8
Morrisville,NY,12.2,17.9
Morrow,LA,23.2,31.9
Mosby,MT,9.2,10.2
Moscow,KS,13.8,21.9
Moscow,PA,14.8,21.8
Mosheim,TN,20.5,32.1
Moss,TN,23.5,26.4
Moss Point,MS,15.4,19.9
Mossyrock,WA,16.3,21.0
Moulton,AL,18.7,24.6
Moultrie,GA,26.8,39.2
Mound City,SD,9.1,9.8
Mound Valley,KS,17.8,23.6
Mounds,OK,20.8,30.4
Mount Airy,NC,19.7,26.8
Mount Ayr,IA,10.6,9.5
Mount Berry,GA,21.3,29.4
Mount Blanchard,OH,11.8,14.0
Mount Carmel,IL,12.5,15.7
Mount Eden,KY,8.4,8.0
Mount Hermon,LA,26.4,32.3
Mount Perry,OH,18.6,28.1
Mount Pleasant,IA,14.5,22.1
Mount Pleasant,MI,30.2,24.8
Mount Pleasant,PA,10.4,15.6
Mount Pleasant,UT,16.1,14.6
Mount Prospect,IL,17.1,25.0
Mount Sterling,KY,26.4,35.2
Mount Sterling,MO,15.9,25.4
Mount Vernon,KY,47.8,65.9
Mount Vernon,SD,12.6,18.3
Mountain Home A F B,ID,16.1,22.5
Mountain View,CA,9.5,10.9
Mountain View,OK,20.8,30.4
Mountville,SC,20.9,35.3
Moweaqua,IL,11.2,14.6
Mt Zion,IL,18.4,28.4
Muenster,TX,13.9,22.0
Mullen,NE,18.9,29.9
Mullica Hill,NJ,8.1,10.1
Muncie,IN,22.0,26.0
Muncy Valley,PA,13.0,19.6
Mundelein,IL,9.6,13.9
Munford,AL,23.0,37.1
Murchison,TX,16.9,26.1
Murdo,SD,11.4,1.8
Murphysboro,IL,30.5,32.3
Murrayville,GA,19.0,34.4
Murrayville,IL,14.3,18.5
Muscoda,WI,15.0,19.4
Nahunta,GA,21.0,24.7
Nancy,KY,27.0,37.0
Nantucket,MA,11.6,18.0
Naranjito,PR,49.4,56.5
Nardin,OK,18.3,25.9
Narrows,VA,10.8,13.8
Nashville,TN,18.2,29.7
Natchez,MS,30.1,51.5
Natchitoches,LA,29.2,37.3
Naylor,MO,22.8,33.1
Nekoma,KS,9.4,4.7
Nelson,WI,11.4,13.0
Neopit,WI,35.2,53.0
Neosho,MO,21.7,30.4
Neshkoro,WI,10.3,12.8
Nevada,MO,18.8,30.5
Nevis,MN,11.6,17.1
New Athens,IL,5.0,8.5
New Bern,NC,21.5,41.5
New Bloomington,OH,18.8,28.6
New Boston,IL,9.4,13.1
New Boston,TX,19.1,27.4
New Brighton,PA,11.9,19.0
New Columbia,PA,12.8,17.8
New Cumberland,WV,16.2,29.2
New Ellenton,SC,18.1,30.3
New Germany,MN,4.4,4.4
New Harmony,UT,21.0,22.9
New Holland,PA,10.7,15.6
New Iberia,LA,19.6,30.4
New Leipzig,ND,9.6,16.5
New London,CT,9.9,14.8
New London,MO,12.4,15.2
New Market,IA,14.1,17.7
New Market,TN,16.5,23.0
New Orleans,LA,43.8,68.0
New Richland,MN,19.1,25.700000000000003
New Rockford,ND,13.7,17.4
New Salisbury,IN,13.9,16.3
New Vienna,OH,20.2,29.4
New York,NY,17.9,24.6
Newark,DE,11.4,15.4
Newark,MO,20.9,30.7
Newark,NJ,17.3,24.4
Newark,NY,12.7,18.5
Newaygo,MI,18.2,26.3
Newberg,OR,16.6,24.3
Newberry,MI,19.5,36.1
Newburgh,IN,9.9,17.2
Newbury,VT,12.4,19.3
Newcastle,TX,13.1,21.2
Newell,IA,12.6,17.3
Newport,MI,11.3,16.4
Newport,RI,10.1,12.0
Newport,VA,11.3,8.2
Newport News,VA,15.7,24.1
Newton,WI,10.0,15.0
Newtown,PA,6.0,7.2
Nezperce,ID,17.4,22.1
Niagara,ND,8.4,6.7
Niagara,WI,12.9,17.6
Niagara University,NY,13.7,19.9
Nicholasville,KY,19.1,28.3
Nicollet,MN,12.4,10.8
Nineveh,IN,12.6,21.2
Niota,IL,11.7,18.5
Noatak,AK,23.8,30.2
Noblesville,IN,21.8,30.6
Nodaway,IA,16.8,27.3
Nolensville,TN,5.1,6.2
Noma,FL,27.8,40.3
Norcatur,KS,8.5,9.3
Nordland,WA,12.0,17.0
Norfolk,VA,21.0,30.3
Normal,IL,14.4,11.5
Norman,OK,23.6,26.4
Normandy,TN,17.1,24.1
Norphlet,AR,20.4,31.8
Norris,SD,45.3,72.3
North Augusta,SC,16.4,22.3
North Beach,MD,5.8,6.3
North Carrollton,MS,20.6,30.8
North East,PA,16.7,24.7
North Fairfield,OH,13.5,19.8
North Hero,VT,8.6,11.4
North Java,NY,11.8,17.1
North Little Rock,AR,17.6,26.0
North Platte,NE,14.8,20.7
North Sioux City,SD,5.3,3.7
North Washington,IA,8.8,11.5
Northway,AK,14.5,21.1
Northwood,ND,7.3,9.2
Norton,VA,24.0,36.4
Norwalk,IA,6.8,9.4
Norway,SC,23.5,34.9
Nottawa,MI,17.2,26.7
Nowata,OK,9.4,12.9
Oak,NE,11.8,14.2
Oak Grove,KY,19.9,26.1
Oak Grove,LA,25.8,44.4
Oak Vale,MS,22.0,32.4
Oakhurst,CA,23.5,33.6
Oakland,MS,20.3,22.7
Oakley,ID,16.0,21.2
Oakman,GA,20.4,30.0
Oaktown,IN,15.9,23.5
Oakwood,OK,16.6,22.7
Oberlin,OH,14.4,22.7
Ochlocknee,GA,30.7,48.8
Odem,TX,15.3,21.2
Odessa,TX,13.0,17.1
Odonnell,TX,1.4,0.0
Ogallala,NE,11.6,18.8
Ogden,UT,13.0,16.8
Ogdensburg,WI,10.4,16.0
Okeechobee,FL,27.7,41.5
Oktaha,OK,22.2,32.0
Old Glory,TX,19.5,30.7
Oldenburg,IN,10.6,11.7
Oldham,SD,10.4,17.4
Olla,LA,21.6,29.8
Olpe,KS,21.5,25.2
Omaha,GA,38.4,61.6
Omaha,NE,14.6,20.3
Omaha,TX,21.4,31.6
Onawa,IA,13.9,22.7
Oneida,KY,28.5,32.2
Oneida,TN,27.3,37.5
Opelika,AL,21.0,30.1
Oquawka,IL,9.9,19.7
Orange,TX,15.5,20.2
Orange Grove,TX,22.3,31.6
Orangeville,OH,17.3,29.9
Ordway,CO,16.6,16.3
Ore City,TX,13.5,19.0
Orient,SD,16.4,3.2
Orleans,IN,17.6,27.7
Orleans,NE,13.2,26.7
Orleans,VT,15.5,20.6
Orma,WV,17.7,20.7
Orocovis,PR,110.7,133.0
Oronoco,MN,9.0,10.8
Ortley,SD,22.1,37.7
Osceola,MO,19.1,28.1
Oshkosh,WI,12.0,15.3
Osnabrock,ND,4.8,2.2
Osseo,WI,15.3,14.6
Ossipee,NH,9.5,11.2
Otley,IA,9.6,11.1
Oto,IA,14.6,19.4
Otsego,MI,12.7,17.1
Otter Rock,OR,16.9,24.3
Otterbein,IN,22.799999999999997,29.900000000000002
Otterville,MO,14.7,22.1
Otwell,IN,10.0,17.5
Ouzinkie,AK,11.3,12.7
Overbrook,OK,13.5,20.3
Ovett,MS,18.9,22.5
Owasso,OK,15.7,23.5
Owenton,KY,16.8,23.0
Owyhee,NV,11.0,15.5
Oxford,GA,13.9,21.1
Oxford,NC,16.3,21.1
Ozona,TX,17.5,30.4
Pachuta,MS,23.9,34.5
Paducah,KY,16.8,26.6
Paducah,TX,29.799999999999997,49.6
Pageland,SC,26.2,36.0
Pagosa Springs,CO,8.0,12.9
Paicines,CA,10.8,14.8
Paige,TX,14.3,20.6
Painesville,OH,8.9,11.9
Palco,KS,11.2,17.3
Palestine,TX,18.5,27.0
Palisade,MN,12.4,13.7
Palmer,NE,10.4,12.9
Palmer,PR,39.1,47.0
Palmersville,TN,19.1,22.6
Palmyra,TN,15.8,22.6
Palo Alto,CA,8.0,10.2
Pampa,TX,13.3,17.2
Panna Maria,TX,25.4,44.1
Pantego,NC,18.4,25.9
Panther Burn,MS,29.3,33.9
Paradise Valley,NV,10.5,12.1
Paragon,IN,12.1,18.9
Paragould,AR,20.2,29.6
Paris,AR,19.3,27.4
Paris,MI,23.1,31.2
Paris,VA,11.1,17.0
Parish,NY,18.6,28.0
Parker,SD,9.4,11.0
Parkersburg,WV,17.4,25.7
Parkesburg,PA,7.1,8.6
Parkman,WY,8.3,10.5
Parksville,KY,16.1,19.4
Parma,MI,17.0,27.6
Parma,MO,22.8,35.9
Pateros,WA,21.2,29.4
Patillas,PR,59.1,73.8
Patoka,IN,11.2,13.8
Patterson,GA,20.9,25.2
Pattison,MS,42.0,54.3
Paul,ID,16.4,22.1
Paulding,OH,12.8,16.4
Pawhuska,OK,15.8,24.1
Pawling,NY,9.3,11.8
Pawnee Rock,KS,23.7,27.400000000000002
Paxico,KS,5.9,5.5
Payette,ID,18.7,24.1
Pearcy,AR,20.9,31.4
Pearson,GA,35.0,44.6
Pease,MN,12.2,15.7
Pecan Gap,TX,22.8,39.5
Peck,MI,15.7,23.3
Pecos,TX,16.8,24.5
Peebles,OH,23.1,33.2
Pelham,AL,8.3,10.4
Pellston,MI,10.8,14.0
Pemberville,OH,14.3,21.9
Pendleton,KY,6.0,8.4
Penfield,PA,15.0,22.9
Penns Grove,NJ,13.5,23.3
Penrose,NC,12.6,21.7
Pensacola,FL,15.8,25.5
Penuelas,PR,116.2,132.9
Peoa,UT,7.8,9.6
Pequot Lakes,MN,11.3,14.4
Peralta,NM,23.7,32.5
Perkinston,MS,18.4,24.9
Perry,AR,16.0,25.6
Perry,FL,14.7,13.6
Peru,KS,16.8,27.7
Peterman,AL,33.8,41.5
Petersburg,AK,10.2,9.3
Petersburg,IL,11.3,18.9
Petersburg,VA,28.0,46.4
Petrolia,PA,9.1,10.7
Pfafftown,NC,19.6,30.7
Philadelphia,MS,24.0,33.5
Philadelphia,PA,26.4,37.2
Phillips,WI,13.7,19.0
Phillipsburg,KS,9.2,14.9
Phoenix,AZ,17.0,24.4
Pickens,MS,13.5,18.2
Piedmont,MO,21.2,30.7
Pierre Part,LA,16.0,24.7
Pine,AZ,22.7,38.5
Pine Brook,NJ,4.5,4.7
Pine Grove,CA,12.8,22.5
Pine Island,MN,6.7,9.3
Pine Mountain,GA,21.4,31.1
Pinetop,AZ,30.6,40.4
Pineville,KY,38.0,51.6
Pineville,WV,21.8,30.6
Pippa Passes,KY,28.1,41.1
Piqua,KS,22.8,36.8
Pisek,ND,10.4,12.0
Pismo Beach,CA,14.8,15.1
Pitkin,LA,35.5,48.099999999999994
Pitts,GA,29.2,39.7
Pittsburg,KS,17.0,26.2
Placerville,CA,10.4,13.3
Plain City,OH,8.7,11.1
Plainview,MN,7.3,10.1
Plainville,KS,14.4,21.9
Plano,IL,5.5,7.2
Plattsburg,MO,9.3,11.7
Plattsburgh,NY,16.5,22.1
Pleasanton,TX,10.7,13.8
Pleasantville,OH,10.3,13.9
Pleasureville,KY,18.3,29.3
Plum Branch,SC,19.5,36.6
Plum City,WI,12.1,11.4
Pocatello,ID,32.3,41.7
Point Baker,AK,14.6,20.2
Point Comfort,TX,19.3,30.4
Polk,OH,14.9,25.0
Polkton,NC,24.2,35.2
Pollock,ID,16.0,19.8
Polo,MO,13.4,16.4
Pomeroy,WA,11.5,16.9
Pomona Park,FL,9.5,10.6
Ponce,PR,51.8,68.1
Pond Creek,OK,9.8,13.1
Poplar Bluff,MO,21.3,31.1
Poplar Grove,AR,34.1,52.4
Poplarville,MS,21.6,27.2
Poquoson,VA,4.2,4.6
Port Charlotte,FL,12.2,19.0
Port Huron,MI,14.6,20.5
Port Murray,NJ,8.0,11.9
Port Saint Joe,FL,15.2,22.6
Portales,NM,26.3,37.0
Porter,MN,26.0,36.1
Portis,KS,15.4,27.4
Portland,IN,16.3,22.6
Portland,OR,18.1,23.6
Portola,CA,14.5,17.7
Portsmouth,VA,18.2,30.0
Post,TX,10.4,14.3
Postville,IA,11.1,15.4
Poteau,OK,22.8,28.9
Poulan,GA,21.2,30.2
Powder River,WY,10.7,14.2
Powder Springs,GA,12.6,17.2
Powderly,TX,18.6,27.6
Powellsville,NC,22.3,37.0
Powers Lake,ND,13.6,16.9
Powhattan,KS,16.4,25.5
Prairie,MS,26.6,41.2
Prairie Du Sac,WI,21.1,31.1
Prescott,WA,17.6,21.9
Presidio,TX,21.7,32.6
Preston,GA,22.5,33.1
Preston,MS,60.0,93.6
Primghar,IA,7.3,9.1
Prince George,VA,10.0,13.6
Princeton,IL,12.5,20.6
Princeton,MO,16.0,22.1
Prosser,WA,21.3,30.4
Providence,KY,17.6,27.4
Prudenville,MI,20.6,33.4
Prudhoe Bay,AK,10.2,14.7
Puerto Real,PR,45.4,62.9
Pukwana,SD,35.0,41.1
Pulaski,TN,16.4,20.4
Punta Santiago,PR,44.9,58.3
Puryear,TN,18.5,27.4
Pyote,TX,16.5,21.9
Quakertown,PA,13.1,20.7
Quebradillas,PR,55.5,67.2
Quenemo,KS,13.1,19.6
Quincy,FL,27.1,43.4
Quincy,KY,30.8,42.7
Quitman,AR,14.5,22.1
Racine,WI,12.5,18.4
Radford,VA,39.0,15.0
Rainbow,TX,13.9,18.1
Raleigh,IL,23.0,35.4
Ralls,TX,22.9,33.9
Ralston,IA,10.1,11.3
Ralston,WY,7.2,9.6
Ranburne,AL,17.0,26.3
Randolph,NE,16.2,18.8
Randolph,UT,14.6,20.1
Rapid City,SD,23.5,32.4
Raquette Lake,NY,12.9,13.6
Ratliff City,OK,15.3,20.8
Ravenden,AR,21.1,29.8
Ravenna,KY,28.1,32.2
Ray City,GA,26.6,32.9
Rayville,LA,20.9,30.9
Raywick,KY,20.3,27.0
Red Boiling Springs,TN,18.9,22.2
Red Bud,IL,12.9,16.5
Red Cloud,NE,12.8,17.4
Red Springs,NC,53.8,75.7
Red Valley,AZ,36.6,45.0
Redmond,OR,14.6,18.8
Redvale,CO,11.2,10.7
Redwood Falls,MN,11.8,17.2
Reed Point,MT,12.7,18.7
Reedy,WV,22.1,28.8
Reelsville,IN,14.5,18.1
Refugio,TX,16.9,25.4
Regent,ND,8.8,12.7
Register,GA,32.9,32.4
Reinbeck,IA,6.2,6.4
Reliance,TN,18.9,28.5
Rembert,SC,18.0,26.4
Remsen,IA,7.8,10.3
Renick,MO,19.1,24.7
Reno,NV,15.2,20.2
Rensselaer,IN,8.4,9.7
Resaca,GA,20.0,24.1
Reserve,MT,10.5,11.8
Rice,TX,20.7,31.5
Riceboro,GA,21.3,35.9
Richards,TX,19.8,28.0
Richburg,SC,27.0,41.9
Richey,MT,13.6,27.4
Richfield,KS,18.2,28.2
Richfield Springs,NY,16.5,19.5
Richmond,VA,36.2,56.2
Richton,MS,22.7,35.8
Richview,IL,12.9,16.9
Ridgeville,SC,22.3,31.6
Ridgeway,NC,24.1,35.5
Ridgway,CO,7.8,7.8
Ridgway,PA,8.8,12.6
Rifle,CO,17.4,21.9
Rincon,GA,10.6,14.4
Rincon,PR,97.9,128.8
Ringgold,LA,22.3,23.8
Ringling,MT,14.1,14.5
Ripon,CA,18.6,25.2
Rising City,NE,8.5,10.6
Rising Sun,MD,10.1,14.3
Riverside,RI,7.4,6.3
Rivervale,AR,22.8,35.9
Riviera,TX,26.1,31.0
Roanoke,IN,12.0,16.4
Roanoke,VA,40.7,55.9
Roaring Spring,PA,15.0,22.3
Roaring Springs,TX,16.9,15.3
Robersonville,NC,21.3,29.9
Roberts,MT,11.2,17.5
Roberts,WI,6.5,7.6
Robins,IA,9.8,10.9
Robinson,IL,12.7,17.8
Robstown,TX,18.0,26.4
Rochelle,GA,23.1,28.4
Rocheport,MO,16.7,24.8
Rochester,NH,11.1,12.9
Rochester,WA,12.4,16.4
Rock Island,TN,18.0,29.6
Rockford,IA,12.4,18.2
Rockford,IL,10.9,14.9
Rockford,MN,6.2,7.1
Rockville,MD,6.7,8.5
Rockwood,TN,18.4,27.9
Rogers,AR,32.7,45.4
Rogerson,ID,27.6,38.0
Rolla,KS,10.8,12.9
Rolling Fork,MS,40.3,63.7
Roma,TX,36.6,45.1
Rome City,IN,12.2,18.3
Romney,IN,22.2,21.4
Roopville,GA,20.7,27.7
Roper,NC,21.8,32.7
Roscommon,MI,15.2,19.9
Roseau,MN,10.7,16.8
Roseboro,NC,27.4,41.8
Roseglen,ND,11.6,17.1
Roseville,OH,21.4,31.2
Rossburg,OH,13.3,19.7
Rosston,AR,28.1,46.1
Rossville,IN,10.8,12.6
Rotan,TX,17.5,19.0
Rowlett,TX,6.3,7.5
Roxie,MS,18.9,24.4
Rufus,OR,21.6,28.7
Rugby,ND,29.4,47.1
Rumely,MI,14.3,16.1
Runnemede,NJ,13.2,19.9
Rupert,GA,28.7,42.3
Russell,IA,13.1,16.2
Russell,KS,12.9,18.9
Russell Springs,KY,25.5,34.3
Russellville,AR,20.0,26.3
Russellville,IN,10.2,15.7
Russellville,KY,19.3,27.4
Russellville,OH,14.9,20.6
Russellville,TN,21.3,30.7
Ruston,LA,58.6,70.1
Ruth,MS,29.1,41.2
Rutherfordton,NC,13.9,25.3
Ruthville,VA,13.2,23.2
Rutledge,MO,15.6,19.6
Rutledge,TN,20.6,26.5
Sabana Grande,PR,47.1,42.2
Sacramento,KY,21.1,37.4
Sacred Heart,MN,11.1,17.7
Sadieville,KY,33.2,43.0
Safford,AL,36.4,53.9
Safford,AZ,22.6,29.1
Saginaw,MI,18.3,26.8
Saint Ansgar,IA,9.6,12.6
Saint Bonifacius,MN,12.5,16.8
Saint Clair,MO,11.9,16.4
Saint Clair Shores,MI,12.6,18.9
Saint Hilaire,MN,9.3,10.8
Saint John,ND,35.5,48.9
Saint Louis,MO,38.0,57.9
Saint Marks,FL,14.9,20.6
Saint Mary,MO,9.6,13.9
Saint Marys,GA,12.8,17.9
Saint Marys,KS,8.9,8.5
Saint Onge,SD,13.1,13.4
Saint Paris,OH,12.4,20.6
Saint Paul,MN,16.5,24.3
Saint Petersburg,FL,14.4,21.9
Saint Simons Island,GA,18.7,28.2
Saint Vincent,MN,10.9,17.1
Salem,MO,47.5,68.6
Salem,OR,18.4,27.5
Salem,VA,8.2,11.6
Salemburg,NC,25.5,35.6
Salina,OK,20.4,33.6
Salinas,CA,17.0,25.1
Salinas,PR,50.1,57.2
Salisbury,NC,18.1,27.8
Salt Lake City,UT,12.4,16.2
Saltillo,TN,23.3,31.7
Saluda,VA,7.4,8.4
Salvisa,KY,10.3,13.7
Salyersville,KY,28.6,39.9
San Acacia,NM,25.1,32.5
San Angelo,TX,11.6,19.9
San Augustine,TX,24.8,40.3
San Bernardino,CA,19.5,27.1
San Francisco,CA,13.2,12.7
San German,PR,102.1,131.8
San Juan,PR,91.19999999999999,128.6
San Juan,TX,34.2,45.9
San Lorenzo,PR,48.4,56.5
San Rafael,CA,8.3,10.3
San Sebastian,PR,56.5,61.8
San Ygnacio,TX,37.4,51.6
Sand Lake,MI,18.2,27.2
Sanders,MT,21.9,31.5
Sanderson,FL,18.1,22.1
Sandy Hook,MS,57.099999999999994,84.2
Sandy Ridge,NC,17.0,23.4
Sanford,NC,36.400000000000006,50.3
Santa Barbara,CA,16.3,21.2
Santa Fe,NM,15.6,23.0
Santa Rosa,CA,11.7,14.6
Santa Teresa,NM,28.2,40.7
Sarahsville,OH,12.7,25.5
Sarasota,FL,11.0,16.9
Sardis,OH,19.4,34.7
Satanta,KS,10.3,9.8
Saucier,MS,17.9,23.2
Sauk Rapids,MN,14.9,18.7
Saulsbury,TN,24.8,34.1
Savage,MT,11.4,20.0
Savannah,GA,19.1,29.7
Savonburg,KS,18.0,22.5
Sawyer,OK,28.8,39.9
Saxe,VA,21.3,31.2
Scandia,KS,12.8,21.0
Schellsburg,PA,13.8,19.8
Schlater,MS,41.9,57.3
Scobey,MT,5.8,3.9
Scottown,OH,20.9,28.1
Scotts Hill,TN,21.5,33.4
Scottsville,KY,17.2,21.8
Scottsville,NY,15.2,23.0
Scottsville,VA,19.1,31.3
Seal Beach,CA,12.8,17.6
Seattle,WA,11.2,13.7
Sebasco Estates,ME,12.1,19.9
Secor,IL,8.2,13.1
Sedalia,KY,17.3,23.1
Sedalia,MO,18.1,24.2
Sedgwick,CO,14.4,19.7
Selby,SD,12.2,12.5
Selfridge,ND,35.7,44.3
Selinsgrove,PA,10.8,17.2
Selmer,TN,20.7,25.8
Seminary,MS,27.0,37.8
Seneca,SC,20.1,28.5
Seney,MI,21.4,34.7
Senoia,GA,13.2,19.3
Sentinel,OK,15.2,24.1
Sextons Creek,KY,39.7,50.4
Seymour,TX,11.9,2.2
Shady Dale,GA,20.7,29.5
Shalimar,FL,13.2,22.0
Shallowater,TX,14.6,16.8
Shambaugh,IA,15.3,20.4
Sharon,OK,13.0,17.9
Sharon Grove,KY,18.5,22.6
Shattuck,OK,14.5,18.7
Shawnee,OK,18.2,25.7
Shawsville,VA,10.0,6.9
Sheboygan,WI,9.2,12.9
Shellsburg,IA,9.6,14.9
Shelton,CT,9.0,11.2
Sheridan Lake,CO,13.2,14.9
Shermans Dale,PA,9.4,13.6
Sherwood,MI,17.7,27.8
Shields,ND,8.0,8.9
Shippenville,PA,18.2,20.0
Shipshewana,IN,13.0,19.5
Shirley,AR,24.6,39.0
Shoshone,ID,35.4,47.1
Shuqualak,MS,36.4,46.9
Sibley,IA,8.5,10.9
Sidney,AR,23.6,32.9
Sidney,KY,22.9,28.7
Sikeston,MO,19.6,27.6
Silver City,IA,8.9,9.0
Silver City,MS,33.1,44.5
Silver City,NM,20.8,31.1
Silver Creek,NE,8.9,7.5
Silverton,TX,18.6,27.4
Simpson,IL,15.0,23.1
Singer,LA,20.2,27.4
Sioux Falls,SD,11.8,16.8
Sitka,AK,9.0,9.5
Skagway,AK,4.4,2.0
Skamokawa,WA,17.1,25.0
Skidmore,MO,25.4,29.5
Slaterville Springs,NY,20.5,17.7
Sledge,MS,27.3,39.0
Slinger,WI,5.6,7.4
Smartville,CA,21.9,30.2
Smelterville,ID,17.2,23.9
Smithburg,WV,15.7,17.7
Smithfield,NC,15.4,22.4
Smithville,GA,33.2,52.7
Smithville,TN,20.9,30.1
Sneedville,TN,27.7,34.6
Snelling,CA,26.1,37.7
Snook,TX,16.2,27.0
Snyder,TX,9.9,11.3
Social Circle,GA,14.3,19.0
Soddy Daisy,TN,21.7,23.0
Soldier,KS,11.4,15.1
Solon Springs,WI,15.8,20.7
Somerset,OH,19.3,26.1
Somerville,OH,13.9,18.8
Sondheimer,LA,48.0,66.9
Sonora,TX,8.4,9.9
Sorento,IL,16.5,22.3
Sour Lake,TX,12.2,17.2
South Beloit,IL,16.8,25.7
South Bend,IN,17.8,27.3
South Fork,CO,7.6,0.0
South Plains,TX,22.4,38.5
South Portsmouth,KY,17.7,24.7
South Sioux City,NE,17.2,22.2
Southport,ME,12.1,18.5
Sparks,NV,7.5,9.3
Sparta,GA,61.7,90.9
Spearville,KS,18.2,27.8
Speedwell,TN,23.2,31.4
Speedwell,VA,15.1,17.8
Spencer,ID,18.1,19.9
Spirit Lake,IA,6.6,6.1
Spiritwood,ND,10.9,16.2
Spotsylvania,VA,8.2,10.8
Spring Hill,KS,9.2,12.9
Spring Lake,MI,10.4,11.7
Springdale,AR,20.1,25.3
Springfield,CO,20.5,32.7
Springfield,ID,13.5,18.8
Springfield,IL,15.6,24.2
Springfield,OH,18.3,28.7
Springfield,OR,20.1,22.2
Springport,IN,16.3,23.5
Spruce Pine,NC,20.2,31.2
Squaw Lake,MN,13.6,20.8
Stafford,KS,16.1,25.0
Stanardsville,VA,9.9,9.8
Stanberry,MO,17.0,20.3
Stanchfield,MN,7.4,7.0
Stanley,VA,16.4,20.6
Stanton,TN,22.8,32.3
Staples,MN,16.4,19.5
Stapleton,GA,43.3,71.80000000000001
Stapleton,NE,11.0,16.6
Star,TX,14.6,21.4
Starbuck,MN,9.4,11.5
Starkville,MS,33.7,31.6
Staten Island,NY,12.5,17.3
Statenville,GA,29.0,40.2
Statesville,NC,12.7,18.4
Statham,GA,15.2,20.4
Steamboat Rock,IA,8.8,11.2
Steamboat Springs,CO,10.2,9.0
Steens,MS,23.5,32.9
Stephan,SD,12.2,21.8
Stephens,AR,25.6,36.1
Sterling,IL,12.0,18.0
Sterling,VA,4.0,4.0
Sterling City,TX,16.0,29.9
Stet,MO,14.3,18.8
Stevenson,AL,18.0,25.9
Stewart,OH,33.0,33.6
Stilwell,KS,6.2,7.5
Stilwell,OK,26.9,38.0
Stinnett,TX,16.1,21.7
Stockport,IA,15.0,20.6
Stockton,MD,11.0,15.5
Stockton,MO,24.9,30.0
Stone Harbor,NJ,10.4,15.9
Stone Lake,WI,16.7,30.7
Stoneville,NC,18.7,25.7
Stony Point,NC,17.2,26.3
Stony Point,NY,14.6,25.1
Stowell,TX,10.6,9.7
Strafford,MO,18.9,28.3
Strandburg,SD,7.7,7.3
Strasburg,CO,11.2,15.4
Stratford,CA,22.6,32.1
Stratford,TX,12.4,20.2
Stratford,WI,10.6,15.6
Strawn,TX,19.8,27.0
Streetman,TX,14.9,25.1
Stringtown,OK,22.5,29.6
Stuart,FL,12.1,19.6
Suamico,WI,11.7,15.7
Sudlersville,MD,7.5,11.0
Suffolk,VA,11.5,17.8
Sugar City,CO,33.4,40.9
Sugar City,ID,35.7,25.3
Sula,MT,18.0,28.6
Sulligent,AL,24.1,37.2
Sullivan,IL,13.3,22.3
Sullivan,KY,27.7,32.4
Sulphur,LA,17.1,24.7
Sulphur Springs,TX,19.9,31.3
Summerfield,KS,11.1,15.6
Summersville,MO,21.7,29.5
Summertown,TN,20.3,31.0
Summit,MS,49.0,75.2
Summit,SD,20.2,32.3
Sumner,MO,16.4,20.7
Sunburg,MN,12.5,20.8
Sunbury,NC,14.2,25.6
Sunbury,PA,13.8,21.3
Sundance,WY,14.1,27.6
Sunnyside,WA,14.2,21.9
Sunset,LA,27.9,40.7
Suquamish,WA,10.6,13.2
Surry,VA,12.9,19.4
Sutton,AK,10.0,12.5
Swanquarter,NC,17.7,24.6
Swansea,SC,19.6,27.3
Sweet,ID,18.0,26.7
Sweetwater,TN,19.3,30.6
Sycamore,GA,26.0,35.7
Sylacauga,AL,19.3,27.5
Sylva,NC,17.2,28.9
Symsonia,KY,10.8,14.5
Syracuse,KS,14.3,26.9
Syracuse,UT,7.7,9.0
Tacoma,WA,12.7,17.3
Tahoka,TX,19.3,31.9
Talala,OK,14.4,22.0
Tallahassee,FL,22.3,20.6
Talmage,NE,10.9,14.7
Tannersville,VA,17.7,22.7
Taos Ski Valley,NM,24.2,38.8
Tappahannock,VA,13.9,19.7
Tarpley,TX,13.0,21.1
Taylor,AR,24.4,32.4
Taylor,MO,18.3,26.5
Taylor,MS,25.8,25.5
Taylorsville,KY,13.0,17.1
Taylorsville,NC,19.6,27.3
Tea,SD,4.4,4.0
Teigen,MT,6.8,8.4
Tekonsha,MI,17.5,25.4
Tell,TX,20.2,28.8
Terra Bella,CA,28.1,37.9
Terre Haute,IN,20.5,27.6
Terrebonne,OR,20.5,32.0
Terry,MT,17.8,26.4
The Dalles,OR,16.1,20.7
Thedford,NE,8.2,13.7
Theodosia,AR,24.3,31.3
Thornton,WV,16.6,25.3
Three Rivers,TX,15.3,23.7
Three Springs,PA,13.7,19.9
Tignall,GA,25.0,40.2
Tilden,NE,12.7,15.9
Tilden,TX,11.8,11.3
Tiline,KY,14.7,16.1
Tillar,AR,33.0,49.8
Timewell,IL,10.9,10.2
Timmonsville,SC,23.9,33.9
Tioga,ND,13.5,18.5
Tippecanoe,IN,14.9,21.5
Tiptonville,KY,27.0,40.9
Tobias,NE,12.5,20.3
Tokio,TX,15.3,17.9
Toledo,IL,15.8,21.9
Toledo,OH,21.1,30.1
Toluca,IL,10.1,16.3
Topeka,KS,15.2,21.0
Topton,NC,19.1,29.9
Torrey,UT,15.4,12.9
Tow,TX,14.9,25.7
Townsend,MT,9.9,13.0
Trade,TN,25.6,33.1
Trail City,SD,27.8,33.7
Treloar,MO,13.8,20.9
Trenton,MO,20.3,27.3
Trenton,NJ,11.5,16.4
Tribune,KS,8.1,13.8
Trimble,TN,17.8,25.1
Trinchera,CO,14.9,16.5
Trion,GA,41.5,53.900000000000006
Tripp,SD,22.1,29.8
Trout,LA,21.0,27.3
Trout Creek,MT,22.4,39.1
Troy,NY,13.5,17.1
Troy,VA,10.2,9.6
Truckee,CA,21.6,27.6
Trujillo Alto,PR,29.8,40.8
Truman,MN,10.8,16.3
Trumbull,NE,11.8,15.9
Tuckasegee,NC,22.0,31.2
Tullahoma,TN,17.1,21.4
Tumacacori,AZ,23.5,29.8
Tunkhannock,PA,11.0,18.1
Tununak,AK,25.2,31.0
Turkey,TX,26.9,39.9
Tuscumbia,MO,20.1,29.9
Tuthill,SD,40.5,53.9
Tuttle,OK,12.7,17.5
Tutwiler,MS,24.9,29.9
Twin Lake,MI,19.2,27.9
Twin Lakes,CO,11.5,14.0
Two Dot,MT,19.7,30.9
Two Harbors,MN,13.0,22.4
Tylerton,MD,24.7,39.7
Tyndall,SD,10.4,11.0
Tyner,NC,19.6,34.1
Tyro,VA,14.7,16.6
Tyrone,GA,8.5,12.1
Ullin,IL,20.2,27.2
Ulysses,KS,10.7,12.3
Umpire,AR,21.8,36.3
Unalaska,AK,9.1,9.0
Underwood,IN,17.8,28.9
Union,MS,27.2,42.3
Union,SC,20.3,30.4
Union Point,GA,24.9,44.7
Union Star,KY,16.7,23.5
Uniontown,AR,18.5,27.7
Unionville,IN,24.8,18.7
Unionville,MI,15.7,25.7
University Park,IA,14.7,17.4
Upland,IN,18.7,28.6
Upland,NE,13.1,16.3
Urbana,IL,22.8,22.9
Utica,SD,14.2,18.0
Utuado,PR,52.3,64.2
Valdosta,GA,54.1,75.69999999999999
Vale,OR,25.5,36.1
Vale,SD,10.6,7.3
Vallejo,CA,10.3,13.3
Valley Center,KS,15.1,21.7
Valley Grove,WV,16.1,22.2
Valley Lee,MD,7.9,10.5
Valley Springs,AR,17.7,25.1
Valley Springs,CA,12.6,13.3
Valley Stream,NY,6.2,8.2
Vallonia,IN,14.8,21.0
Van,TX,17.4,24.8
Van Buren,OH,13.9,20.3
Van Horn,TX,29.7,41.7
Vanderbilt,MI,13.8,20.7
Vanderbilt,TX,12.4,15.5
Vanleer,TN,23.1,37.0
Vanzant,MO,22.2,36.9
Varnell,GA,18.8,27.2
Varnville,SC,20.8,31.2
Vaughn,NM,14.1,20.4
Vega Alta,PR,135.0,158.8
Venango,NE,6.9,9.4
Ventura,IA,13.4,17.4
Venus,PA,15.4,25.9
Vernal,UT,9.3,9.4
Vernon,NJ,5.7,6.9
Vero Beach,FL,14.4,23.1
Verona,VA,17.7,28.9
Versailles,KY,13.1,21.5
Vevay,IN,19.6,32.5
Vian,OK,25.1,37.7
Vicksburg,MI,18.3,20.7
Vicksburg,MS,22.6,36.2
Victoria,KS,15.6,12.7
Victoria,TX,16.4,25.0
Victory Mills,NY,6.6,8.0
Vidalia,GA,19.6,31.5
Vienna,ME,13.8,19.2
Vienna,SD,7.3,8.7
Vieques,PR,39.1,58.1
Villalba,PR,54.0,68.3
Villard,MN,9.6,10.4
Ville Platte,LA,26.6,35.3
Villisca,IA,10.2,9.5
Vincent,KY,37.9,40.2
Virginia Beach,VA,8.3,12.4
Volborg,MT,11.3,11.1
Wa Keeney,KS,4.1,2.1
Wabeno,WI,16.9,20.0
Waco,NE,10.8,14.3
Waddy,KY,14.6,22.8
Wakefield,KS,12.4,17.7
Walden,CO,11.7,20.8
Walkerton,IN,17.4,29.4
Wall,TX,14.9,19.9
Walla Walla,OR,17.6,24.3
Wallace,KS,8.2,7.6
Wallace,NC,26.7,38.9
Walland,TN,14.1,19.8
Walnut,IL,11.1,13.7
Walnut,KS,22.0,20.0
Walnut,MS,45.7,65.6
Walsenburg,CO,18.5,19.1
Walstonburg,NC,25.7,38.1
Walton,KS,13.2,20.2
Wanchese,NC,8.3,10.7
Wann,OK,18.7,24.4
Ward Cove,AK,12.1,15.6
Warfield,KY,35.2,43.0
Warner Robins,GA,16.8,23.6
Warren,ME,11.2,14.7
Warren,TX,16.7,22.4
Warren,VT,10.1,12.4
Warsaw,KY,15.3,22.7
Wartrace,TN,10.8,23.3
Warwick,GA,32.8,46.9
Washburn,TN,21.5,30.5
Washington,KS,11.7,17.5
Washington,KY,18.2,25.0
Washington Court House,OH,18.4,28.0
Washougal,WA,13.7,14.4
Wataga,IL,18.8,30.5
Waterloo,AL,17.9,25.7
Waterloo,IA,15.7,18.8
Waterloo,OH,18.3,23.9
Waterproof,LA,35.4,51.4
Wathena,KS,12.4,20.4
Watkins Glen,NY,14.5,18.5
Watrous,NM,23.4,22.0
Watseka,IL,16.6,26.9
Waubun,MN,24.9,37.8
Wauchula,FL,27.4,39.7
Waucoma,IA,12.9,17.0
Waupaca,WI,15.1,13.2
Waurika,OK,21.3,30.3
Wautoma,WI,13.9,22.6
Waverly,IA,8.3,9.2
Waverly,MO,11.5,15.7
Waxahachie,TX,12.1,17.1
Waycross,GA,23.7,31.8
Wayland,MO,13.7,20.4
Wayne,OK,18.6,22.6
Waynesboro,VA,18.3,27.1
Waynesburg,KY,25.0,34.1
Waynesville,IL,12.9,20.5
Waynetown,IN,12.0,13.9
Weatherford,TX,9.9,14.9
Weaubleau,MO,26.0,43.8
Webb,IA,11.5,20.1
Webb City,MO,17.1,22.9
Webbville,KY,31.3,40.8
Webster,IA,13.5,18.9
Weinert,TX,20.5,35.1
Weirton,WV,13.1,20.7
Welch,TX,16.6,17.2
Welcome,MN,11.4,17.6
Welda,KS,17.5,28.6
Wellington,TX,22.6,40.1
Wellman,IA,9.3,13.4
Wellston,OH,20.7,33.0
Wellsville,MO,17.6,23.0
Wellton,AZ,20.7,29.0
Wenden,AZ,19.1,33.8
West Branch,MI,21.8,37.1
West Fargo,ND,12.1,11.3
West Harrison,IN,9.3,12.7
West Liberty,IA,12.4,19.0
West Liberty,KY,27.7,41.2
West Liberty,OH,14.5,21.7
West Monroe,LA,24.7,37.2
West Palm Beach,FL,14.5,22.2
West Pawlet,VT,12.5,17.4
West Point,IA,16.8,24.3
West Salem,IL,12.9,16.9
West Salem,OH,13.2,20.4
Westcliffe,CO,17.4,24.5
Westerville,OH,4.5,4.7
Westfield,WI,14.1,26.3
Westhope,ND,8.5,9.9
Weston,OR,17.6,26.6
Westpoint,TN,21.8,33.4
Westport,IN,14.2,22.7
Westport,SD,22.1,16.7
Wewahitchka,FL,14.3,19.1
Wheatland,WY,16.1,32.1
Wheelersburg,OH,25.3,33.0
White City,OR,19.0,26.5
White House,TN,9.3,12.7
White Lake,MI,10.1,13.1
White Mountain,AK,27.0,32.5
White Pigeon,MI,14.7,22.2
White Sulphur Springs,WV,18.7,24.3
Whitehall,MT,20.2,29.6
Whites City,NM,11.3,12.5
Whitewater,MT,15.9,17.1
Whiting,VT,9.2,12.9
Whitman,NE,11.4,12.9
Whitney,TX,20.8,33.6
Whitwell,TN,35.5,48.1
Wibaux,MT,15.3,17.6
Wichita,KS,10.4,14.8
Wichita Falls,TX,17.6,25.6
Wilderville,OR,20.1,30.1
Wildorado,TX,20.8,28.8
Wildrose,ND,7.9,7.6
Wildwood,FL,10.9,28.7
Willard,NY,12.7,15.9
Williams,AZ,22.7,26.3
Williams,MN,9.3,9.9
Williamsburg,KY,67.0,84.6
Williamsburg,MO,14.4,19.7
Williamsburg,NM,20.8,33.4
Williamsburg,VA,30.5,30.8
Williamson,GA,22.7,33.0
Williamsville,VT,12.8,17.4
Williston,FL,18.4,31.3
Willmar,MN,11.7,17.6
Willow,OK,14.6,16.8
Wilmar,AR,23.0,30.6
Wilmington,NC,17.7,23.3
Wilmington,NY,10.7,15.6
Wilmore,KS,7.2,9.5
Wilmot,SD,8.1,7.1
Wilsey,KS,8.9,11.3
Wilson,LA,19.4,27.3
Wilton,AR,19.3,28.9
Wimberley,TX,16.9,17.4
Winamac,IN,14.2,20.7
Winchester,KY,15.4,20.4
Winchester,OH,24.6,31.4
Winchester,VA,22.5,27.3
Winder,GA,7.3,9.1
Windfall,IN,10.0,19.6
Winnebago,NE,30.6,41.6
Winnemucca,NV,17.5,27.6
Winnsboro,TX,31.2,48.4
Winona,KS,8.4,7.4
Winslow,IL,15.0,22.1
Winter Park,FL,29.9,41.3
Winters,TX,20.3,29.0
Winterville,GA,17.1,23.0
Wister,OK,17.7,23.0
Witten,SD,22.8,37.3
Wolf Point,MT,9.0,8.3
Woodburn,IA,16.4,26.3
Woodbury,TN,21.2,30.3
Woodland,CA,19.9,18.7
Woodland,GA,20.0,20.7
Woodland,MI,10.8,15.6
Woodville,VA,9.9,16.3
Woodward,IA,10.1,12.3
Worland,WY,24.5,33.7
Worthington,IA,10.0,14.2
Wray,CO,14.5,22.4
Wray,GA,35.3,49.5
Wynne,AR,23.5,25.7
Wyoming,MN,5.5,3.5
Yabucoa,PR,52.3,62.1
Yakutat,AK,5.4,6.5
Yale,SD,20.8,34.1
Yancey,TX,14.9,21.1
Yazoo City,MS,39.7,49.1
Yeso,NM,22.8,14.4
Yoakum,TX,24.299999999999997,32.2
York,PA,10.7,16.5
Yorkshire,OH,10.3,14.2
Young America,IN,15.6,23.7
Young Harris,GA,13.5,19.4
Youngstown,OH,18.0,30.1
Youngsville,LA,16.0,20.4
Ypsilanti,MI,15.4,14.8
Yuma,CO,10.4,11.3
Zachary,LA,19.6,26.9
Zalma,MO,21.7,30.3
Zebulon,NC,18.5,26.2
Zeigler,IL,18.5,26.3
Zenda,KS,10.7,15.6
Zwingle,IA,12.1,15.3
