City,Employed,Unemployment
Aberdeen,26197,14.3
Abilene,60708,5.9
Abingdon,151716,13.3
Adams Run,66723,8.0
Addison,46113,16.700000000000003
Adena,29728,8.5
Adger,24043,11.4
Adjuntas,4093,36.5
Adrian,43868,16.0
Afton,9468,20.0
Aguada,26156,48.3
Aguadilla,10452,20.3
Aguas Buenas,6459,24.6
Aguirre,7804,12.1
Aiken,8026,14.7
Akron,20034,22.700000000000003
Akutan,2519,2.9
Alamo,5766,7.4
Alamogordo,22092,12.7
Alamosa,5093,8.1
Albany,184129,67.30000000000001
Albion,2777,1.2
Albrightsville,28973,8.6
Albuquerque,307756,8.4
Alexander,5012,4.2
Alexander City,33636,8.3
Alexandria,48414,8.5
Alice,4336,10.9
Aliceville,4416,16.8
Alix,6592,11.0
Alleghany,1110,8.0
Allen,444189,4.9
Allendale,4197,6.1
Allenhurst,5728,15.6
Alleyton,9169,4.2
Alliance,2564,1.4
Allison,2688,3.9
Allouez,842,7.0
Alma,10204,11.0
Alma Center,9294,5.6
Almena,22257,6.0
Almyra,8088,8.3
Alpena,16977,20.2
Alpharetta,471816,9.9
Alpine,1470609,16.4
Alston,3394,6.7
Altamont,74134,7.4
Alto,25000,15.0
Altonah,7875,5.2
Altoona,121642,9.7
Altus,10388,7.6
Alva,6541,7.7
Alvo,13103,3.8
Amado,422371,10.0
Amargosa Valley,14143,13.4
Amarillo,118690,9.2
Amasa,4324,9.0
Amboy,201261,8.6
Amelia,5529,0.9
Amistad,1692,2.1
Amity,4476,6.6
Anaconda,5099,11.1
Anamosa,9815,5.0
Anawalt,4627,13.3
Anchorage,152355,6.7
Andalusia,26496,26.799999999999997
Anderson,81226,9.2
Andersonville,4461,18.7
Andrews,17285,12.3
Angela,4002,10.6
Angola,5021,8.5
Angoon,1086,13.1
Angora,2451,4.0
Animas,1867,12.2
Annabella,8449,5.9
Annapolis,4854,10.2
Anniston,47401,12.3
Antigo,8779,8.2
Apache,11208,9.5
Appleton City,3408,9.3
Arab,38140,8.4
Aragon,1049,4.6
Aransas Pass,9464,6.8
Arapahoe,7430,13.1
Arcadia,20041,24.299999999999997
Arcanum,68494,14.899999999999999
Arco,960,6.8
Arcola,9415,6.1
Ardenvoir,33140,7.5
Ardmore,4078,6.7
Arena,12424,4.7
Arkadelphia,9780,8.4
Arlington,1172376,32.5
Armagh,38903,7.8
Armour,1538,0.4
Armstrong,185,0.0
Arnett,29014,6.6
Arnold,7626,15.7
Arpin,36445,6.6
Arroyo,4000,22.9
Artemus,9477,15.7
Ash,45213,11.4
Ash Grove,151111,13.8
Ashburn,18938,18.3
Ashburnham,403519,7.8
Ashford,7592,9.2
Ashland,862492,34.5
Ashley,2755,1.5
Aspen,10290,7.7
Assaria,28311,5.0
Astoria,1104930,8.6
Atchison,7519,7.3
Athens,112353,26.3
Atkins,8306,8.1
Atlanta,2937,16.0
Atlantic,14296,6.8
Atlantic City,128151,12.5
Attleboro,269391,9.0
Atwood,10700,11.5
Au Gres,5569,12.0
Auburn,22704,52.5
Auburntown,5724,12.9
Audubon,15929,3.5
Augusta,340181,32.5
Aurora,244002,19.3
Austin,604495,22.5
Austinburg,40422,8.9
Austinville,13033,6.7
Autaugaville,23986,7.6
Avera,5097,17.0
Avinger,11964,9.2
Avoca,5003,4.2
Avondale,65300,10.8
Axtell,117121,14.399999999999999
Axton,21466,10.0
Azle,27154,7.5
Bainbridge,21652,7.1
Bajadero,23545,17.7
Baker,1632,3.3
Baker City,6376,10.1
Bakersfield,343499,21.0
Baldwin,23564,4.8
Baldwyn,37654,7.8
Balko,2555,3.0
Ball Ground,110111,6.3
Baltic,19207,4.2
Baltimore,270930,13.1
Bandana,3489,6.2
Banks,14462,10.2
Barceloneta,3140,15.7
Barksdale,912,4.9
Barnesville,13216,13.1
Barnhart,106972,8.3
Barnum,16774,8.4
Barranquitas,14236,29.900000000000002
Bartlett,233418,6.0
Barton,23960,6.9
Bartow,7370,12.2
Basehor,33513,5.9
Basile,24619,10.1
Bassett,17164,12.0
Batavia,29675,6.7
Bates,2878,9.0
Batesburg,8107,9.0
Batesville,13088,7.4
Bath,6190,9.5
Bath Springs,4569,10.1
Battle Creek,18727,3.1
Battle Ground,11433,6.0
Battle Mountain,853,4.7
Bauxite,53363,5.3
Bay City,61787,16.1
Bay Port,13869,7.8
Bayamon,68598,16.1
Bayport,735010,6.4
Beach,964,1.0
Beach Haven,246680,8.8
Bealeton,34515,5.0
Bear Creek,29621,9.0
Beattyville,1967,9.7
Beaufort,70487,7.2
Beaumont,4014,7.4
Beaverton,287079,20.799999999999997
Bechtelsville,197703,9.0
Becker,47444,5.2
Bedford,3598,14.6
Bee Branch,5478,11.2
Beeson,23443,5.1
Beeville,10451,7.0
Bejou,3105,5.1
Belden,13476,6.6
Belgium,45522,4.5
Bella Vista,69261,10.3
Bellaire,9528,9.7
Belle Plaine,74498,4.6
Belleview,3878,11.4
Belleville,116537,8.9
Bellevue,92250,11.2
Bells,54835,7.8
Belmont,20410,9.2
Belpre,26082,6.8
Belvidere,5711,12.7
Bend,8014,13.5
Benicia,187021,11.4
Benkelman,932,4.0
Bennett,9763,3.0
Bennington,20923,13.4
Benzonia,7579,8.4
Berea,11131,23.700000000000003
Berkeley Springs,7144,12.3
Berlin Heights,35636,7.7
Bern,2598,3.3
Bernalillo,58433,9.2
Berryton,7264,8.2
Berthoud,129395,6.6
Berwick,21161,12.2
Bessemer,5759,9.5
Bethlehem,555416,15.600000000000001
Bethune,3421,5.9
Beulah,12691,18.900000000000002
Biddeford,103506,5.9
Big Cabin,16849,7.0
Big Pine Key,38504,6.0
Big Rock,11938,20.7
Big Sandy,8354,18.6
Big Spring,499,2.5
Big Wells,4210,10.3
Bighill,39435,8.6
Biglerville,50517,5.7
Billings,116150,10.5
Billingsley,17895,9.1
Binford,1203,2.0
Bingen,7766,7.0
Bird City,1321,1.9
Birdsnest,4830,9.5
Birmingham,293202,9.1
Bisbee,1059,2.9
Bishop,15431,20.2
Bismarck,62668,9.899999999999999
Black River,44732,10.6
Black River Falls,20936,6.5
Blacksburg,66614,16.2
Blackstone,5644,10.8
Blackwell,7911,10.8
Blanchard,16399,6.2
Blanchardville,8705,3.6
Blanchester,115667,14.7
Blanco,23129,12.600000000000001
Bledsoe,1180,8.5
Bloomery,8878,8.1
Bloomfield,5468,6.1
Bloomingdale,32252,8.4
Bloomington Springs,30346,8.4
Blountsville,22189,7.7
Blue Mound,15151,5.4
Blue Mountain,10949,10.7
Blue Ridge,13259,6.7
Blue River,26157,4.6
Blue Springs,337352,11.899999999999999
Bluff City,2750,3.7
Bluff Dale,22208,5.0
Bluffton,8567,8.3
Bogart,26679,7.9
Bogata,4697,7.2
Boise,2768,10.5
Bomont,2891,12.3
Bond,8274,5.7
Bonesteel,2007,2.1
Bonita Springs,141106,7.8
Bonners Ferry,3888,4.7
Boone,23928,9.5
Boones Mill,25149,6.2
Boonville,15747,8.3
Boston,438862,29.0
Boswell,18472,8.1
Boulder,2000,8.6
Bouton,40388,2.6
Boutte,24804,7.7
Bovina,4665,3.6
Bowie,477180,20.9
Bowlegs,9379,8.4
Bowling Green,122186,15.100000000000001
Bowman,1721,1.8
Box Elder,7364,4.0
Boyertown,418411,6.4
Bozeman,52450,6.3
Bracey,19061,17.4
Brackenridge,612259,7.1
Brackettville,1213,13.2
Bradenton Beach,140416,8.6
Bradford,22757,17.2
Bradgate,3483,4.9
Bradleyville,23414,9.0
Brady,3727,4.3
Braidwood,333433,7.8
Branchville,8399,5.6
Brandon,608977,9.0
Brandy Station,22103,7.3
Brasstown,3920,12.3
Braxton,69233,5.4
Brazil,6730,7.8
Breaux Bridge,23921,7.2
Breckenridge,12093,9.5
Breda,5151,4.0
Breeding,2449,10.2
Bremen,21470,8.3
Bremo Bluff,12076,5.2
Bremond,6068,7.2
Brenham,27863,11.3
Brewerton,220774,7.2
Briceville,31814,7.7
Bridgeport,29587,7.4
Bridgeton,63220,11.1
Bridgeville,4832,9.0
Bridgewater Corners,28487,5.1
Brierfield,8294,8.3
Brighton,27209,10.6
Brightwood,5965,6.6
Briscoe,1812,3.7
Bristol,535287,39.1
Bristow,11361,13.6
Broadus,965,4.5
Broadview,22566,13.7
Brocket,5910,1.2
Broken Bow,12348,8.3
Bronston,25669,9.1
Bronx,563903,14.0
Brookesmith,15006,4.3
Brookings,19007,3.1
Brooklyn,1226290,19.3
Brooks,37079,7.6
Brooksville,58359,13.7
Brookville,19756,6.4
Broomfield,294390,5.9
Browns Valley,1623,2.9
Brownsville,148011,10.0
Brownton,18957,4.5
Brunswick,109657,14.0
Brusly,11757,6.5
Brutus,10029,13.9
Bryan,98294,6.4
Buchanan,544696,29.300000000000004
Buckatunna,7906,9.4
Buckhannon,9682,8.0
Buckholts,9212,9.6
Buena Vista,10994,13.2
Buffalo,10927,18.2
Buford,84198,7.5
Buhl,6844,3.8
Bullhead City,66880,13.2
Bullock,17461,12.2
Buna,12347,11.4
Buncombe,7339,7.0
Burbank,7510,6.8
Burgaw,23242,9.8
Burley,9136,4.8
Burlington,105272,18.200000000000003
Burlington Junction,11209,7.2
Burns,21847,7.5
Burnsville,7885,10.5
Burton,5548,8.1
Burwell,1062,2.4
Bushnell,1658,5.1
Bussey,17020,4.0
Butte,17461,8.1
Butternut,2560,7.0
Byhalia,82634,7.6
Byrdstown,2166,4.9
Byron,75494,21.0
Cabins,4974,6.7
Cadiz,5584,8.4
Caguas,48083,15.9
Cairo,33568,19.9
Caldwell,16310,11.7
Caledonia,30099,5.4
Calhoun,53300,14.2
Calhoun City,5580,10.1
Caliente,1714,11.8
Call,4911,12.1
Calumet,15440,7.2
Calvin,9824,8.4
Camarillo,398116,8.6
Cambria,9016,5.7
Cambridge,45521,21.6
Camden,23624,21.8
Cameron,4285,6.8
Camilla,7956,13.5
Camp Douglas,11520,7.1
Camp Hill,121280,5.6
Campbellsburg,11783,10.1
Campbelltown,65090,6.9
Campton,46892,17.2
Camuy,8899,21.4
Canandaigua,53394,6.4
Candor,27245,24.3
Cannelburg,14319,5.4
Cannon Beach,16843,7.6
Canovanas,14797,22.6
Canton,183129,17.1
Cantwell,1210,2.3
Cape Coral,263079,10.1
Carey,11941,4.1
Carlyle,19250,4.9
Carmel,51412,6.8
Carolina,63979,14.5
Carpenter,7066,5.800000000000001
Carrabelle,4331,9.4
Carrington,1786,1.3
Carrollton,17246,8.3
Carson,5299,16.3
Carson City,23603,11.3
Cartersville,49161,18.9
Carthage,58062,37.2
Cartwright,4766,3.0
Cascade Locks,11251,5.1
Casco,10404,4.7
Cassatt,26360,10.5
Castalia,26738,9.9
Castell,2018,6.8
Castleford,36316,5.9
Cataldo,65216,7.9
Cataula,15071,8.0
Catoosa,34531,6.0
Cave City,15303,6.9
Cayce,132105,7.5
Cayey,15825,12.8
Cayuga,6686,6.5
Cecil,7043,6.6
Cedar Bluff,10211,8.0
Cedar Falls,63160,9.0
Cedar Valley,241085,5.5
Ceiba,3738,12.2
Centenary,11875,13.9
Center,14439,11.2
Center Harbor,30396,5.3
Centerview,23900,8.0
Centerville,51158,24.1
Central,50816,9.2
Central Bridge,14179,10.5
Central City,3159,4.9
Centralia,17066,9.6
Centreville,603966,4.9
Ceres,208428,15.2
Ceresco,10624,3.5
Chadwick,6866,8.1
Challis,1784,3.3
Chamberlain,2583,2.6
Chambers,494,2.9
Chapel Hill,70264,6.4
Chapin,184364,9.4
Chapmansboro,18572,7.8
Chapmanville,11765,10.9
Chappell,1023,4.3
Charleston,311202,25.9
Charlo,11798,9.9
Charlottesville,23605,4.3
Chase,7062,11.5
Chateaugay,20094,8.8
Chatfield,28307,6.2
Cherokee,41411,31.4
Cherryvale,4052,6.5
Chesapeake,105953,7.5
Chester,290153,21.6
Chester Gap,18689,7.2
Chesterland,46540,4.1
Cheyenne,46206,5.0
Cheyenne Wells,932,9.3
Chicopee,212742,10.0
Chicora,29897,8.5
Chiefland,14392,11.1
Chili,15579,4.8
Chillicothe,8312,11.0
Chilton,26679,3.1
Christiana,141737,6.8
Christmas Valley,3037,10.6
Church Hill,21893,10.0
Ciales,3472,17.7
Cibolo,66822,5.7
Cidra,15006,13.7
Cincinnati,383555,8.8
Cincinnatus,24080,6.1
Cisco,6803,4.4
Claremont,9711,6.1000000000000005
Clarence,78202,10.899999999999999
Clarendon,1411,3.9
Clark,1826,2.8
Clarks Mills,50055,6.8
Clarksdale,8583,5.0
Clarkson,3151,2.6
Clarkston,9439,9.6
Clay City,6270,6.7
Clayton,91029,39.2
Cle Elum,19811,7.8
Clearbrook,3634,7.4
Cleveland,722499,37.7
Clifford,14663,6.6
Clifton,11334,9.8
Clifton Forge,6539,5.1
Clinton,1742,8.8
Clio,8597,17.6
Cloquet,16478,5.4
Clover,112791,8.9
Cloverdale,9747,7.8
Cluster Springs,14234,7.5
Coahoma,13924,6.4
Coal City,23887,7.8
Coalgate,2296,9.1
Coamo,11567,11.5
Coats,4618,5.6
Coatsville,1891,7.4
Coeburn,5017,8.4
Coffeeville,8169,9.4
Colby,4376,2.7
Cold Brook,29074,8.7
Coldwater,11418,10.0
Colebrook,14644,6.9
Coleman,46136,19.5
Collierville,17031,8.5
Collins,7310,7.9
Collinston,9888,8.0
Collison,32514,10.7
Colonial Heights,7672,8.3
Colorado City,2955,5.5
Colt,9259,11.7
Columbia,58308,20.6
Columbia City,16503,5.3
Columbia Falls,43907,7.0
Columbiaville,37682,10.5
Columbus,137741,22.799999999999997
Columbus Grove,17579,3.4
Comanche,19029,6.6
Comer,6355,5.3
Comerio,4776,20.6
Comfort,16597,4.5
Comfrey,5408,4.9
Comins,2792,13.2
Commerce,20960,17.8
Commiskey,12285,9.7
Concord,9589,12.0
Concrete,51761,8.2
Conehatta,8319,10.6
Conley,114144,14.1
Connellsville,53700,8.4
Conover,8986,8.0
Conrad,2738,6.0
Conroe,230258,6.1
Converse,35740,9.2
Conway,136354,24.6
Conway Springs,10758,7.0
Cook Station,9393,12.7
Coon Valley,13450,4.0
Cooper,4452,5.6
Coquille,23458,11.7
Cora,5541,5.4
Corinth,82067,14.6
Cornersville,13637,8.4
Corning,23127,13.2
Cornish,21617,5.8
Corsica,1352,1.9
Cortez,11075,9.5
Corunna,49244,17.8
Corwith,5640,1.5
Cosby,58882,18.5
Coshocton,15576,7.8
Cost,8422,6.5
Cotopaxi,13983,9.2
Cotter,15229,7.6
Cotton Center,14265,8.1
Cottonwood Falls,1187,2.9
Cotulla,2307,8.1
Couch,4083,7.1
Coulee City,18034,6.5
Council,1474,11.3
Coupeville,31525,9.0
Courtland,12826,10.3
Cove City,40530,11.4
Covington,173205,45.699999999999996
Coxsackie,19731,9.1
Coy,2838,20.8
Crab Orchard,22332,12.6
Craigsville,6262,9.0
Craigville,14982,6.2
Crane,6696,11.3
Crawford,1698,0.8
Crawfordsville,5614,4.8
Crawfordville,4372,21.0
Crayne,3645,7.1
Crenshaw,2324,25.3
Creole,3077,6.3
Cresco,76767,12.0
Crestline,18142,8.1
Creston,8650,13.8
Creswell,1350,14.1
Cromwell,8906,9.6
Crook,10407,9.0
Cropwell,36977,8.4
Crossville,27778,7.7
Crowell,1980,16.799999999999997
Crowley,68950,7.3
Crown Point,212423,10.5
Crystal Spring,6598,7.5
Crystal Springs,10280,14.3
Cub Run,6958,9.6
Cuba,15565,7.9
Culbertson,4933,9.8
Culebra,661,3.2
Cullman,32282,7.3
Cumberland,8189,9.8
Cumberland Center,152196,5.4
Cumberland Gap,11935,8.2
Currie,4244,4.5
Cushing,39289,17.6
Cusseta,15893,25.4
Cut Bank,4515,14.4
Cutler,8312,8.0
Cuyahoga Falls,258416,8.4
Cynthiana,12101,5.3
Cypress,19865,23.5
Daggett,10346,8.5
Dahlonega,9787,8.5
Dailey,11833,6.7
Daisy,3979,10.3
Dakota City,4652,4.8
Daleville,72394,27.6
Dalhart,5671,7.699999999999999
Dalton,62596,8.9
Damon,154290,5.4
Dana,51452,9.8
Danville,51170,23.2
Darlington,17497,6.9
Datto,6283,9.5
Davidson,76079,9.8
Davis,3052,7.6
Dawson Springs,24784,15.399999999999999
Dawsonville,103442,16.2
Dayton,325262,28.1
De Borgia,1527,11.8
De Mossville,6507,6.4
De Queen,7173,9.3
De Smet,2631,2.0
De Soto,7491,6.5
Dearborn,42029,7.5
Deary,18842,7.6
Decatur,55379,24.9
Decorah,19134,9.0
Dedham,358283,6.9
Deer Island,20362,9.8
Deer Lodge,6893,8.5
Deer Park,5656,20.0
Deer Trail,12373,6.7
Deerfield,287151,4.9
Defuniak Springs,25377,7.9
Delcambre,25011,8.5
Delta,37704,16.9
Deltona,199287,9.1
Deming,8383,13.8
Denhoff,629,2.0
Denmark,5527,10.9
Dennis,102995,7.0
Denver,349355,10.6
Denver City,11414,12.1
Depew,29749,5.7
Derry,166354,5.6
Detroit,696900,14.9
Devol,2607,9.2
Dewy Rose,16870,17.0
Dexter,34550,23.6
Diaz,5585,7.9
Dickinson,24223,22.2
Dilley,6618,5.2
Dillon,18171,4.7
Dingmans Ferry,24320,11.6
Dinwiddie,12653,9.7
Disputanta,2551,6.9
Divide,11501,8.2
Dixfield,25041,9.2
Dixon Springs,3376,10.5
Dodge,23009,8.399999999999999
Dodson,7494,19.7
Dolliver,4955,4.6
Donaldsonville,55380,6.4
Donnelly,4292,5.7
Doon,5968,2.4
Dorado,42008,38.4
Doswell,52677,4.4
Dothan,50989,16.4
Douglas,15358,8.3
Douglass,27638,8.6
Douglasville,61844,10.5
Dove Creek,801,4.6
Dover,82535,12.0
Dow City,8192,4.8
Downsville,8096,7.7
Doyle,9769,10.5
Doylesburg,71278,6.9
Drakes Branch,4523,7.3
Drewsey,2901,16.1
Driscoll,1337,0.9
Drummond,6859,7.2
Dry Branch,2581,6.7
Dryden,415,3.7
Du Bois,4000,3.4
Duck Hill,3608,8.5
Dudley,16926,6.6
Duke Center,18277,9.1
Dulce,15272,11.4
Duluth,96700,6.9
Dumont,2406,3.3
Dundee,8706,20.3
Dunellen,402766,7.5
Dunn Center,2078,4.3
Dunning,287,0.7
Dupree,948,27.4
Durand,3618,4.6
Durango,337,13.8
Durant,5301,19.2
Durham,145135,6.8
Dustin,4546,7.1
Dutch John,222,4.3
Eagle,199955,6.6
Eagle Pass,20309,13.1
Eagle River,16557,6.3
Earle,27476,18.5
Earling,6153,2.9
East Concord,441369,7.0
East Jordan,11793,7.8
East Nassau,80144,7.6
East Peoria,64883,5.5
East Prairie,4945,12.2
East Stone Gap,13736,11.0
Eastsound,7633,5.9
Eastview,46001,8.2
Eaton,5199,9.8
Eatonton,9448,6.3
Eau Claire,31085,5.1
Ebro,8307,11.5
Echola,87695,7.6
Eckert,11362,11.7
Edelstein,85639,8.7
Edgartown,8849,5.2
Edgemont,6828,9.3
Edgerton,4716,3.7
Edgewood,5348,11.2
Edinburg,3694,3.5
Edison,16096,7.0
Edon,17119,7.1
Edson,2992,4.0
Egegik,657,9.8
Ekalaka,606,2.3
El Cerrito,509920,8.8
El Paso,328885,14.100000000000001
El Reno,63025,4.5
Eldorado,2638,12.799999999999999
Eldridge,83140,5.4
Electra,4239,3.0
Electric City,38314,10.1
Elfrida,43776,8.7
Elgin,263236,13.3
Elizabeth,8269,8.9
Elizabeth City,21502,19.4
Elk City,14514,8.7
Elk Horn,13403,12.2
Elk Park,6873,6.9
Elkhart,91085,7.4
Elkton,39563,12.2
Ellabell,14224,9.0
Ellaville,1964,12.4
Ellenboro,43486,20.799999999999997
Ellendale,90239,8.0
Ellinger,11669,1.8
Elliott,6712,3.2
Elliottville,10022,6.5
Ellsinore,2402,9.7
Ellsworth,8415,6.9
Ellwood City,39340,7.0
Elm City,34701,10.1
Elm Creek,12312,4.8
Elmendorf,824123,7.4
Elmira,38219,5.4
Elmo,4188,5.7
Eltopia,36259,7.2
Ely,3529,10.6
Emmetsburg,4637,2.9
Emory,4468,7.9
Empire,14891,10.100000000000001
Emporia,2074,19.1
Encampment,7851,4.3
Enders,2073,0.7
Endicott,7698,9.6
Energy,5338,4.5
Enfield,25821,22.9
Engadine,4470,12.5
Englewood,160951,5.5
Englishtown,307183,7.9
Enigma,6457,13.8
Ennice,4365,10.5
Enochs,3191,4.3
Enola,57108,6.6
Enterprise,13010,29.5
Epping,16193,1.7
Epps,3967,16.9
Epworth,8669,12.0
Equality,2280,7.5
Erbacon,8225,29.200000000000003
Erick,9611,2.9
Ericson,992,3.5
Erie,7816,4.7
Erlanger,79447,7.7
Escalante,3201,7.0
Esom Hill,16190,10.2
Essex,412199,6.9
Essig,13583,3.2
Ethan,1673,1.1
Ettrick,15166,3.6
Eudora,11609,23.3
Eufaula,6944,10.8
Eupora,3544,11.2
Eutaw,2412,20.4
Evans,11050,6.8
Evansville,113739,10.600000000000001
Evant,22684,9.5
Everson,98265,8.2
Everton,3307,7.9
Ewing,7942,12.0
Fairbanks,46661,7.9
Fairbury,15954,6.3
Fairfax,12724,5.4
Fairfield,13414,13.2
Fairmont,53478,10.5
Fairplay,8822,5.6
Fairview,3518,5.4
Faith,1490,4.5
Falfurrias,2416,19.8
Fall Branch,57193,6.2
Fallon,9274,11.9
Falls Church,7347,4.2
Falmouth,6096,11.0
Fannin,2962,9.3
Fanwood,267803,9.8
Farber,10600,8.8
Faribault,33503,5.6
Farina,8943,10.4
Farmersville,9604,5.4
Farmington,51561,9.2
Farmland,11319,7.8
Farnsworth,5081,5.2
Federalsburg,30660,19.200000000000003
Felt,5342,8.5
Ferdinand,10060,5.6
Fernandina Beach,31605,9.8
Fernley,19958,13.6
Fernwood,3600,10.1
Ferriday,7078,11.7
Fertile,15978,4.6
Festus,8313,5.4
Fieldton,5709,6.2
Firebaugh,374564,13.2
Fischer,54190,4.9
Fish Camp,7329,11.6
Flandreau,3379,6.1
Flemington,12978,9.5
Fletcher,9124,12.2
Flintville,14232,7.6
Florence,60238,19.3
Florida,5392,17.1
Fluker,53685,10.7
Flushing,161750,13.2
Folkston,4705,13.8
Fond Du Lac,52846,5.3
Fontana Dam,2947,11.1
Ford,16259,9.4
Forest,6433,4.8
Forest City,49295,26.099999999999998
Forest Hill,4857,10.0
Foristell,23857,9.5
Forrest City,2910,17.3
Fort Bragg,36848,12.2
Fort Buchanan,37469,12.4
Fort Collins,164011,6.7
Fort Davis,1074,7.1
Fort Johnson,24116,9.3
Fort Lauderdale,890997,10.0
Fort Morgan,13264,6.2
Fort Pierce,112310,12.4
Fort Plain,21683,8.9
Fort Scott,6541,3.3
Fort Stewart,23102,12.9
Fort Valley,24833,17.0
Fort Wayne,170294,8.0
Fortine,6844,13.1
Fortuna,58449,10.5
Fouke,18429,9.6
Fountain,392286,35.9
Fountaintown,21379,8.3
Fowler,34537,9.6
Francis,17465,6.2
Frankfort,15003,7.3
Franklin,210512,68.30000000000001
Frankston,30441,7.8
Frazer,3753,2.6
Frederick,127105,5.8
Fredericksburg,26923,17.5
Fredonia,3607,9.8
Fremont,778132,8.3
French Village,25384,8.3
Friendly,3296,10.9
Frisco,387884,5.7
Fritch,10714,4.1
Frost,7117,4.2
Fulda,10431,6.9
Funk,4641,1.7
Gackle,2073,1.9
Gadsden,41236,9.0
Gainesville,116659,7.9
Galax,2842,6.4
Galena,20993,18.0
Galloway,18617,5.9
Gallup,22865,15.5
Galt,5996,5.7
Galva,6018,3.7
Garden,15510,9.2
Garden City,1778,2.2
Gardiner,7782,5.4
Garfield,3035,10.3
Garland,1213492,13.899999999999999
Garyville,19661,9.2
Gasquet,8612,11.5
Gastonia,91563,11.2
Gates,9099,13.4
Gatzke,4726,4.7
Gaylesville,10155,7.9
Genesee,25624,13.0
Geneseo,2787,4.3
Genoa,1784,3.2
Genoa City,52048,7.2
Georgetown,22756,11.2
Georgiana,6551,20.7
Gepp,4498,7.6
Gettysburg,788,1.7
Gibbon,7867,5.5
Gilbertown,4405,13.6
Gillette,26387,4.0
Gillsville,7801,8.5
Gilman,10966,15.0
Gilman City,3755,5.8
Girard,5482,9.8
Girvin,6447,4.8
Gladeville,59107,6.5
Glen Allan,17034,21.7
Glencoe,36780,6.3
Glennallen,4415,10.7
Glenrock,7303,5.1
Glenwood,4975,14.3
Gloster,2914,9.7
Glyndon,33104,4.3
Goessel,5820,5.0
Goetzville,14733,11.7
Gold Creek,2629,2.2
Golden City,5075,6.5
Golden Valley,4391,3.2
Goldfield,437,11.9
Goldsboro,50821,12.4
Good Hope,14279,9.4
Goodhue,23662,5.3
Goodlettsville,31579,8.4
Goodview,35756,5.8
Goose Creek,84494,9.9
Gordo,6712,13.8
Gordon,3287,7.3
Gordonsville,15024,7.9
Goshen,181440,11.399999999999999
Gosport,9276,8.0
Gouldbusk,3235,8.2
Gouldsboro,173908,15.5
Gouverneur,44714,10.0
Gove,1367,1.9
Grace,3121,1.5
Graham,82690,18.200000000000003
Granby,26122,6.1
Grand Forks,37754,3.6
Grand Isle,30612,7.5
Grand Ledge,62962,16.9
Grand Marais,2788,4.0
Grand Rapids,318944,14.4
Grand Valley,18545,6.6
Granite Falls,6367,2.6
Grant,229693,10.9
Grants,9625,15.3
Grantsville,26337,7.1
Granville Summit,26689,5.6
Grapeview,22155,12.9
Grasston,19932,17.200000000000003
Gravois Mills,24278,20.799999999999997
Graysville,30069,8.1
Greeley,1127,1.9
Greeleyville,22859,27.799999999999997
Green Castle,2097,2.8
Green City,2794,6.0
Green River,23010,5.4
Green Springs,25327,8.1
Greenbush,3288,12.2
Greene,86274,8.2
Greenfield,73258,27.400000000000002
Greenleaf,81460,9.4
Greenmountain,13006,19.6
Greensboro,14773,7.2
Greensburg,7700,7.7
Greenville,246321,48.300000000000004
Greenwich,50632,8.7
Greenwood,201390,36.699999999999996
Grey Eagle,11437,5.1
Griffithsville,7245,10.1
Grifton,23972,13.1
Grimes,8837,10.4
Grinnell,1286,1.2
Groom,3856,2.8
Grosse Tete,13049,7.9
Groveport,24777,6.9
Grover Hill,13163,7.5
Groves,103203,8.8
Gruver,2629,2.3
Guanica,12747,54.3
Guayama,9713,17.4
Guilford,6632,10.5
Gunnison,11468,17.5
Guntown,9428,9.3
Gurabo,11559,24.0
Gurley,5681,1.6
Guttenberg,50102,4.3
Hadley,84303,7.2
Hagarville,10376,6.2
Hagerstown,95992,17.5
Hague,7423,9.7
Haiku,81619,6.9
Haines,1470,3.0
Haleyville,11560,9.9
Hamer,27267,25.299999999999997
Hamill,1719,7.4
Hamilton,40214,29.6
Hamilton City,10523,12.6
Hamlin,25964,3.7
Hampshire,4858,7.7
Hampstead,88196,4.6
Hampton,65549,12.3
Hanalei,33996,5.4
Hanover,713767,27.9
Hanston,1005,2.5
Hardeeville,11707,11.9
Hardesty,11144,3.5
Hardin,6894,25.299999999999997
Harlem,8314,9.5
Harold,11922,9.7
Harpers Ferry,26418,8.4
Harrell,2243,7.2
Harrellsville,8679,13.7
Harrietta,13441,9.5
Harrington,4050,4.8
Harrisburg,140296,21.0
Harrison,5679,10.9
Harrisonburg,62119,11.9
Harrisonville,48122,6.7
Harrodsburg,9331,11.5
Harrold,15597,10.6
Hart,12183,10.7
Hartford,10419,11.2
Hartland,247058,18.6
Harvey,6305,12.200000000000001
Hastings,63822,17.200000000000003
Hatillo,12623,13.3
Hattiesburg,59599,21.6
Haughton,56570,5.7
Haviland,1315,4.0
Hawkins,6462,5.9
Hawkinsville,3949,7.4
Hawley,21211,7.8
Hawthorne,24209,12.6
Hay Springs,4613,2.6
Hayes,1674,1.4
Hayes Center,549,1.8
Haymarket,223939,5.4
Hazelton,1583,3.6
Hazen,3513,6.2
Head Waters,1006,1.1
Healy,926,2.4
Heath,81446,7.2
Hebbronville,1786,16.5
Hebron,62624,5.6
Heflin,8630,10.3
Helena,7871,9.8
Hemingford,6268,5.2
Hemphill,2882,12.1
Henderson,20337,8.0
Hendersonville,46387,6.0
Henley,35978,4.9
Hennepin,6115,3.6
Henry,15575,2.9
Hensley,7608,9.4
Heppner,4827,8.6
Hereford,3316,4.7
Hernando,43486,13.1
Heron Lake,5392,3.2
Herron,12233,9.3
Herscher,49815,9.8
Hershey,17360,4.2
Hesperia,10360,8.7
Hesston,15406,3.1
Hestand,3943,9.5
Hickman,10395,17.2
Hickory,69954,8.2
Hicksville,18092,8.4
Hico,19275,4.1
Hidalgo,4691,5.5
Higgins,1662,5.0
High Bridge,65918,5.9
High Point,71620,11.0
High Springs,6260,10.4
Hilham,3842,14.5
Hill,76330,5.2
Hilliard,616368,7.0
Hillsboro,4085,2.7
Hillsdale,29962,6.7
Hilo,82124,8.1
Himrod,11496,6.9
Hines,20579,10.6
Hinsdale,73960,14.299999999999999
Hitchins,10039,11.1
Hiwassee,15480,7.4
Hixson,162818,8.0
Hobbs,29340,5.9
Hobson,943,3.9
Hoffman,2943,3.6
Hokah,9795,4.9
Holbrook,1749,6.7
Holcomb,30258,12.7
Holden,9118,18.7
Holdingford,16533,5.8
Holland,149292,12.8
Holly,5488,9.7
Holly Ridge,61252,11.6
Holly Springs,499197,6.4
Holmen,62292,5.4
Holt,133091,9.0
Holyoke,1984,5.3
Homer,7787,6.9
Honey Grove,11152,5.7
Hooper,6283,10.4
Hope,46095,25.9
Hope Valley,64824,6.4
Hopewell,9041,12.8
Hormigueros,4887,22.6
Hornbeak,12572,11.2
Hornell,43199,8.2
Horner,6259,7.2
Horse Cave,18672,7.6
Horseshoe Beach,4910,7.2
Hosford,2748,10.2
Hoskins,5219,3.0
Hosmer,2070,1.8
Houma,48450,5.5
Houston,2088443,19.7
Hoven,1142,0.5
Howard,29286,11.899999999999999
Howells,5224,6.4
Hudgins,3901,3.3
Hudson,7683,11.5
Hughes Springs,4588,12.7
Hughesville,130946,14.0
Hugo,181190,6.2
Hugoton,11031,9.0
Hulett,3754,4.1
Hume,7186,6.6
Humeston,3660,7.5
Humphrey,28119,11.2
Hunnewell,3845,5.9
Hunter,3086,2.6
Huntersville,502455,8.9
Huntley,157226,8.0
Huntsville,196341,25.5
Huron,1289,3.4
Hurt,27803,7.7
Huson,59103,8.2
Hutchinson,4905,5.5
Hyannis,418,3.5
Hyde Park,13147,4.3
Hydro,14072,3.7
Hymera,8203,6.8
Idaho Falls,47191,5.6
Idlewild,3297,13.2
Ignacio,5506,8.2
Ilwaco,7141,8.9
Imogene,3463,3.7
Imperial,58391,17.4
Inchelium,2452,12.2
Independence,13842,7.0
Indiahoma,49641,8.6
Indianapolis,436687,10.1
Indianola,14096,24.200000000000003
Ingalls,3183,2.9
Ingram,20523,8.0
Interior,1202,17.4
Interlochen,43804,6.6
Inver Grove Heights,223989,5.0
Ione,4217,10.3
Iowa,12657,9.2
Iowa City,78838,3.5
Iron Mountain,11161,7.0
Irons,9010,11.5
Irvine,4855,11.8
Ivins,57785,7.7
Jackson,212710,53.300000000000004
Jacksonville,433622,20.8
Jameson,3420,5.7
Jamestown,37183,10.4
Janesville,75824,8.5
Jaroso,1240,14.0
Jarratt,3365,6.4
Jarvisburg,11913,6.6
Jasper,28766,38.1
Jayton,398,1.5
Jayuya,3412,31.7
Jean,923588,10.8
Jefferson,25528,25.8
Jeffersonville,25416,4.9
Jenkinsville,8693,12.8
Jennings,8279,10.1
Jerome,19451,7.0
Jersey,16276,16.8
Jersey City,339606,9.3
Jesup,10495,11.3
Jewett,6740,5.6
Johnson,4597,10.4
Johnson City,118430,29.599999999999998
Johnson Creek,44424,5.5
Johnston City,29214,7.0
Johnstown,58018,8.5
Jones,353043,6.0
Jonesboro,98170,20.4
Jonesville,26631,11.7
Jourdanton,19975,6.5
Judsonia,32318,7.1
Juncos,17525,13.4
Junction,2129,7.6
Junction City,8898,6.7
Juneau,61198,11.2
Kadoka,1018,2.5
Kahuku,455481,5.6
Kansas City,238092,22.9
Karbers Ridge,1493,18.1
Karnak,5821,8.8
Katy,314534,5.1
Kaukauna,96532,3.9
Kearney,27263,3.5
Keatchie,10521,9.3
Keenes,16528,9.2
Kelley,50519,5.5
Kellyton,15837,9.0
Kelso,40418,10.7
Kemah,143681,7.5
Kemp,49359,8.7
Kempner,8245,8.6
Kenai,25637,9.4
Kendrick,2877,7.3
Kenilworth,9197,7.4
Kennard,4922,9.9
Kennedy,64134,17.8
Kennett,6423,11.2
Kensington,1836,3.2
Kent,98829,17.7
Kenton,14959,11.8
Keo,31944,5.9
Keota,4585,8.7
Kermit,3271,2.5
Kernersville,236140,8.8
Kewanee,23544,5.8
Kilmarnock,5021,8.7
Kinderhook,7197,5.6
King And Queen Court Hous,3335,5.5
King Ferry,37023,7.3
King Salmon,541,5.4
King William,7972,5.4
Kingfield,14386,7.7
Kingman,29564,5.7
Kingsland,3256,9.7
Kingsport,66313,8.2
Kingston,92308,23.7
Kirksville,11096,7.9
Kirkville,16128,8.0
Kirkwood,8068,9.2
Kissimmee,131450,9.8
Kite,3909,9.0
Klamath Falls,25753,12.4
Klamath River,16127,12.7
Klingerstown,63264,8.8
Klondike,35598,11.4
Knippa,10801,8.1
Krakow,20281,5.4
Kress,2784,6.4
Krypton,9364,13.9
Kulm,1347,1.2
La Crosse,78219,7.3
La Grande,11024,7.1
La Junta,1212,8.3
La Plata,12443,14.7
La Pryor,4276,12.2
La Push,27697,9.9
Labelle,3701,12.9
Lackey,30160,5.8
Lacrosse,21665,8.8
Lafayette,166701,6.1
Lagrange,6080,6.8
Lajas,4954,17.6
Lake Ann,9628,7.1
Lake Benton,2974,2.8
Lake Butler,3955,11.7
Lake George,31866,6.6
Lake Minchumina,2077,18.2
Lake Oswego,185660,8.3
Lake Placid,31131,13.3
Lake Village,6146,8.9
Lake Wales,245853,10.6
Lakeville,98294,7.1
Lakota,7788,2.1
Lamar,17060,25.5
Lamesa,2342,3.5
Lamont,13251,7.4
Lampasas,18673,5.1
Lancaster,33151,9.9
Land O' Lakes,187556,9.4
Landrum,128253,8.9
Lane City,18584,6.6
Lanesville,37064,7.3
Lanexa,9896,6.1
Langlois,7930,11.3
Langtry,18261,9.3
Lansing,11790,8.5
Laquey,15279,12.7
Laredo,98996,6.0
Lares,6205,35.2
Larose,43542,7.0
Las Marias,2477,4.6
Las Piedras,17444,33.4
Laurel,13732,15.7
Lavalette,14542,9.9
Lavina,357,3.5
Lawndale,36632,11.6
Lawrence,445763,13.7
Le Roy,10595,4.3
Le Sueur,14456,5.3
Leadore,3165,6.1
Leakesville,3955,12.6
Leakey,996,12.0
Leasburg,25888,22.8
Lebo,4207,5.1
Ledger,3258,7.6
Leeds,2461,6.1
Leesburg,5039,8.5
Leicester,8935,7.3
Leitchfield,10342,9.3
Lemoyne,193,4.0
Lena,21858,18.7
Lenoir City,19909,8.9
Lenore,7951,14.1
Leonard,2847,2.0
Leoti,1077,3.1
Leroy,8807,10.3
Leslie,2836,5.9
Letcher,7281,12.6
Letohatchee,3471,13.2
Lettsworth,9105,8.3
Levan,4422,3.8
Lewis,1451,2.0
Lewisport,3647,5.9
Lewiston,54566,5.5
Lewistown,5579,3.1
Lexington,168264,19.5
Liberty,4649,12.3
Lidgerwood,2078,1.2
Lima,70323,14.2
Lincoln,206345,24.300000000000004
Linden,94887,15.4
Lineville,2800,4.3
Linn,2791,9.4
Linneus,5125,4.5
Lisbon,46577,9.0
Lisbon Falls,52961,7.2
Litchfield,53460,26.400000000000002
Lithonia,344876,11.3
Little Eagle,1240,29.4
Little Falls,229762,8.6
Little Mountain,15784,10.2
Little River,85953,7.5
Little Suamico,19075,5.5
Littlefork,5877,7.8
Livingston,61631,7.0
Loachapoka,68614,7.3
Lockhart,16693,5.2
Locust,26101,12.2
Locust Grove,19314,7.9
Locust Hill,4404,6.3
Logan,15136,14.5
Loiza,8443,26.2
Lombard,479592,7.0
Lonaconing,43640,17.0
Long Beach,82911,9.7
Long Branch,31373,10.600000000000001
Long Pine,1585,0.7
Longford,3008,5.3
Longview,55402,5.9
Longville,12165,7.4
Lontetree,10064,4.4
Lookout Mountain,7848,6.1
Lorman,1861,15.9
Los Angeles,4635465,10.0
Los Gatos,131321,7.6
Lost City,6129,7.9
Lost Creek,4239,12.4
Louisiana,7300,6.5
Louisville,361510,8.4
Lovelady,7694,6.4
Lubbock,141493,6.2
Luck,6464,7.5
Ludell,1247,2.3
Lueders,1502,3.8
Lufkin,36182,9.1
Lulu,25226,14.8
Lumberton,221766,8.5
Luning,1856,15.4
Luquillo,5626,28.5
Luray,10101,36.1
Lusk,1114,1.6
Lutcher,9035,11.0
Luverne,10461,6.6
Lyford,5365,11.5
Lyle,19166,6.5
Lynchburg,81775,29.4
Lyndhurst,493897,11.2
Lyons,21961,26.099999999999998
Lysite,18736,7.8
Lytton,4614,4.0
Macksburg,11488,8.9
Macon,71029,22.9
Madeline,9082,10.9
Madison,432510,25.700000000000003
Magnolia,33184,36.5
Maiden,36605,10.2
Malcom,9636,4.8
Malvern,12657,7.1
Mammoth Cave,4730,8.9
Manakin Sabot,10325,5.0
Manassa,3021,9.7
Manassas,29540,11.9
Manati,11272,18.9
Mancelona,6815,10.4
Mancos,27965,5.2
Manhattan,34186,5.8
Manitou,3098,7.1
Mankato,1468,2.5
Mannboro,5686,5.0
Manokotak,1854,12.5
Mansfield,70984,23.700000000000003
Mansfield Center,80190,6.8
Manville,301318,9.5
Many,8803,10.6
Maple Park,51637,10.4
Maplewood,13169,6.2
Marathon,4385,4.9
Mardela Springs,47947,8.8
Marengo,20566,16.3
Margaretville,19850,9.5
Maria Stein,20476,5.5
Marianna,4735,10.0
Maricao,1500,10.7
Marienthal,2613,5.8
Marienville,1256,4.8
Marietta,379858,21.9
Marine On Saint Croix,130036,4.8
Marion,41680,17.5
Marland,5141,5.9
Marmaduke,17659,9.0
Marmarth,335,0.0
Marshall,181415,38.800000000000004
Marshallberg,29496,10.2
Martha,5366,7.8
Martin,29763,16.1
Martinsville,5156,11.5
Marysville,144165,18.9
Maryville,125030,8.9
Mason,28612,12.2
Mass City,2048,13.7
Matlock,18867,1.8
Matthews,99712,7.7
Mattoon,24939,9.7
Mauk,3219,14.3
Maunabo,2459,27.9
Maxton,11215,15.5
Maxwell,35339,5.5
May,1779,1.6
Mayaguez,12421,11.8
Mayer,81511,10.0
Mayesville,6146,14.9
Mayo,2685,14.6
Mayslick,6703,16.4
Maywood,1294,2.4
McAlpin,15676,11.1
McClure,19860,6.4
McColl,9600,15.5
McCool,2921,14.2
McEwen,7067,8.9
McLeansboro,3618,4.5
McLouth,9264,6.9
McMechen,13530,7.0
McMinnville,4529,10.2
McNeill,20219,12.1
Mcarthur,3334,8.6
Mcdaniel,17620,6.7
Meadows Of Dan,6971,8.3
Meally,7136,9.1
Means,2200,14.7
Medford,10090,5.5
Mediapolis,18798,6.3
Medical Lake,211522,8.4
Medicine Bow,20577,4.7
Medicine Lodge,2350,3.1
Medora,11151,9.4
Meeker,29078,6.9
Meherrin,8771,7.0
Melbourne,24016,16.3
Melrose,9379,12.8
Melvin,7140,11.399999999999999
Memphis,425295,10.3
Mena,7473,9.0
Menard,797,8.3
Mendenhall,9821,10.9
Menno,3745,3.0
Menomonie,22494,6.1
Mentone,37483,6.5
Mentor,2079,3.5
Meraux,17494,12.2
Meredosia,2370,9.4
Meriden,6496,4.4
Meridian,37520,13.2
Merrill,13973,6.1
Merrimack,215215,5.9
Merry Point,4690,7.9
Meta,3551,10.0
Metter,4168,8.1
Metz,48349,5.8
Meyers Chuck,1088,7.5
Miami,1226698,33.3
Michigamme,29522,8.1
Middleton,15980,8.5
Middletown,87871,6.0
Midkiff,1326,4.3
Midland,178890,19.599999999999998
Midlothian,178143,11.7
Midvale,3650,9.7
Midville,8676,8.2
Midway,16645,10.4
Mikado,8780,12.1
Milford,18554,10.7
Mill Hall,17861,6.1
Mill Spring,4712,9.5
Millboro,2310,6.0
Miller,1768,1.7
Millersburg,132283,7.1
Milligan,2969,3.4
Mills,440,1.1
Millstone,170172,6.0
Millwood,16411,14.5
Milner,6860,15.6
Milnor,8800,3.0
Milton,136509,55.599999999999994
Miltonvale,4514,6.8
Milwaukee,445174,9.3
Minden,82123,21.1
Mineral,16077,8.1
Mineral City,42879,7.0
Mingo Junction,27871,8.8
Minnesota Lake,36492,4.9
Minong,6880,6.6
Minot,35580,2.6
Minter,14094,16.4
Minturn,38320,11.3
Mission,2901,25.4
Mitchell,39202,20.3
Moab,9767,15.5
Moatsville,6345,9.0
Mobile,170900,9.8
Moca,9245,23.0
Modale,7352,3.6
Model,7314,10.7
Mohall,1301,1.6
Molena,7323,10.4
Moline,68438,7.9
Monarch,37069,5.1
Monmouth,32687,10.8
Monongahela,99731,6.5
Monroe,24170,22.400000000000002
Monroe Center,24989,8.0
Monterey,15581,21.9
Monterville,3723,5.7
Montezuma,9751,6.4
Montgomery,122063,27.2
Monticello,78830,56.800000000000004
Montross,3199,8.7
Moore Haven,14732,11.9
Moorefield,2877,7.7
Moran,19390,8.0
Morenci,3346,10.0
Moreno Valley,920603,12.9
Morgan,4234,6.0
Morgantown,5003,6.1
Morovis,9804,21.7
Morris,5058,3.1
Morrison,28593,11.700000000000001
Morrisville,33023,5.1
Morrow,14998,9.6
Mosby,555,0.2
Moscow,99667,10.8
Mosheim,28160,8.7
Moss,2765,7.2
Moss Point,58824,9.1
Mossyrock,29297,12.1
Moulton,12704,9.8
Moultrie,18354,8.3
Mound City,755,1.4
Mound Valley,9572,5.3
Mounds,14956,10.4
Mount Airy,30107,6.9
Mount Ayr,2133,4.8
Mount Berry,39669,10.9
Mount Blanchard,11017,6.6
Mount Carmel,5501,8.7
Mount Eden,8691,6.4
Mount Hermon,15327,15.0
Mount Perry,37501,8.3
Mount Pleasant,225996,30.3
Mount Prospect,2463655,10.7
Mount Sterling,10612,20.1
Mount Vernon,38453,26.7
Mountain Home A F B,9981,8.4
Mountain View,919656,13.2
Mountville,27397,10.7
Moweaqua,9895,6.2
Mt Zion,48783,10.5
Muenster,18012,7.0
Mullen,331,2.9
Mullica Hill,141635,9.2
Muncie,51781,10.1
Muncy Valley,2632,8.7
Mundelein,338959,7.9
Munford,30618,13.8
Murchison,21856,6.1
Murdo,482,3.6
Murphysboro,25623,10.4
Murrayville,27118,15.100000000000001
Muscoda,8332,4.8
Nahunta,6702,10.9
Nancy,6681,12.6
Nantucket,6157,3.0
Naranjito,7315,21.9
Nardin,19588,7.8
Narrows,2504,8.7
Nashville,341548,7.2
Natchez,10730,11.3
Natchitoches,14446,12.2
Naylor,5480,10.1
Nekoma,1577,5.6
Nelson,7013,3.7
Neopit,1403,14.8
Neosho,9544,8.7
Neshkoro,10458,7.2
Nevada,9449,5.4
Nevis,9475,5.0
New Athens,17120,5.2
New Bern,4029,11.6
New Bloomington,25608,9.6
New Boston,43527,14.7
New Brighton,80816,6.8
New Columbia,17585,6.1
New Cumberland,13236,7.2
New Ellenton,69420,9.9
New Germany,52573,3.8
New Harmony,19636,10.5
New Holland,259601,6.1
New Iberia,31517,10.6
New Leipzig,1279,1.2
New London,137811,14.5
New Market,26061,13.5
New Orleans,380800,17.0
New Richland,28064,9.5
New Rockford,1208,1.9
New Salisbury,18294,7.9
New Vienna,16962,11.5
New York,884457,7.5
Newark,671386,35.3
Newaygo,18619,10.1
Newberg,44114,9.7
Newberry,2103,11.6
Newburgh,29930,5.0
Newbury,15314,4.5
Newcastle,686,2.6
Newell,10725,3.7
Newport,116511,20.0
Newport News,82572,9.1
Newton,40799,5.7
Newtown,321488,7.0
Nezperce,1547,6.5
Niagara,20523,8.2
Niagara University,100718,7.6
Nicholasville,23096,8.8
Nicollet,18672,4.0
Nineveh,7039,6.2
Niota,8595,6.8
Noatak,2593,21.9
Noblesville,208766,13.600000000000001
Nodaway,4660,9.6
Nolensville,97869,4.2
Noma,6118,15.4
Norcatur,2650,1.7
Nordland,11518,9.5
Norfolk,101764,10.9
Normal,90810,5.5
Norman,150695,8.8
Normandy,19939,7.7
Norphlet,16418,9.7
Norris,740,12.0
North Augusta,10099,8.9
North Beach,45249,7.6
North Carrollton,3705,11.9
North East,128541,8.0
North Fairfield,26987,7.2
North Hero,3697,7.4
North Java,18495,7.4
North Little Rock,180430,7.5
North Platte,222,0.9
North Sioux City,7576,2.9
North Washington,6148,3.8
Northway,3038,9.4
Northwood,1035,4.0
Norton,1811,11.1
Norwalk,25008,4.8
Norway,33811,12.8
Nottawa,26332,8.6
Nowata,42093,5.5
Oak,2219,2.9
Oak Grove,27773,24.6
Oak Vale,4638,10.8
Oakhurst,53032,7.5
Oakland,5055,5.7
Oakley,9771,5.7
Oakman,23587,8.3
Oaktown,17864,6.1
Oakwood,2061,2.7
Oberlin,138469,8.8
Ochlocknee,9291,10.5
Odem,28627,5.2
Odessa,70130,5.2
Odonnell,282,0.7
Ogallala,4116,2.8
Ogden,109474,6.3
Ogdensburg,25703,5.7
Okeechobee,13227,11.8
Oktaha,27158,8.2
Old Glory,553,6.9
Oldenburg,11103,6.4
Oldham,1174,4.1
Olla,3955,10.2
Olpe,16784,7.2
Omaha,292701,27.7
Onawa,4165,5.5
Oneida,10596,31.1
Opelika,22927,11.1
Oquawka,3350,7.0
Orange,35616,8.4
Orange Grove,16674,6.6
Orangeville,88133,7.4
Ordway,1488,6.3
Ore City,16849,7.9
Orient,1162,0.7
Orleans,22185,14.1
Orma,2511,18.1
Orocovis,19452,48.4
Oronoco,80162,4.1
Ortley,2652,3.9
Osceola,6442,10.2
Oshkosh,85970,4.7
Osnabrock,1968,0.8
Osseo,54079,5.8
Ossipee,22992,5.8
Otley,17247,5.4
Oto,51599,5.2
Otsego,51081,6.1
Otter Rock,19454,7.9
Otterbein,8127,10.8
Otterville,7916,5.7
Otwell,5902,5.1
Ouzinkie,7032,6.3
Overbrook,4127,4.0
Ovett,4131,12.9
Owasso,302471,6.5
Owenton,4351,8.6
Owyhee,25865,5.5
Oxford,61710,16.200000000000003
Ozona,1851,1.8
Pachuta,6257,7.9
Paducah,29824,18.7
Pageland,17730,10.3
Pagosa Springs,451,3.0
Paicines,26261,12.2
Paige,32343,9.8
Painesville,117389,6.0
Palco,1282,2.4
Palestine,19859,4.3
Palisade,6428,7.3
Palmer,20320,27.9
Palmersville,14342,11.2
Palmyra,73139,9.7
Palo Alto,387006,6.7
Pampa,9444,5.4
Panna Maria,5251,4.8
Pantego,18786,11.5
Panther Burn,1678,22.1
Paradise Valley,8295,7.8
Paragon,32732,7.3
Paragould,45526,7.5
Paris,33265,26.299999999999997
Parish,52204,9.7
Parker,4248,2.5
Parkersburg,36778,8.6
Parkesburg,260731,5.9
Parkman,14336,3.4
Parksville,12218,7.1
Parma,72481,19.1
Pateros,16969,8.9
Patillas,3884,27.5
Patoka,16013,4.3
Patterson,7071,7.9
Pattison,2411,17.5
Paul,9641,6.6
Paulding,8638,6.6
Pawhuska,19274,7.1
Pawling,143829,8.7
Pawnee Rock,16212,8.7
Paxico,3295,6.2
Payette,9393,10.1
Pearcy,39729,9.2
Pearson,2309,10.7
Pease,11752,7.7
Pecan Gap,1830,13.6
Peck,17147,10.7
Pecos,4768,6.7
Peebles,9887,13.4
Pelham,101343,5.5
Pellston,15869,8.4
Pemberville,28181,7.6
Pendleton,29304,4.3
Penfield,34110,7.8
Penns Grove,29226,10.6
Penrose,13794,6.9
Pensacola,130402,9.4
Penuelas,10015,48.6
Peoa,20741,3.2
Pequot Lakes,29263,5.7
Peralta,28088,12.4
Perkinston,8260,9.0
Perry,11339,15.8
Peru,1510,5.1
Peterman,3718,22.6
Petersburg,20815,27.1
Petrolia,91888,5.9
Pfafftown,162790,9.5
Philadelphia,652929,23.700000000000003
Phillips,6662,4.6
Phillipsburg,2746,4.3
Phoenix,1821038,7.7
Pickens,48562,5.4
Piedmont,2404,11.1
Pierre Part,9407,10.3
Pine,17961,12.8
Pine Brook,258862,6.3
Pine Grove,12573,14.0
Pine Island,10890,3.5
Pine Mountain,28677,11.9
Pinetop,31955,19.8
Pineville,14469,21.7
Pippa Passes,4755,14.6
Piqua,1557,4.6
Pisek,5457,3.3
Pismo Beach,124997,6.6
Pitkin,70325,16.1
Pitts,4895,11.7
Pittsburg,9378,5.8
Placerville,79568,11.1
Plain City,25357,4.2
Plainview,11221,3.6
Plainville,2626,4.1
Plano,61270,6.0
Plattsburg,9653,5.8
Plattsburgh,35522,6.9
Pleasanton,20521,5.8
Pleasantville,69708,6.9
Pleasureville,7099,6.6
Plum Branch,2970,14.3
Plum City,22567,3.6
Pocatello,40390,16.6
Point Baker,2819,13.9
Point Comfort,9416,7.2
Polk,24172,7.8
Polkton,9875,17.6
Pollock,6526,6.4
Polo,3889,5.2
Pomeroy,883,7.4
Pomona Park,96436,6.7
Ponce,41711,20.0
Pond Creek,2098,3.6
Poplar Bluff,17340,9.4
Poplar Grove,6932,18.1
Poplarville,18482,10.1
Poquoson,5932,4.5
Port Charlotte,56730,10.8
Port Huron,69940,10.4
Port Murray,53302,9.0
Port Saint Joe,77894,8.6
Portales,8131,9.7
Porter,18935,8.7
Portis,1884,4.0
Portland,404132,17.0
Portola,7200,15.2
Portsmouth,41039,11.6
Post,2018,2.0
Postville,8996,4.2
Poteau,18311,9.4
Poulan,8359,9.8
Powder River,41415,5.1
Powder Springs,70001,8.7
Powderly,20953,7.4
Powellsville,7158,13.5
Powers Lake,1084,2.3
Powhattan,4606,4.5
Prairie,7524,16.2
Prairie Du Sac,62017,11.3
Prescott,1557,10.4
Presidio,2610,9.6
Preston,11710,28.2
Primghar,7237,2.8
Prince George,14315,10.6
Princeton,17863,12.2
Prosser,101169,9.0
Providence,5186,7.2
Prudenville,7563,14.2
Prudhoe Bay,5499,9.3
Puerto Real,10747,25.1
Pukwana,653,16.3
Pulaski,11881,9.9
Punta Santiago,15802,13.8
Puryear,12592,9.7
Pyote,4661,4.4
Quakertown,170448,8.5
Quebradillas,6284,16.1
Quenemo,12701,6.9
Quincy,21376,19.6
Quitman,9699,10.2
Racine,91796,8.4
Radford,6797,8.8
Rainbow,3878,2.1
Raleigh,9841,13.0
Ralls,2478,10.0
Ralston,26027,7.1
Ranburne,6065,8.3
Randolph,8982,13.100000000000001
Rapid City,66519,7.1
Raquette Lake,1887,9.7
Ratliff City,20820,6.1
Ravenden,6714,5.4
Ravenna,4360,8.3
Ray City,3476,14.6
Rayville,8038,9.6
Raywick,7818,9.2
Red Boiling Springs,9657,7.4
Red Bud,13698,6.7
Red Cloud,1689,4.7
Red Springs,64574,25.2
Red Valley,18334,18.2
Redmond,74599,9.4
Redvale,4482,5.8
Redwood Falls,7577,4.0
Reed Point,1613,0.9
Reedy,4892,8.9
Reelsville,11766,7.8
Refugio,3096,6.7
Regent,1211,1.1
Register,31144,9.1
Reinbeck,6164,3.9
Reliance,6397,10.9
Rembert,41972,12.4
Remsen,12978,3.4
Renick,9519,8.9
Reno,207304,9.1
Rensselaer,15197,6.3
Resaca,16079,11.1
Reserve,1904,2.7
Rice,20159,10.9
Riceboro,5410,8.8
Richards,9951,6.2
Richburg,12296,13.8
Richey,4694,2.0
Richfield,2696,3.0
Richfield Springs,28464,7.1
Richmond,269424,16.7
Richton,26436,7.4
Richview,7194,5.5
Ridgeville,14841,12.4
Ridgeway,6958,10.7
Ridgway,17208,11.9
Rifle,3389,4.2
Rincon,38044,38.6
Ringgold,3241,9.2
Ringling,891,3.9
Ripon,280460,13.7
Rising City,4299,4.2
Rising Sun,48849,7.5
Riverside,24777,6.8
Rivervale,9053,10.0
Riviera,13466,11.7
Roanoke,122104,25.6
Roaring Spring,57253,6.4
Roaring Springs,459,11.0
Robersonville,9079,14.7
Roberts,51008,8.5
Robins,114142,4.8
Robinson,8369,6.8
Robstown,162895,6.6
Rochelle,2446,6.7
Rocheport,4533,6.3
Rochester,185492,15.0
Rock Island,2218,11.2
Rockford,100381,18.4
Rockville,540333,6.1
Rockwood,20586,9.8
Rogers,116539,11.5
Rogerson,4304,11.7
Rolla,1408,5.8
Rolling Fork,305,11.6
Roma,21006,13.8
Rome City,21795,8.8
Romney,86629,6.5
Roopville,47372,12.1
Roper,4410,15.5
Roscommon,5197,12.0
Roseau,8447,2.7
Roseboro,13040,12.1
Roseglen,4541,1.6
Roseville,5678,9.3
Rossburg,23751,7.6
Rosston,3265,9.5
Rossville,9224,8.2
Rotan,1767,7.2
Rowlett,41300,5.9
Roxie,3102,8.9
Rufus,746,7.9
Rugby,5034,4.0
Rumely,3166,10.8
Runnemede,241708,10.2
Rupert,2869,20.6
Russell,7585,12.7
Russell Springs,5926,9.0
Russellville,97184,42.6
Ruston,26077,18.8
Ruth,14477,9.5
Rutherfordton,8270,8.8
Ruthville,3323,8.2
Rutledge,11133,13.5
Sabana Grande,5339,24.3
Sacramento,3938,8.4
Sacred Heart,7573,5.0
Sadieville,32408,15.0
Safford,14819,25.299999999999997
Saginaw,81106,11.1
Saint Ansgar,5319,3.2
Saint Bonifacius,650324,6.0
Saint Clair,48336,7.2
Saint Clair Shores,401146,9.0
Saint Hilaire,7636,3.0
Saint John,4907,4.8
Saint Louis,639414,19.8
Saint Marks,12899,9.3
Saint Mary,9292,4.2
Saint Marys,31469,12.2
Saint Onge,13004,3.8
Saint Paris,18230,9.1
Saint Paul,266709,7.1
Saint Petersburg,423351,8.4
Saint Simons Island,36375,9.3
Saint Vincent,2182,2.8
Salem,163206,33.699999999999996
Salemburg,26833,10.4
Salina,15991,9.2
Salinas,184228,20.6
Salisbury,56519,11.5
Salt Lake City,536170,5.8
Saltillo,9438,13.9
Saluda,17612,4.7
Salvisa,10646,6.9
Salyersville,3663,12.2
San Acacia,5706,7.3
San Angelo,805,4.4
San Augustine,2237,16.3
San Bernardino,829145,12.6
San Francisco,478373,6.8
San German,29851,29.7
San Juan,439099,56.5
San Lorenzo,11327,15.8
San Rafael,129027,5.7
San Sebastian,8785,29.4
San Ygnacio,5184,12.2
Sand Lake,24588,11.2
Sanders,379,0.8
Sanderson,10174,8.9
Sandy Hook,14654,21.5
Sandy Ridge,19972,9.3
Sanford,71793,21.6
Santa Barbara,203616,8.0
Santa Fe,70423,7.9
Santa Rosa,240247,8.1
Santa Teresa,88919,11.5
Sarahsville,4641,7.0
Sarasota,155023,8.2
Sardis,5571,7.4
Satanta,3618,7.3
Saucier,6920,9.7
Sauk Rapids,20104,6.7
Saulsbury,8256,18.7
Savage,5904,2.5
Savannah,124627,9.7
Savonburg,5863,7.0
Sawyer,5308,8.9
Saxe,5266,4.9
Scandia,2455,3.8
Schellsburg,22499,7.3
Schlater,9422,16.3
Scobey,916,2.6
Scottown,11344,7.5
Scotts Hill,11115,9.4
Scottsville,376930,28.099999999999998
Seal Beach,1508753,7.6
Seattle,1079601,6.3
Sebasco Estates,17689,5.7
Secor,18798,5.9
Sedalia,34580,13.600000000000001
Sedgwick,1028,6.4
Selby,2595,5.8
Selfridge,1291,20.3
Selinsgrove,19403,5.0
Selmer,8901,14.9
Seminary,6628,13.7
Seneca,28796,10.4
Seney,2803,15.6
Senoia,62298,7.0
Sentinel,5057,3.5
Sextons Creek,5459,15.9
Seymour,1486,1.4
Shady Dale,5520,12.7
Shalimar,84899,6.9
Shallowater,10729,6.4
Shambaugh,7075,5.1
Sharon,9345,5.1
Sharon Grove,4648,8.5
Shattuck,1824,5.0
Shawnee,29366,6.8
Shawsville,7494,5.7
Sheboygan,59133,5.8
Shellsburg,13080,4.7
Shelton,463610,9.0
Sheridan Lake,723,2.0
Shermans Dale,22893,6.3
Sherwood,18328,7.0
Shields,16411,3.2
Shippenville,17055,8.1
Shipshewana,15663,5.5
Shirley,4332,7.0
Shoshone,2712,11.8
Shuqualak,3841,19.0
Sibley,3282,3.3
Sidney,26625,19.5
Sikeston,17280,6.8
Silver City,26056,33.3
Silver Creek,4177,5.2
Silverton,757,4.7
Simpson,1469,10.0
Singer,14287,5.7
Sioux Falls,98459,4.4
Sitka,4756,3.8
Skagway,676,7.8
Skamokawa,1248,10.6
Skidmore,4929,9.5
Slaterville Springs,49291,5.9
Sledge,4191,12.4
Slinger,72365,4.5
Smartville,25499,14.8
Smelterville,4992,11.8
Smithburg,2831,6.5
Smithfield,80656,8.9
Smithville,18801,22.0
Sneedville,2240,12.1
Snelling,96170,16.2
Snook,7352,7.5
Snyder,7371,3.3
Social Circle,7624,6.9
Soddy Daisy,4739,9.6
Soldier,5302,1.7
Solon Springs,21340,7.0
Somerset,14630,9.5
Somerville,176782,7.2
Sondheimer,1882,19.2
Sonora,1771,4.3
Sorento,7563,6.4
Sour Lake,23933,5.5
South Beloit,131172,11.5
South Bend,123170,8.5
South Fork,309,1.6
South Plains,2600,8.0
South Portsmouth,13500,10.1
South Sioux City,10025,7.4
Southport,16480,4.2
Sparks,1777,10.3
Sparta,18546,23.0
Spearville,16237,6.4
Speedwell,26528,19.5
Spencer,442,3.9
Spirit Lake,8899,3.8
Spiritwood,11144,2.5
Spotsylvania,62469,6.2
Spring Hill,16030,5.6
Spring Lake,135496,6.1
Springdale,102944,6.2
Springfield,334579,39.4
Springport,19488,10.6
Spruce Pine,17404,11.1
Squaw Lake,19970,7.1
Stafford,2108,2.6
Stanardsville,8932,7.4
Stanberry,2989,6.3
Stanchfield,19504,7.3
Stanley,10379,9.3
Stanton,7194,10.5
Staples,5859,5.2
Stapleton,3791,24.4
Star,1887,3.6
Starbuck,5406,4.1
Starkville,19381,13.3
Staten Island,209113,6.9
Statenville,1675,10.1
Statesville,18364,7.2
Statham,32137,10.1
Steamboat Rock,8293,4.9
Steamboat Springs,14060,4.0
Steens,24232,12.6
Stephan,762,1.8
Stephens,10491,10.1
Sterling,212810,12.1
Sterling City,583,0.3
Stet,4010,8.9
Stevenson,20883,10.1
Stewart,26794,10.9
Stilwell,310868,12.4
Stinnett,9347,5.3
Stockport,7751,6.4
Stockton,28008,20.4
Stone Harbor,42881,10.0
Stone Lake,6957,9.8
Stoneville,38380,10.5
Stony Point,162231,16.9
Stowell,15166,7.8
Strafford,14583,6.3
Strandburg,2317,3.1
Strasburg,311498,7.2
Stratford,122291,22.4
Strawn,11291,8.3
Streetman,7868,4.9
Stringtown,4695,8.7
Stuart,61157,9.7
Suamico,130354,6.1
Sudlersville,25305,5.3
Suffolk,39589,8.0
Sugar City,17610,37.2
Sula,17159,8.2
Sulligent,5391,10.2
Sullivan,13048,12.7
Sulphur,86840,8.3
Sulphur Springs,15235,7.1
Summerfield,4933,3.0
Summersville,9142,8.1
Summertown,16607,10.8
Summit,22160,27.799999999999997
Sumner,3323,3.8
Sunburg,4865,3.9
Sunbury,45898,19.4
Sundance,3343,5.2
Sunnyside,82427,6.9
Sunset,31154,6.1
Suquamish,107745,8.0
Surry,3209,10.7
Sutton,40854,9.8
Swanquarter,2326,12.7
Swansea,6455,8.6
Sweet,5789,14.2
Sweetwater,16178,12.5
Sycamore,3158,6.8
Sylacauga,3852,17.0
Sylva,24728,7.3
Symsonia,13051,7.7
Syracuse,149197,6.5
Tacoma,365152,9.2
Tahoka,2409,10.9
Talala,23028,5.3
Tallahassee,140338,10.6
Talmage,8225,4.6
Tannersville,16752,8.0
Taos Ski Valley,14356,10.7
Tappahannock,5211,8.5
Tarpley,9010,4.8
Taylor,37962,28.099999999999998
Taylorsville,54940,17.9
Tea,27623,1.9
Teigen,254,6.6
Tekonsha,56687,10.0
Tell,2600,5.2
Terra Bella,170780,12.0
Terre Haute,47334,8.9
Terrebonne,8167,14.4
Terry,543,8.1
The Dalles,10907,9.0
Thedford,385,0.0
Theodosia,3112,12.6
Thornton,6784,9.5
Three Rivers,4140,4.3
Three Springs,18580,8.1
Tignall,3121,9.3
Tilden,3612,15.7
Tiline,3840,6.7
Tillar,4355,17.7
Timewell,2772,5.4
Timmonsville,25949,15.9
Tioga,4607,4.7
Tippecanoe,9122,6.0
Tiptonville,1840,10.1
Tobias,3734,4.0
Tokio,4767,6.5
Toledo,198398,18.5
Toluca,5651,6.5
Topeka,84199,6.8
Topton,13351,7.3
Torrey,1254,2.1
Tow,7348,5.8
Townsend,2759,4.5
Trade,6048,9.0
Trail City,1900,24.6
Treloar,14863,8.9
Trenton,181881,13.9
Tribune,592,2.1
Trimble,16095,6.6
Trinchera,5903,9.2
Trion,37140,18.4
Tripp,3894,5.1
Trout,5354,6.3
Trout Creek,4091,9.3
Troy,203406,10.2
Truckee,204089,18.1
Trujillo Alto,28059,7.9
Truman,5676,2.9
Trumbull,15783,5.5
Tuckasegee,17567,6.2
Tullahoma,17027,9.5
Tumacacori,17246,11.3
Tunkhannock,13003,7.6
Tununak,6232,17.6
Turkey,1214,11.5
Tuscumbia,10832,8.1
Tuthill,1168,14.7
Tuttle,24086,4.3
Tutwiler,3806,19.0
Twin Lake,69673,11.9
Twin Lakes,4126,5.7
Two Dot,917,3.4
Two Harbors,4870,4.8
Tylerton,8103,8.2
Tyndall,2806,0.9
Tyner,4852,12.7
Tyro,6694,5.7
Tyrone,49795,7.6
Ullin,1935,16.2
Ulysses,1930,1.8
Umpire,5596,8.5
Unalaska,3787,2.1
Underwood,9803,11.0
Union,19623,22.8
Union Point,5952,6.8
Union Star,11311,11.5
Uniontown,25099,7.9
Unionville,92961,16.200000000000003
University Park,10859,8.0
Upland,30726,12.3
Urbana,101720,6.5
Utica,11348,3.6
Utuado,6819,28.8
Valdosta,51298,30.0
Vale,15610,14.2
Vallejo,68587,7.5
Valley Center,239060,6.9
Valley Grove,20291,5.5
Valley Lee,53945,4.8
Valley Springs,31616,20.5
Valley Stream,666184,6.4
Vallonia,19885,7.3
Van,95841,7.2
Van Buren,37580,6.9
Van Horn,1020,6.5
Vanderbilt,16984,13.399999999999999
Vanleer,2997,8.1
Vanzant,4897,9.0
Varnell,45345,10.3
Varnville,7787,11.0
Vaughn,1301,1.2
Vega Alta,48160,55.599999999999994
Venango,1499,1.7
Ventura,22601,4.4
Venus,23527,8.1
Vernal,15359,5.1
Vernon,75669,8.2
Vero Beach,53211,12.2
Verona,11297,5.6
Versailles,12748,4.8
Vevay,4314,9.6
Vian,15545,9.8
Vicksburg,142363,17.1
Victoria,57558,11.0
Victory Mills,113884,6.0
Vidalia,2692,5.4
Vienna,60661,10.2
Vieques,2860,12.2
Villalba,6795,25.9
Villard,18975,4.5
Ville Platte,10978,10.4
Villisca,1994,3.2
Vincent,1211,8.8
Virginia Beach,214968,6.1
Volborg,6196,3.8
Wa Keeney,1684,1.0
Wabeno,3559,10.1
Waco,7274,2.0
Waddy,22601,8.7
Wakefield,12884,9.2
Walden,764,1.5
Walkerton,46864,9.8
Wall,51528,4.7
Walla Walla,26112,6.4
Wallace,25409,16.700000000000003
Walland,56262,7.8
Walnut,57394,34.3
Walsenburg,2211,15.0
Walstonburg,8070,11.9
Walton,16472,4.4
Wanchese,18579,6.4
Wann,4248,8.4
Ward Cove,6655,7.9
Warfield,2445,20.6
Warner Robins,12176,9.5
Warren,58274,22.0
Warsaw,3821,6.0
Wartrace,3045,6.5
Warwick,8633,15.5
Washburn,6792,9.5
Washington,10077,9.3
Washington Court House,12385,8.6
Washougal,4742,8.3
Wataga,21475,7.4
Waterloo,131364,21.7
Waterproof,1636,15.6
Wathena,3790,5.8
Watkins Glen,8125,6.4
Watrous,1166,5.4
Watseka,13533,7.5
Waubun,2222,9.2
Wauchula,9517,11.0
Waucoma,10050,5.1
Waupaca,36371,7.2
Waurika,2497,6.5
Wautoma,6809,7.6
Waverly,27864,10.8
Waxahachie,74703,6.5
Waycross,7262,8.9
Wayland,3210,4.5
Wayne,10668,4.4
Waynesboro,9655,4.9
Waynesburg,9202,10.5
Waynesville,8066,7.7
Waynetown,7533,8.6
Weatherford,56235,6.1
Weaubleau,3020,12.6
Webb,8504,3.8
Webb City,55374,6.0
Webbville,2088,6.2
Webster,4921,5.1
Weinert,2227,6.9
Weirton,10360,6.4
Welch,4844,9.5
Welcome,10273,3.5
Welda,3593,5.9
Wellington,1345,5.2
Wellman,11358,4.2
Wellston,5060,12.0
Wellsville,5126,9.4
Wellton,71622,13.1
Wenden,6386,11.2
West Branch,7661,12.4
West Fargo,94675,3.2
West Harrison,24159,8.1
West Liberty,45727,21.799999999999997
West Monroe,64578,8.0
West Palm Beach,617902,9.5
West Pawlet,30125,6.6
West Point,16414,8.7
West Salem,57471,13.100000000000001
Westcliffe,1390,14.0
Westerville,94424,3.2
Westfield,7457,10.1
Westhope,3369,2.6
Weston,32450,9.4
Westpoint,5703,12.2
Westport,13618,13.0
Wewahitchka,5604,10.2
Wheatland,4133,2.4
Wheelersburg,27592,9.6
White City,87699,10.8
White House,82224,6.0
White Lake,606484,7.5
White Mountain,3654,16.5
White Pigeon,22556,9.7
White Sulphur Springs,14116,7.2
Whitehall,9175,11.399999999999999
Whites City,25620,5.8
Whitewater,1767,6.3
Whiting,19530,5.8
Whitman,3271,2.6
Whitney,14271,8.9
Whitwell,17571,15.7
Wibaux,457,3.0
Wichita,31277,5.6
Wichita Falls,55053,6.1
Wilderville,28510,12.3
Wildorado,8501,5.4
Wildrose,1252,0.7
Wildwood,22298,9.0
Willard,15385,5.5
Williams,66819,13.600000000000001
Williamsburg,78236,54.699999999999996
Williamson,23471,12.4
Williamsville,22336,6.8
Williston,115459,12.0
Willmar,21757,4.8
Willow,2344,4.4
Wilmar,3666,14.2
Wilmington,121487,16.8
Wilmore,995,5.4
Wilmot,3953,4.1
Wilsey,2819,3.2
Wilson,7165,6.5
Wilton,4805,8.8
Wimberley,87233,6.7
Winamac,5831,7.0
Winchester,79806,33.2
Winder,16227,5.0
Windfall,7195,6.2
Winnebago,2483,14.4
Winnemucca,2101,9.5
Winnsboro,20177,15.5
Winona,1399,3.9
Winslow,21853,9.9
Winter Park,814133,18.5
Winters,4292,3.4
Winterville,11393,8.7
Wister,4068,7.8
Witten,2863,2.1
Wolf Point,920,0.8
Woodburn,4504,5.0
Woodbury,16304,8.0
Woodland,146770,27.400000000000002
Woodville,3570,2.9
Woodward,13403,4.7
Worland,6184,10.1
Worthington,9442,3.6
Wray,10897,12.2
Wynne,2472,12.4
Wyoming,27553,5.5
Yabucoa,8083,24.3
Yakutat,375,7.9
Yale,9189,2.9
Yancey,19610,6.6
Yazoo City,2678,26.8
Yeso,619,5.2
Yoakum,16856,10.8
York,217393,7.3
Yorkshire,23649,6.7
Young America,17342,8.7
Young Harris,7291,13.0
Youngstown,103169,9.5
Youngsville,116522,6.3
Ypsilanti,176383,7.4
Yuma,2196,5.1
Zachary,215513,7.6
Zalma,5064,4.0
Zebulon,40735,11.9
Zeigler,15510,10.0
Zenda,3509,5.7
Zwingle,9687,4.4
