City,PrivateWork,PublicWork,SelfEmployed,FamilyWork
Aberdeen,71.2,21.7,7.0,0.2
Abilene,77.5,16.5,5.7,0.2
Abingdon,76.25,18.55,5.1,0.1
Adams Run,77.0,18.3,4.5,0.2
Addison,71.9,16.2,11.600000000000001,0.35
Adena,82.2,13.9,3.8,0.1
Adger,78.3,15.3,6.2,0.2
Adjuntas,63.0,28.7,8.0,0.3
Adrian,77.75,16.15,6.050000000000001,0.05
Afton,66.3,25.5,7.85,0.3
Aguada,65.6,24.65,9.649999999999999,0.05
Aguadilla,64.9,25.3,9.6,0.2
Aguas Buenas,68.5,20.5,11.0,0.0
Aguirre,61.6,32.4,6.0,0.0
Aiken,72.7,22.3,4.9,0.1
Akron,77.44999999999999,16.700000000000003,5.6,0.25
Akutan,78.6,15.4,5.9,0.2
Alamo,77.7,14.3,7.9,0.1
Alamogordo,62.7,31.5,5.3,0.4
Alamosa,69.9,21.0,8.6,0.5
Albany,72.31428571428572,21.542857142857144,6.071428571428571,0.1
Albion,72.7,11.8,15.6,0.0
Albrightsville,83.8,11.3,4.8,0.1
Albuquerque,74.0,20.1,5.6,0.2
Alexander,73.0,12.6,13.9,0.5
Alexander City,70.4,24.1,5.5,0.0
Alexandria,77.6,12.55,9.7,0.15
Alice,76.0,17.2,6.4,0.3
Aliceville,71.1,23.8,5.1,0.0
Alix,71.5,20.1,7.8,0.5
Alleghany,45.0,42.3,9.7,3.1
Allen,84.1,10.0,5.8,0.2
Allendale,78.5,13.2,8.3,0.0
Allenhurst,63.1,29.1,7.8,0.0
Alleyton,72.6,17.3,9.0,1.1
Alliance,64.4,20.8,14.4,0.5
Allison,69.3,18.4,12.1,0.2
Allouez,63.8,27.6,6.7,2.0
Alma,76.4,19.15,4.4,0.1
Alma Center,73.0,18.1,8.5,0.4
Almena,80.8,10.9,8.1,0.2
Almyra,76.4,15.3,7.7,0.6
Alpena,76.16666666666667,12.933333333333332,10.666666666666666,0.2333333333333333
Alpharetta,83.1,11.5,5.2,0.1
Alpine,75.85,14.8,9.2,0.15000000000000002
Alston,81.0,13.9,5.0,0.0
Altamont,75.7,19.6,4.7,0.0
Alto,72.05000000000001,18.55,8.75,0.6
Altonah,75.1,20.4,4.3,0.2
Altoona,81.5,13.1,5.2,0.1
Altus,65.1,29.2,5.7,0.1
Alva,66.5,20.75,12.55,0.25
Alvo,76.1,17.6,6.1,0.2
Amado,74.9,18.3,6.6,0.2
Amargosa Valley,74.6,20.1,5.2,0.2
Amarillo,78.30000000000001,14.95,6.65,0.15000000000000002
Amasa,75.4,17.1,7.2,0.3
Amboy,79.9,13.4,6.5,0.2
Amelia,67.6,14.0,18.1,0.4
Amistad,67.3,25.7,6.6,0.4
Amity,71.9,16.3,11.5,0.3
Anaconda,58.5,30.950000000000003,10.15,0.39999999999999997
Anamosa,77.6,12.7,9.5,0.2
Anawalt,66.4,30.8,2.7,0.0
Anchorage,73.3,20.9,5.7,0.1
Andalusia,75.8,17.4,6.550000000000001,0.25
Anderson,81.2,13.1,5.5,0.2
Andersonville,71.5,22.1,6.4,0.0
Andrews,79.4,11.399999999999999,8.9,0.3
Angela,63.5,28.8,7.0,0.8
Angola,60.1,33.8,5.9,0.2
Angoon,53.5,30.9,15.6,0.0
Angora,67.2,20.8,11.8,0.2
Animas,69.0,26.1,4.2,0.7
Annabella,71.9,21.0,5.6,1.5
Annapolis,76.3,19.4,4.0,0.2
Anniston,74.1,20.8,5.0,0.1
Antigo,81.6,11.7,6.3,0.4
Apache,67.2,25.1,7.7,0.1
Appleton City,73.6,16.3,9.1,1.1
Arab,78.0,14.8,7.1,0.1
Aragon,50.3,39.7,8.3,1.7
Aransas Pass,75.4,12.4,12.2,0.1
Arapahoe,70.65,17.7,10.9,0.75
Arcadia,73.36666666666667,18.3,8.266666666666666,0.06666666666666667
Arcanum,82.75,11.4,5.65,0.2
Arco,64.6,27.9,7.4,0.1
Arcola,76.4,15.0,8.4,0.2
Ardenvoir,76.8,16.0,6.9,0.2
Ardmore,69.6,23.2,6.9,0.2
Arena,76.5,13.7,9.4,0.4
Arkadelphia,73.1,21.2,5.3,0.3
Arlington,73.96666666666667,19.616666666666667,6.266666666666667,0.16666666666666666
Armagh,78.4,14.7,6.7,0.2
Armour,68.5,12.8,18.4,0.3
Armstrong,51.9,48.1,0.0,0.0
Arnett,75.4,20.7,3.7,0.1
Arnold,63.1,22.400000000000002,14.266666666666666,0.2333333333333333
Arpin,83.5,10.8,5.5,0.2
Arroyo,62.7,30.5,6.9,0.0
Artemus,77.0,17.9,4.6,0.4
Ash,78.0,13.6,8.1,0.2
Ash Grove,80.45,12.25,7.050000000000001,0.25
Ashburn,71.65,23.4,4.95,0.05
Ashburnham,81.2,13.1,5.5,0.2
Ashford,77.7,17.8,4.5,0.0
Ashland,79.775,13.55,6.625,0.1
Ashley,74.8,11.7,10.9,2.6
Aspen,80.5,9.4,9.8,0.2
Assaria,83.0,10.5,6.3,0.3
Astoria,79.9,13.6,6.4,0.1
Atchison,80.1,13.5,6.0,0.4
Athens,76.83333333333333,17.966666666666665,5.1000000000000005,0.10000000000000002
Atkins,76.5,16.9,6.4,0.2
Atlanta,77.3,13.8,8.7,0.2
Atlantic,73.2,18.6,7.7,0.5
Atlantic City,79.6,15.5,4.7,0.2
Attleboro,81.8,13.3,4.9,0.1
Atwood,76.3,16.2,7.3,0.1
Au Gres,80.7,11.2,7.9,0.2
Auburn,78.1,16.575,5.225,0.1
Auburntown,75.0,14.0,10.8,0.2
Audubon,74.3,16.4,9.0,0.3
Augusta,78.5,16.525,4.85,0.1
Aurora,80.9,11.45,7.6,0.05
Austin,79.86666666666666,14.133333333333333,5.833333333333333,0.20000000000000004
Austinburg,84.5,10.4,5.0,0.1
Austinville,74.7,16.0,9.1,0.2
Autaugaville,73.6,20.9,5.5,0.0
Avera,68.6,24.2,7.1,0.1
Avinger,76.0,15.9,8.1,0.0
Avoca,68.7,20.5,10.3,0.5
Avondale,76.6,18.7,4.5,0.2
Axtell,70.4,21.65,7.9,0.05
Axton,81.7,13.8,4.3,0.1
Azle,76.9,14.9,8.1,0.1
Bainbridge,70.2,21.4,8.0,0.5
Bajadero,67.5,25.0,7.4,0.2
Baker,64.7,19.8,14.0,1.5
Baker City,71.2,19.1,9.5,0.3
Bakersfield,76.25,15.399999999999999,8.05,0.25
Baldwin,85.2,9.5,5.0,0.3
Baldwyn,83.2,12.3,4.4,0.1
Balko,73.3,17.2,9.3,0.2
Ball Ground,83.5,10.7,5.5,0.3
Baltic,81.3,5.8,12.3,0.7
Baltimore,76.4,20.1,3.4,0.1
Bandana,79.9,11.7,8.4,0.0
Banks,75.8,18.7,5.5,0.1
Barceloneta,65.6,29.1,5.2,0.0
Barksdale,57.2,23.0,19.7,0.0
Barnesville,73.94999999999999,17.1,8.55,0.45
Barnhart,84.6,10.3,5.0,0.2
Barnum,78.0,13.4,8.4,0.2
Barranquitas,65.2,26.2,8.6,0.0
Bartlett,78.9,14.9,6.0,0.1
Barton,80.1,14.9,4.9,0.2
Bartow,74.5,18.8,6.2,0.5
Basehor,69.7,25.6,4.7,0.0
Basile,82.4,10.6,7.0,0.0
Bassett,75.5,18.0,6.4,0.0
Batavia,76.6,18.0,5.2,0.2
Bates,57.7,29.3,12.4,0.6
Batesburg,78.5,13.8,6.6,1.2
Batesville,83.1,11.6,5.2,0.1
Bath,74.1,16.2,9.7,0.0
Bath Springs,63.7,25.1,11.1,0.2
Battle Creek,80.6,12.0,7.2,0.1
Battle Ground,81.6,12.5,5.8,0.2
Battle Mountain,57.9,33.8,8.3,0.0
Bauxite,76.4,18.4,5.0,0.2
Bay City,80.65,13.3,6.0,0.05
Bay Port,79.8,11.1,8.7,0.4
Bayamon,70.9,20.8,8.2,0.2
Bayport,77.1,18.1,4.7,0.1
Beach,64.1,17.8,14.2,3.8
Beach Haven,78.0,16.3,5.4,0.2
Bealeton,73.0,20.0,6.7,0.3
Bear Creek,73.0,17.8,9.1,0.2
Beattyville,65.6,30.8,3.7,0.0
Beaufort,79.0,14.6,6.2,0.2
Beaumont,70.5,14.9,13.8,0.9
Beaverton,81.55000000000001,10.85,7.3,0.3
Bechtelsville,85.8,9.1,5.0,0.1
Becker,83.9,11.2,4.7,0.2
Bedford,83.1,11.1,5.9,0.0
Bee Branch,71.7,17.0,11.3,0.0
Beeson,77.2,17.7,5.0,0.1
Beeville,70.5,22.7,6.7,0.2
Bejou,69.2,15.9,14.5,0.4
Belden,82.9,11.7,5.3,0.1
Belgium,85.5,8.5,5.7,0.2
Bella Vista,72.9,16.7,10.3,0.2
Bellaire,78.2,11.5,10.0,0.3
Belle Plaine,86.6,9.2,4.1,0.1
Belleview,75.2,19.1,5.5,0.1
Belleville,79.8,16.1,4.0,0.1
Bellevue,76.25,16.4,7.25,0.15000000000000002
Bells,78.4,13.8,7.5,0.3
Belmont,73.9,18.8,7.1,0.2
Belpre,80.0,15.0,4.8,0.1
Belvidere,69.4,25.9,4.5,0.2
Bend,74.7,15.1,10.0,0.1
Benicia,74.2,19.7,6.0,0.1
Benkelman,60.9,19.3,19.7,0.0
Bennett,73.6,16.3,9.5,0.6
Bennington,79.55000000000001,11.649999999999999,7.9,0.9
Benzonia,78.0,14.9,7.0,0.1
Berea,74.95,18.85,6.2,0.0
Berkeley Springs,72.5,19.9,7.6,0.0
Berlin Heights,81.4,13.0,5.5,0.1
Bern,71.5,17.9,10.3,0.2
Bernalillo,72.3,21.4,6.2,0.1
Berryton,72.6,19.8,7.5,0.1
Berthoud,80.3,13.1,6.4,0.2
Berwick,80.4,14.9,4.7,0.0
Bessemer,76.0,19.5,4.3,0.2
Bethlehem,83.9,10.35,5.5,0.2
Bethune,62.9,22.9,14.0,0.2
Beulah,62.6,22.450000000000003,14.350000000000001,0.65
Biddeford,78.1,14.0,7.7,0.2
Big Cabin,73.2,18.6,7.8,0.4
Big Pine Key,76.7,14.0,9.1,0.2
Big Rock,72.15,23.15,4.6,0.1
Big Sandy,66.4,21.45,11.45,0.7
Big Spring,68.5,17.0,14.4,0.0
Big Wells,70.5,21.9,7.6,0.0
Bighill,76.9,18.8,4.2,0.2
Biglerville,82.9,11.1,5.9,0.2
Billings,81.85,11.399999999999999,6.6,0.15000000000000002
Billingsley,80.3,15.2,4.1,0.5
Binford,70.6,11.1,17.4,0.9
Bingen,70.9,19.7,9.0,0.3
Bird City,60.0,23.8,15.1,1.1
Birdsnest,72.3,17.4,10.2,0.1
Birmingham,80.9,14.4,4.6,0.2
Bisbee,56.5,15.8,26.9,0.8
Bishop,62.4,27.0,10.15,0.45
Bismarck,76.1,18.299999999999997,5.5,0.1
Black River,67.0,26.2,6.7,0.1
Black River Falls,71.9,20.6,7.2,0.3
Blacksburg,74.35,21.75,3.8,0.1
Blackstone,62.8,32.5,4.7,0.0
Blackwell,67.4,24.3,8.15,0.15
Blanchard,74.6,13.1,12.2,0.0
Blanchardville,75.2,12.1,12.1,0.6
Blanchester,83.8,10.6,5.4,0.2
Blanco,69.95,21.1,8.8,0.15
Bledsoe,66.6,20.9,12.0,0.4
Bloomery,74.1,17.5,8.2,0.2
Bloomfield,76.7,13.7,9.4,0.2
Bloomingdale,80.6,12.4,6.8,0.2
Bloomington Springs,75.7,15.3,8.6,0.4
Blountsville,82.0,13.5,4.2,0.4
Blue Mound,78.5,13.4,8.0,0.2
Blue Mountain,82.7,11.6,5.6,0.1
Blue Ridge,73.1,19.8,7.1,0.1
Blue River,74.7,16.6,8.0,0.7
Blue Springs,78.25,14.100000000000001,7.45,0.2
Bluff City,70.4,19.1,10.0,0.6
Bluff Dale,78.6,11.0,9.9,0.5
Bluffton,77.8,13.8,7.4,1.1
Bogart,78.3,15.3,6.0,0.4
Bogata,68.5,17.4,13.8,0.4
Boise,62.7,25.8,11.2,0.3
Bomont,69.1,22.9,7.0,1.0
Bond,81.1,14.6,4.2,0.1
Bonesteel,63.1,17.6,18.6,0.7
Bonita Springs,83.8,8.5,7.4,0.2
Bonners Ferry,71.7,16.8,11.1,0.4
Boone,69.3,22.8,7.3,0.5
Boones Mill,80.1,13.5,6.3,0.2
Boonville,81.2,11.4,7.3,0.0
Boston,80.16666666666667,14.366666666666667,5.333333333333333,0.10000000000000002
Boswell,72.3,21.5,6.1,0.1
Boulder,70.8,20.1,8.9,0.3
Bouton,83.7,11.3,4.8,0.2
Boutte,79.8,14.1,6.0,0.1
Bovina,77.6,12.5,9.3,0.5
Bowie,73.86666666666666,18.566666666666666,7.2,0.3666666666666667
Bowlegs,72.6,21.2,6.1,0.1
Bowling Green,78.94999999999999,16.200000000000003,4.7,0.15000000000000002
Bowman,71.6,16.6,11.4,0.3
Box Elder,68.1,25.7,4.6,1.6
Boyertown,86.2,8.1,5.5,0.1
Bozeman,73.2,17.7,8.6,0.4
Bracey,69.6,22.200000000000003,8.05,0.15000000000000002
Brackenridge,86.2,9.3,4.5,0.1
Brackettville,48.7,38.1,13.2,0.0
Bradenton Beach,82.3,11.8,5.5,0.3
Bradford,78.35,12.5,8.45,0.7000000000000001
Bradgate,70.5,13.9,15.5,0.1
Bradleyville,82.8,8.4,8.8,0.1
Brady,68.1,16.2,14.6,1.1
Braidwood,85.2,11.6,3.1,0.1
Branchville,82.4,11.9,5.4,0.3
Brandon,83.4,12.2,4.3,0.1
Brandy Station,75.1,17.4,7.5,0.1
Brasstown,77.9,13.5,8.2,0.4
Braxton,76.5,19.3,4.1,0.1
Brazil,79.6,13.0,7.1,0.2
Breaux Bridge,81.7,13.7,4.4,0.3
Breckenridge,71.9,16.0,11.9,0.2
Breda,76.6,13.3,9.9,0.2
Breeding,74.8,17.7,7.6,0.0
Bremen,85.2,9.0,5.6,0.2
Bremo Bluff,71.2,20.6,8.1,0.1
Bremond,70.8,20.5,8.4,0.3
Brenham,77.0,14.950000000000001,8.0,0.1
Brewerton,78.3,16.8,4.8,0.1
Briceville,75.9,18.4,5.7,0.1
Bridgeport,75.0,19.3,5.6,0.1
Bridgeton,75.0,21.1,3.6,0.3
Bridgeville,49.8,29.6,12.7,8.0
Bridgewater Corners,76.7,13.2,10.0,0.2
Brierfield,76.8,16.1,6.7,0.4
Brighton,78.6,16.7,4.6,0.1
Brightwood,68.8,17.6,13.7,0.0
Briscoe,71.1,16.4,12.5,0.0
Bristol,81.1,13.649999999999999,5.050000000000001,0.15
Bristow,72.25,18.1,9.15,0.55
Broadus,51.2,23.5,23.2,2.1
Broadview,69.8,17.55,11.299999999999999,1.35
Brocket,73.0,18.2,8.5,0.3
Broken Bow,75.1,16.6,8.2,0.2
Bronston,78.8,15.3,5.6,0.3
Bronx,79.9,14.8,5.2,0.1
Brookesmith,75.2,16.5,8.2,0.1
Brookings,75.5,18.6,5.6,0.4
Brooklyn,78.44999999999999,15.350000000000001,6.0,0.25
Brooks,84.6,10.9,4.4,0.1
Brooksville,79.9,14.5,5.4,0.1
Brookville,82.0,10.5,7.2,0.3
Broomfield,79.8,13.8,6.2,0.2
Browns Valley,66.3,15.5,18.0,0.2
Brownsville,72.7,18.2,8.9,0.2
Brownton,85.5,8.5,5.9,0.1
Brunswick,79.2,15.0,5.65,0.15000000000000002
Brusly,76.5,17.9,5.6,0.0
Brutus,80.9,12.0,6.8,0.4
Bryan,68.3,25.6,5.8,0.2
Buchanan,79.83333333333333,13.700000000000001,6.333333333333333,0.10000000000000002
Buckatunna,78.1,14.4,7.3,0.2
Buckhannon,76.9,17.0,5.7,0.3
Buckholts,68.5,21.3,9.8,0.4
Buena Vista,76.1,16.75,6.449999999999999,0.65
Buffalo,67.7,16.266666666666666,14.466666666666669,1.5999999999999999
Buford,83.7,11.2,5.1,0.0
Buhl,78.8,10.6,9.6,1.0
Bullhead City,78.3,15.0,6.4,0.3
Bullock,74.9,20.6,4.4,0.0
Buna,77.7,15.5,6.7,0.1
Buncombe,68.9,23.8,6.5,0.8
Burbank,66.2,27.8,6.0,0.1
Burgaw,76.7,14.9,8.2,0.2
Burley,79.8,13.7,6.3,0.1
Burlington,75.63333333333333,18.03333333333333,6.166666666666667,0.13333333333333333
Burlington Junction,74.6,16.4,8.7,0.3
Burns,78.6,14.6,6.7,0.0
Burnsville,80.6,13.1,6.2,0.1
Burton,79.7,17.2,2.9,0.1
Burwell,55.85,16.95,26.700000000000003,0.5
Bushnell,68.2,16.9,14.9,0.0
Bussey,82.7,11.3,5.9,0.1
Butte,67.55,15.8,15.850000000000001,0.75
Butternut,74.4,18.9,6.6,0.1
Byhalia,82.4,12.6,5.0,0.0
Byrdstown,64.3,23.6,12.0,0.1
Byron,66.55000000000001,27.95,5.449999999999999,0.05
Cabins,77.7,15.1,7.1,0.0
Cadiz,74.1,18.7,6.8,0.4
Caguas,71.1,20.1,8.7,0.1
Cairo,78.55,15.95,5.5,0.05
Caldwell,79.8,13.8,6.1,0.4
Caledonia,73.9,19.7,5.8,0.6
Calhoun,80.25,12.25,7.1,0.35
Calhoun City,78.4,12.3,9.1,0.2
Caliente,50.1,43.1,6.6,0.3
Call,79.4,15.8,4.8,0.0
Calumet,73.5,21.3,5.0,0.2
Calvin,78.6,17.3,3.5,0.6
Camarillo,77.8,13.2,8.8,0.2
Cambria,79.7,11.2,8.9,0.2
Cambridge,72.63333333333333,16.766666666666666,10.0,0.6
Camden,74.76666666666667,18.233333333333334,6.833333333333333,0.16666666666666666
Cameron,76.1,14.8,9.0,0.1
Camilla,72.5,18.5,7.9,1.1
Camp Douglas,77.3,16.3,6.1,0.4
Camp Hill,79.0,16.0,4.9,0.2
Campbellsburg,83.8,9.7,6.4,0.1
Campbelltown,81.0,12.3,6.4,0.2
Campton,69.85,22.8,7.0,0.35
Camuy,66.5,23.9,9.3,0.2
Canandaigua,79.1,15.1,5.7,0.1
Candor,76.95,17.05,5.75,0.25
Cannelburg,79.5,13.7,6.3,0.5
Cannon Beach,74.9,15.9,8.9,0.3
Canovanas,70.8,21.2,7.9,0.0
Canton,76.4,14.966666666666667,8.166666666666666,0.5
Cantwell,66.4,24.5,7.9,1.2
Cape Coral,82.8,10.6,6.4,0.2
Carey,73.2,14.0,12.6,0.2
Carlyle,79.1,14.7,6.1,0.1
Carmel,76.0,17.6,6.1,0.3
Carolina,69.0,22.0,8.9,0.1
Carpenter,70.2,16.95,12.15,0.7
Carrabelle,58.9,26.1,14.9,0.1
Carrington,69.6,12.9,16.3,1.1
Carrollton,74.4,19.9,5.5,0.2
Carson,67.65,14.100000000000001,17.549999999999997,0.75
Carson City,70.3,24.5,4.9,0.2
Cartersville,74.8,18.8,6.3,0.05
Carthage,71.20000000000002,21.15,7.175,0.45
Cartwright,75.8,13.1,10.9,0.2
Cascade Locks,79.0,13.3,7.7,0.0
Casco,82.3,8.8,8.7,0.2
Cassatt,77.1,17.5,5.2,0.2
Castalia,77.0,16.5,6.4,0.1
Castell,66.0,11.6,21.8,0.6
Castleford,80.1,12.1,7.5,0.3
Cataldo,79.7,12.1,8.0,0.3
Cataula,76.9,17.6,5.5,0.0
Catoosa,81.2,13.1,5.5,0.2
Cave City,77.1,15.9,6.9,0.2
Cayce,76.1,18.4,5.3,0.2
Cayey,66.3,23.1,10.7,0.0
Cayuga,82.3,10.6,6.7,0.4
Cecil,74.9,17.5,7.6,0.0
Cedar Bluff,76.7,18.2,5.1,0.0
Cedar Falls,81.1,12.2,6.6,0.2
Cedar Valley,83.1,12.3,4.4,0.2
Ceiba,65.4,20.7,14.0,0.0
Centenary,81.3,13.9,4.8,0.0
Center,68.6,18.25,12.85,0.25
Center Harbor,74.1,16.5,9.2,0.2
Centerview,70.5,22.9,6.2,0.3
Centerville,76.73333333333333,14.5,8.6,0.16666666666666666
Central,76.2,18.2,5.6,0.1
Central Bridge,67.3,23.8,8.4,0.5
Central City,80.3,14.2,5.5,0.0
Centralia,78.7,15.4,5.9,0.0
Centreville,72.9,21.5,5.4,0.1
Ceres,78.9,14.2,6.8,0.2
Ceresco,75.6,15.6,8.4,0.4
Chadwick,78.1,12.0,9.8,0.1
Challis,65.7,20.9,12.4,1.1
Chamberlain,66.4,16.3,15.4,1.9
Chambers,59.1,16.8,22.7,1.4
Chapel Hill,67.7,25.5,6.6,0.2
Chapin,73.6,22.1,4.3,0.1
Chapmansboro,76.0,14.5,9.2,0.3
Chapmanville,77.8,17.8,4.4,0.0
Chappell,69.6,17.7,12.7,0.0
Charleston,78.06666666666666,16.0,5.766666666666667,0.20000000000000004
Charlo,65.3,22.4,11.8,0.5
Charlottesville,68.1,25.8,6.0,0.0
Chase,71.8,16.3,11.6,0.3
Chateaugay,62.5,28.9,8.3,0.2
Chatfield,82.3,11.4,6.0,0.3
Cherokee,72.6,19.1,8.175,0.075
Cherryvale,70.1,18.9,10.8,0.2
Chesapeake,73.1,22.6,4.2,0.1
Chester,76.36666666666666,14.966666666666669,8.166666666666666,0.5333333333333333
Chester Gap,74.0,18.9,6.8,0.3
Chesterland,82.0,9.6,8.1,0.2
Cheyenne,67.6,27.7,4.5,0.2
Cheyenne Wells,57.1,26.0,16.6,0.3
Chicopee,79.5,15.1,5.2,0.1
Chicora,84.9,10.0,4.9,0.1
Chiefland,70.9,18.7,10.3,0.1
Chili,75.8,9.0,14.7,0.6
Chillicothe,69.94999999999999,21.25,8.6,0.25
Chilton,86.0,9.5,4.3,0.2
Christiana,80.6,13.4,5.8,0.1
Christmas Valley,59.4,27.8,11.5,1.3
Church Hill,79.8,12.6,7.6,0.0
Ciales,58.5,35.8,5.8,0.0
Cibolo,77.0,17.9,4.8,0.3
Cidra,70.6,20.8,8.7,0.0
Cincinnati,84.8,10.4,4.7,0.1
Cincinnatus,72.7,20.6,6.5,0.2
Cisco,76.4,15.1,7.8,0.7
Claremont,73.65,16.1,10.149999999999999,0.15000000000000002
Clarence,76.65,14.8,8.350000000000001,0.2
Clarendon,56.4,29.8,13.7,0.0
Clark,66.9,12.8,18.7,1.5
Clarks Mills,82.8,11.0,6.0,0.2
Clarksdale,77.5,16.3,6.1,0.0
Clarkson,74.0,14.6,10.2,1.1
Clarkston,76.9,16.6,6.5,0.0
Clay City,81.8,11.3,6.9,0.0
Clayton,68.8,21.160000000000004,9.86,0.13999999999999999
Cle Elum,66.1,26.0,7.7,0.3
Clearbrook,70.3,20.1,9.2,0.4
Cleveland,77.325,15.825,6.6,0.22500000000000003
Clifford,78.8,15.1,5.9,0.2
Clifton,71.05000000000001,17.35,11.25,0.4
Clifton Forge,77.3,16.3,6.3,0.1
Clinton,76.1,15.0,9.0,0.0
Clio,71.8,20.8,7.3,0.1
Cloquet,72.8,20.4,6.4,0.3
Clover,82.2,12.6,5.0,0.2
Cloverdale,73.7,16.5,9.8,0.1
Cluster Springs,73.5,18.9,7.3,0.3
Coahoma,72.0,23.0,4.9,0.1
Coal City,83.7,12.2,4.1,0.1
Coalgate,64.6,25.2,9.5,0.7
Coamo,64.4,28.0,7.5,0.0
Coats,71.9,17.2,9.6,1.3
Coatsville,68.1,17.7,13.6,0.5
Coeburn,66.5,28.8,4.3,0.3
Coffeeville,82.2,12.6,5.1,0.1
Colby,69.9,18.5,11.4,0.1
Cold Brook,76.3,16.7,6.9,0.2
Coldwater,79.9,15.8,4.2,0.1
Colebrook,72.7,18.0,9.0,0.4
Coleman,83.0,10.399999999999999,6.15,0.5
Collierville,79.8,13.0,7.1,0.1
Collins,66.7,24.8,8.4,0.1
Collinston,84.4,12.1,3.4,0.1
Collison,78.9,15.2,5.7,0.2
Colonial Heights,71.7,24.1,3.8,0.4
Colorado City,66.7,25.9,7.0,0.4
Colt,70.7,22.1,6.9,0.3
Columbia,74.25,15.7,9.7,0.35
Columbia City,85.1,9.3,5.5,0.1
Columbia Falls,78.2,13.4,8.1,0.3
Columbiaville,85.0,9.1,5.7,0.2
Columbus,79.0,13.599999999999998,7.15,0.225
Columbus Grove,84.7,11.0,4.1,0.1
Comanche,78.0,14.6,7.0,0.4
Comer,67.7,25.1,7.1,0.0
Comerio,63.5,28.4,8.2,0.0
Comfort,73.9,15.7,10.4,0.0
Comfrey,75.1,13.3,11.3,0.3
Comins,73.2,16.0,10.2,0.6
Commerce,75.85,17.75,6.199999999999999,0.15
Commiskey,81.9,13.6,4.4,0.1
Concord,70.75,16.25,12.649999999999999,0.35
Concrete,76.4,15.7,7.8,0.1
Conehatta,68.3,25.8,5.9,0.0
Conley,79.6,15.4,4.9,0.1
Connellsville,84.7,10.3,4.8,0.2
Conover,70.8,15.9,13.0,0.2
Conrad,66.0,19.0,14.4,0.6
Conroe,80.4,11.7,7.8,0.1
Converse,83.6,11.3,5.0,0.1
Conway,76.9,17.45,5.35,0.25
Conway Springs,75.6,18.1,6.1,0.2
Cook Station,79.6,11.8,8.4,0.2
Coon Valley,76.3,12.5,10.8,0.4
Cooper,73.1,15.4,10.9,0.5
Coquille,71.8,17.7,9.9,0.5
Cora,73.1,22.8,3.9,0.1
Corinth,79.80000000000001,15.100000000000001,5.1,0.05
Cornersville,80.8,12.9,6.2,0.1
Corning,70.1,20.1,9.6,0.2
Cornish,79.2,12.9,7.8,0.1
Corsica,68.1,14.9,16.6,0.3
Cortez,68.0,20.5,10.9,0.7
Corunna,83.85,10.45,5.45,0.2
Corwith,77.2,11.6,10.5,0.7
Cosby,77.95,13.45,8.3,0.3
Coshocton,81.5,10.7,7.2,0.7
Cost,77.2,13.2,9.1,0.5
Cotopaxi,66.2,27.0,6.7,0.1
Cotter,78.9,12.8,8.3,0.0
Cotton Center,75.9,16.4,7.4,0.2
Cottonwood Falls,73.3,18.6,8.0,0.1
Cotulla,78.2,14.0,7.8,0.0
Couch,71.4,16.8,11.6,0.2
Coulee City,79.2,14.6,5.7,0.4
Council,60.4,25.2,14.2,0.1
Coupeville,67.2,23.6,8.8,0.4
Courtland,80.1,16.3,3.6,0.0
Cove City,72.1,22.1,5.5,0.3
Covington,76.95,17.133333333333336,5.766666666666666,0.13333333333333333
Coxsackie,68.1,23.3,7.8,0.8
Coy,68.9,26.0,5.1,0.0
Crab Orchard,68.45,19.65,11.6,0.25
Craigsville,77.6,16.4,5.8,0.2
Craigville,80.6,10.1,8.7,0.6
Crane,78.35,17.05,4.4,0.2
Crawford,59.1,26.6,11.7,2.5
Crawfordsville,81.9,11.2,6.9,0.0
Crawfordville,70.7,23.200000000000003,6.050000000000001,0.0
Crayne,74.5,16.7,8.7,0.1
Crenshaw,68.1,24.4,7.5,0.0
Creole,70.2,22.3,7.2,0.3
Cresco,81.0,14.1,4.8,0.1
Crestline,82.8,11.6,5.5,0.0
Creston,76.95,16.0,6.9,0.15
Creswell,75.6,19.3,5.2,0.0
Cromwell,79.7,14.8,5.5,0.0
Crook,72.9,18.9,8.0,0.1
Cropwell,81.6,12.3,6.0,0.1
Crossville,78.8,12.6,8.5,0.1
Crowell,63.949999999999996,24.95,10.25,0.8500000000000001
Crowley,80.9,13.3,5.7,0.1
Crown Point,85.3,11.0,3.5,0.2
Crystal Spring,76.7,15.3,7.5,0.5
Crystal Springs,79.7,15.1,5.2,0.0
Cub Run,71.2,14.6,13.6,0.6
Cuba,77.3,16.3,6.4,0.1
Culbertson,57.5,30.15,11.25,1.1
Culebra,33.4,44.3,22.2,0.0
Cullman,81.6,12.2,5.8,0.4
Cumberland,74.0,20.2,5.8,0.1
Cumberland Center,81.0,11.1,7.9,0.1
Cumberland Gap,77.8,13.5,8.4,0.3
Currie,70.7,15.2,13.6,0.4
Cushing,77.33333333333333,13.466666666666667,8.933333333333334,0.2333333333333333
Cusseta,69.75,25.2,5.05,0.0
Cut Bank,53.0,36.9,8.6,1.5
Cutler,75.7,18.2,5.7,0.4
Cuyahoga Falls,84.2,11.2,4.5,0.1
Cynthiana,83.2,11.1,5.6,0.0
Cypress,64.3,29.5,6.05,0.1
Daggett,80.7,11.9,7.1,0.3
Dahlonega,80.6,11.7,7.4,0.3
Dailey,77.2,18.9,3.9,0.0
Daisy,72.6,16.5,10.6,0.3
Dakota City,78.5,12.0,9.3,0.2
Daleville,74.3,20.3,5.1000000000000005,0.26666666666666666
Dalhart,77.1,13.05,9.55,0.25
Dalton,78.5,13.4,7.9,0.2
Damon,80.5,14.4,5.0,0.1
Dana,84.2,11.2,4.4,0.2
Danville,73.1,21.133333333333333,5.6000000000000005,0.19999999999999998
Darlington,86.6,8.6,4.3,0.5
Datto,78.6,13.4,7.9,0.1
Davidson,84.4,10.4,5.0,0.2
Davis,63.8,31.5,4.7,0.0
Dawson Springs,73.1,17.55,9.25,0.1
Dawsonville,81.35,9.55,8.85,0.3
Dayton,76.63333333333334,17.5,5.566666666666666,0.3333333333333333
De Borgia,78.5,13.6,8.0,0.0
De Mossville,80.1,12.0,7.7,0.2
De Queen,77.6,14.6,7.8,0.0
De Smet,72.5,11.3,15.8,0.4
De Soto,77.5,13.3,9.1,0.0
Dearborn,84.1,11.4,4.3,0.1
Deary,62.1,30.5,7.2,0.2
Decatur,81.55000000000001,12.35,6.1,0.05
Decorah,78.9,10.2,10.15,0.7
Dedham,82.5,11.5,5.8,0.1
Deer Island,79.5,12.7,7.7,0.2
Deer Lodge,68.6,26.7,4.7,0.1
Deer Park,77.4,16.1,6.0,0.4
Deer Trail,77.3,13.8,8.6,0.4
Deerfield,74.2,21.1,4.5,0.1
Defuniak Springs,80.0,10.5,9.2,0.2
Delcambre,80.3,12.9,6.8,0.0
Delta,77.9,13.4,8.55,0.15000000000000002
Deltona,81.8,12.1,5.9,0.2
Deming,73.6,19.8,6.5,0.0
Denhoff,59.3,13.0,27.2,0.5
Denmark,70.9,23.1,6.0,0.0
Dennis,74.3,13.6,12.0,0.1
Denver,73.85,13.25,12.7,0.2
Denver City,75.1,14.5,10.25,0.1
Depew,81.7,12.4,5.7,0.2
Derry,80.9,12.3,6.7,0.1
Detroit,86.1,10.0,3.8,0.1
Devol,68.4,20.8,10.8,0.0
Dewy Rose,76.4,14.6,8.75,0.25
Dexter,74.33333333333333,16.466666666666665,8.9,0.26666666666666666
Diaz,75.7,17.8,6.1,0.4
Dickinson,80.3,13.6,6.1,0.05
Dilley,81.1,15.4,3.4,0.1
Dillon,81.5,10.4,8.1,0.0
Dingmans Ferry,78.1,13.6,8.0,0.3
Dinwiddie,74.1,19.5,6.0,0.4
Disputanta,76.8,19.1,3.7,0.4
Divide,69.8,22.5,7.4,0.3
Dixfield,76.7,12.8,10.2,0.4
Dixon Springs,76.2,15.5,8.1,0.2
Dodge,78.05,11.7,9.649999999999999,0.55
Dodson,58.4,29.85,8.7,3.1
Dolliver,80.2,11.3,8.3,0.2
Donaldsonville,81.6,13.4,4.9,0.1
Donnelly,74.3,15.2,10.2,0.4
Doon,76.8,12.1,10.5,0.6
Dorado,68.80000000000001,22.25,8.9,0.15000000000000002
Doswell,78.6,16.9,4.5,0.0
Dothan,80.1,14.25,5.45,0.2
Douglas,78.3,13.8,7.6,0.3
Douglass,72.0,20.0,7.9,0.1
Douglasville,80.5,13.7,5.7,0.1
Dove Creek,69.5,21.7,8.5,0.2
Dover,75.4,17.7,6.6000000000000005,0.3
Dow City,77.8,12.8,8.4,1.0
Downsville,84.3,10.7,4.9,0.2
Doyle,72.7,17.7,9.4,0.1
Doylesburg,81.1,12.2,6.4,0.3
Drakes Branch,64.7,28.6,6.4,0.3
Drewsey,53.4,29.5,16.2,1.0
Driscoll,58.6,16.2,25.1,0.1
Drummond,68.4,20.8,10.4,0.4
Dry Branch,81.1,17.5,1.4,0.0
Dryden,49.4,32.8,16.4,1.4
Du Bois,70.5,18.2,11.1,0.2
Duck Hill,70.7,24.5,4.8,0.0
Dudley,72.8,20.3,6.6,0.2
Duke Center,81.4,11.8,6.7,0.1
Dulce,55.7,36.6,7.5,0.3
Duluth,80.6,14.7,4.7,0.1
Dumont,67.9,18.3,13.5,0.2
Dundee,69.9,23.5,6.3,0.2
Dunellen,83.1,13.1,3.8,0.1
Dunn Center,65.0,16.8,16.3,1.9
Dunning,63.8,17.1,19.2,0.0
Dupree,40.9,41.7,16.6,0.8
Durand,75.0,12.8,11.9,0.2
Durango,80.1,11.3,8.0,0.6
Durant,72.7,23.8,3.5,0.0
Durham,78.2,16.8,4.9,0.1
Dustin,67.8,24.2,7.4,0.6
Dutch John,47.7,44.1,8.1,0.0
Eagle,77.2,15.8,6.9,0.1
Eagle Pass,68.8,25.0,6.1,0.1
Eagle River,79.0,13.1,7.7,0.2
Earle,75.35,18.35,5.75,0.55
Earling,73.7,13.4,12.5,0.5
East Concord,79.2,16.8,4.0,0.1
East Jordan,81.3,10.4,7.8,0.5
East Nassau,74.3,20.8,4.8,0.1
East Peoria,84.6,10.7,4.7,0.1
East Prairie,72.9,17.7,9.0,0.3
East Stone Gap,74.5,22.5,2.9,0.1
Eastsound,68.9,14.3,16.2,0.5
Eastview,72.8,22.7,4.5,0.0
Eaton,85.1,10.4,4.3,0.2
Eatonton,77.2,15.8,7.0,0.0
Eau Claire,81.2,10.8,7.7,0.3
Ebro,72.5,18.8,8.4,0.3
Echola,77.0,18.9,4.0,0.1
Eckert,70.0,15.0,14.7,0.4
Edelstein,85.8,10.4,3.7,0.1
Edgartown,61.3,16.0,22.6,0.2
Edgemont,58.3,30.45,10.6,0.6499999999999999
Edgerton,76.9,11.3,11.5,0.3
Edgewood,66.2,20.0,13.8,0.0
Edinburg,71.9,16.5,11.5,0.2
Edison,77.5,15.0,6.9,0.5
Edon,82.2,12.4,5.2,0.2
Edson,70.1,22.4,7.5,0.0
Egegik,42.2,51.6,6.1,0.2
Ekalaka,50.0,16.0,30.9,3.1
El Cerrito,77.5,13.6,8.7,0.2
El Paso,65.75,26.5,7.65,0.1
El Reno,77.7,16.3,5.9,0.1
Eldorado,65.15,23.55,11.0,0.3
Eldridge,82.6,12.5,4.8,0.2
Electra,76.6,13.8,9.5,0.2
Electric City,75.4,19.4,5.1,0.1
Elfrida,63.2,30.5,6.1,0.2
Elgin,80.2,13.5,6.050000000000001,0.30000000000000004
Elizabeth,69.8,26.2,3.8,0.2
Elizabeth City,64.1,30.85,5.0,0.05
Elk City,77.9,15.0,6.8,0.3
Elk Horn,75.3,13.850000000000001,10.7,0.15
Elk Park,75.3,14.9,9.5,0.3
Elkhart,87.5,7.7,4.6,0.2
Elkton,72.0,19.5,8.2,0.3
Ellabell,73.3,19.4,7.2,0.1
Ellaville,70.9,23.6,5.5,0.0
Ellenboro,75.80000000000001,18.0,6.1,0.1
Ellendale,78.8,14.7,6.4,0.1
Ellinger,77.4,13.4,9.0,0.2
Elliott,77.8,11.3,10.6,0.4
Elliottville,69.4,24.6,5.6,0.4
Ellsinore,75.4,14.1,10.5,0.0
Ellsworth,66.05,20.25,13.299999999999999,0.4
Ellwood City,83.6,10.8,5.5,0.1
Elm City,81.5,14.0,4.3,0.2
Elm Creek,80.5,11.5,7.9,0.1
Elmendorf,79.6,14.8,5.6,0.1
Elmira,78.3,16.7,4.8,0.2
Elmo,71.5,22.5,5.7,0.2
Eltopia,81.7,13.2,5.0,0.1
Ely,60.4,33.5,5.6,0.4
Emmetsburg,73.1,17.7,9.0,0.2
Emory,75.3,15.6,9.0,0.1
Empire,72.15,18.45,8.95,0.45
Emporia,74.1,22.6,3.3,0.0
Encampment,72.5,21.8,5.3,0.4
Enders,66.3,13.7,18.7,1.3
Endicott,81.5,14.4,3.8,0.3
Energy,72.2,15.0,12.3,0.5
Enfield,77.1,14.9,7.85,0.15000000000000002
Engadine,68.9,22.0,8.9,0.2
Englewood,71.80000000000001,17.8,10.35,0.1
Englishtown,80.6,13.8,5.5,0.2
Enigma,72.6,20.6,6.4,0.4
Ennice,68.8,18.4,12.3,0.4
Enochs,75.3,19.1,5.6,0.0
Enola,76.9,17.9,5.1,0.1
Enterprise,69.43333333333334,20.433333333333334,10.066666666666666,0.06666666666666667
Epping,78.3,11.2,10.3,0.2
Epps,72.4,22.8,4.6,0.1
Epworth,73.4,14.3,12.0,0.3
Equality,76.0,15.6,8.4,0.0
Erbacon,77.25,17.0,5.4,0.35
Erick,78.0,12.4,9.2,0.4
Ericson,62.4,18.8,17.2,1.6
Erie,70.9,20.5,8.4,0.2
Erlanger,86.1,10.6,3.2,0.1
Escalante,70.6,23.4,4.1,1.9
Esom Hill,79.6,13.9,6.3,0.2
Essex,77.0,18.3,4.6,0.1
Essig,81.1,9.9,8.8,0.2
Ethan,73.4,15.0,11.4,0.2
Ettrick,78.7,12.0,9.0,0.3
Eudora,71.6,21.4,6.699999999999999,0.25
Eufaula,74.2,19.4,6.4,0.0
Eupora,68.9,24.9,6.0,0.1
Eutaw,75.8,17.2,7.0,0.0
Evans,75.0,19.5,5.4,0.1
Evansville,82.25,11.149999999999999,6.449999999999999,0.2
Evant,60.3,34.2,5.3,0.2
Everson,75.1,18.0,6.6,0.3
Everton,70.8,14.3,13.8,1.1
Ewing,71.1,23.1,5.3,0.5
Fairbanks,65.8,29.9,4.1,0.2
Fairbury,80.2,13.5,6.3,0.0
Fairfax,73.4,21.9,4.5,0.2
Fairfield,71.2,15.833333333333334,12.533333333333333,0.5
Fairmont,77.44999999999999,16.55,5.75,0.2
Fairplay,70.4,17.5,10.8,1.2
Fairview,72.6,15.1,11.5,0.9
Faith,57.2,16.1,24.9,1.7
Falfurrias,72.8,20.9,6.3,0.0
Fall Branch,76.8,17.1,6.0,0.1
Fallon,68.2,24.2,7.5,0.1
Falls Church,60.6,32.1,7.3,0.0
Falmouth,79.9,10.0,9.6,0.5
Fannin,70.1,21.4,8.2,0.3
Fanwood,82.6,13.4,3.9,0.1
Farber,75.2,17.1,7.5,0.2
Faribault,82.4,10.8,6.5,0.3
Farina,76.7,16.2,7.0,0.1
Farmersville,74.9,17.1,7.9,0.1
Farmington,76.5,19.4,3.8,0.3
Farmland,81.5,11.0,6.9,0.6
Farnsworth,80.1,10.4,9.2,0.3
Federalsburg,74.35,17.9,7.6,0.2
Felt,77.1,12.9,9.9,0.0
Ferdinand,86.3,6.9,6.7,0.1
Fernandina Beach,81.0,13.5,5.4,0.1
Fernley,76.8,17.4,5.7,0.1
Fernwood,71.3,21.8,6.7,0.2
Ferriday,72.0,21.8,6.1,0.0
Fertile,75.5,16.5,7.8,0.2
Festus,83.9,10.5,5.2,0.4
Fieldton,73.8,16.1,9.9,0.1
Firebaugh,75.4,17.8,6.7,0.2
Fischer,77.2,13.2,9.1,0.4
Fish Camp,60.3,27.8,10.5,1.5
Flandreau,66.0,18.6,14.8,0.5
Flemington,75.7,12.4,11.1,0.9
Fletcher,78.2,15.4,6.4,0.0
Flintville,77.8,12.9,9.0,0.2
Florence,76.65,16.299999999999997,6.8,0.25
Florida,71.1,25.2,3.7,0.0
Fluker,78.8,16.3,4.9,0.0
Flushing,83.7,11.4,4.7,0.1
Folkston,72.1,24.5,3.3,0.0
Fond Du Lac,84.0,10.7,5.0,0.3
Fontana Dam,69.7,22.8,5.9,1.5
Ford,69.1,21.7,8.8,0.4
Forest,75.4,15.2,8.5,0.8
Forest City,81.0,10.666666666666666,8.066666666666666,0.26666666666666666
Forest Hill,69.8,22.4,7.7,0.1
Foristell,86.2,8.7,5.1,0.1
Forrest City,64.9,25.7,9.4,0.0
Fort Bragg,64.9,19.1,15.4,0.6
Fort Buchanan,69.4,18.2,12.3,0.1
Fort Collins,76.0,17.1,6.7,0.2
Fort Davis,50.5,29.5,18.2,1.8
Fort Johnson,79.0,16.2,4.4,0.3
Fort Lauderdale,82.2,11.3,6.4,0.1
Fort Morgan,74.9,17.5,7.3,0.3
Fort Pierce,80.2,13.5,6.1,0.3
Fort Plain,76.4,17.4,6.0,0.1
Fort Scott,75.8,18.3,5.8,0.1
Fort Stewart,61.8,34.7,3.4,0.1
Fort Valley,76.1,18.25,5.4,0.30000000000000004
Fort Wayne,86.4,9.1,4.4,0.2
Fortine,67.6,20.0,12.0,0.4
Fortuna,63.8,22.0,14.0,0.3
Fouke,75.3,16.8,7.8,0.0
Fountain,77.53333333333335,17.433333333333334,4.833333333333333,0.19999999999999998
Fountaintown,85.4,9.2,5.4,0.1
Fowler,72.30000000000001,19.549999999999997,7.95,0.2
Francis,65.0,29.3,5.7,0.1
Frankfort,87.5,7.5,4.9,0.1
Franklin,74.68888888888888,17.933333333333334,7.011111111111111,0.3111111111111111
Frankston,75.6,13.9,10.4,0.1
Frazer,61.7,22.6,14.9,0.9
Frederick,73.9,20.7,5.2,0.2
Fredericksburg,73.6,22.3,3.9000000000000004,0.15000000000000002
Fredonia,66.45,15.9,16.55,1.1
Fremont,78.7,13.8,7.4,0.1
French Village,77.3,18.9,3.8,0.1
Friendly,75.8,18.9,5.2,0.0
Frisco,82.2,11.9,5.7,0.1
Fritch,82.0,11.7,5.9,0.4
Frost,74.6,12.5,12.6,0.3
Fulda,81.3,9.5,8.9,0.3
Funk,75.1,12.1,12.3,0.5
Gackle,63.6,14.1,20.4,1.9
Gadsden,79.8,14.4,5.6,0.2
Gainesville,69.1,26.6,4.3,0.1
Galax,80.4,14.1,5.5,0.0
Galena,77.55,11.3,10.75,0.4
Galloway,78.4,14.8,6.7,0.1
Gallup,58.1,34.0,7.7,0.1
Galt,76.9,14.6,8.5,0.0
Galva,75.2,14.2,10.3,0.3
Garden,82.1,11.8,5.9,0.3
Garden City,70.0,18.7,11.1,0.2
Gardiner,71.8,13.8,13.5,0.8
Garfield,74.6,21.0,4.4,0.0
Garland,81.75,12.7,5.35,0.15000000000000002
Garyville,84.1,11.9,3.9,0.1
Gasquet,57.0,32.7,10.0,0.4
Gastonia,83.8,11.2,4.9,0.2
Gates,72.5,21.8,5.5,0.3
Gatzke,76.9,12.8,10.0,0.3
Gaylesville,73.1,18.5,7.9,0.5
Genesee,77.05,14.15,8.55,0.3
Geneseo,69.6,20.9,9.5,0.0
Genoa,66.9,16.7,14.9,1.5
Genoa City,81.4,12.0,6.2,0.3
Georgetown,78.9,13.3,7.6,0.1
Georgiana,77.3,18.4,4.1,0.2
Gepp,73.5,14.9,11.0,0.6
Gettysburg,67.9,15.1,16.8,0.3
Gibbon,77.9,11.4,10.3,0.4
Gilbertown,77.5,16.8,5.4,0.3
Gillette,80.8,14.6,4.3,0.3
Gillsville,78.2,13.8,7.2,0.8
Gilman,73.1,16.1,10.35,0.45
Gilman City,71.6,16.4,11.5,0.6
Girard,75.8,17.8,6.1,0.4
Girvin,68.6,24.5,6.0,0.9
Gladeville,80.7,11.7,7.5,0.0
Glen Allan,70.5,24.1,5.2,0.1
Glencoe,67.0,27.4,5.2,0.5
Glennallen,56.6,32.9,10.1,0.4
Glenrock,75.0,17.7,7.0,0.3
Glenwood,66.4,23.0,10.6,0.0
Gloster,64.2,33.1,2.7,0.0
Glyndon,80.6,13.6,5.7,0.1
Goessel,73.7,15.6,10.1,0.6
Goetzville,63.7,29.5,6.6,0.3
Gold Creek,56.3,31.3,12.4,0.0
Golden City,74.9,12.9,11.1,1.1
Golden Valley,80.3,13.1,6.6,0.0
Goldfield,70.9,18.3,10.8,0.0
Goldsboro,74.5,19.8,5.4,0.3
Good Hope,65.8,28.7,5.3,0.2
Goodhue,81.2,10.7,8.0,0.2
Goodlettsville,77.0,14.9,8.0,0.1
Goodview,80.5,13.8,5.5,0.2
Goose Creek,76.5,19.1,4.3,0.1
Gordo,77.8,17.9,4.2,0.1
Gordon,73.4,19.7,6.7,0.2
Gordonsville,73.6,19.7,6.7,0.0
Goshen,73.55000000000001,18.4,7.9,0.1
Gosport,80.5,11.3,7.7,0.4
Gouldbusk,71.4,17.4,10.9,0.2
Gouldsboro,77.1,12.45,10.3,0.15000000000000002
Gouverneur,68.8,24.3,6.8,0.1
Gove,63.3,18.7,17.8,0.2
Grace,72.4,18.2,8.2,1.2
Graham,77.7,16.1,5.9,0.3
Granby,82.2,10.8,6.7,0.3
Grand Forks,73.7,22.0,4.0,0.2
Grand Isle,73.7,17.2,9.0,0.1
Grand Ledge,76.69999999999999,16.35,6.75,0.2
Grand Marais,61.9,26.4,11.0,0.6
Grand Rapids,84.3,10.55,5.0,0.15000000000000002
Grand Valley,79.9,12.4,7.3,0.3
Granite Falls,76.5,14.8,8.5,0.3
Grant,80.5,13.9,5.4,0.2
Grants,65.0,27.1,7.7,0.2
Grantsville,74.8,21.2,3.9,0.1
Granville Summit,82.7,9.9,7.1,0.2
Grapeview,64.5,25.9,9.5,0.1
Grasston,77.05,15.2,7.55,0.2
Gravois Mills,75.94999999999999,13.25,10.5,0.30000000000000004
Graysville,82.1,13.0,4.8,0.0
Greeley,66.8,12.7,19.3,1.2
Greeleyville,74.35,19.700000000000003,5.9,0.0
Green Castle,67.0,14.8,17.7,0.6
Green City,76.2,12.2,11.0,0.7
Green River,78.6,17.7,3.7,0.0
Green Springs,84.0,11.1,4.8,0.1
Greenbush,77.0,15.6,7.4,0.0
Greene,82.6,12.7,4.6,0.1
Greenfield,75.60000000000001,16.166666666666668,7.966666666666666,0.3
Greenleaf,79.8,12.7,7.2,0.3
Greenmountain,71.6,20.799999999999997,7.55,0.1
Greensboro,72.9,15.5,10.8,0.8
Greensburg,74.0,14.6,11.2,0.1
Greenville,77.86,14.98,7.0200000000000005,0.15999999999999998
Greenwich,81.7,12.3,5.8,0.2
Greenwood,81.5,13.375,4.975,0.125
Grey Eagle,76.0,12.1,11.1,0.8
Griffithsville,76.9,20.4,2.7,0.0
Grifton,72.9,20.2,6.7,0.3
Grimes,75.6,15.5,8.8,0.1
Grinnell,63.1,18.1,18.6,0.2
Groom,69.05,21.35,9.35,0.2
Grosse Tete,76.9,19.2,3.9,0.0
Groveport,77.5,16.9,5.4,0.2
Grover Hill,83.7,9.9,6.1,0.3
Groves,81.9,13.4,4.5,0.1
Gruver,71.0,18.6,10.2,0.2
Guanica,67.85,26.8,5.35,0.0
Guayama,67.1,27.1,5.7,0.1
Guilford,74.1,14.4,11.3,0.1
Gunnison,66.0,21.55,10.95,1.5
Guntown,77.9,16.1,5.8,0.2
Gurabo,70.8,25.1,4.1,0.0
Gurley,80.8,11.4,7.8,0.0
Guttenberg,84.7,10.0,5.2,0.2
Hadley,71.1,21.4,7.4,0.1
Hagarville,80.3,14.0,5.5,0.2
Hagerstown,79.69999999999999,15.0,5.05,0.25
Hague,64.9,25.0,10.0,0.0
Haiku,75.7,15.1,8.8,0.4
Haines,69.0,19.7,10.3,1.0
Haleyville,75.0,16.5,8.0,0.5
Hamer,75.93333333333334,17.033333333333335,6.866666666666667,0.23333333333333336
Hamill,50.4,34.2,15.0,0.3
Hamilton,78.92500000000001,14.024999999999999,6.375,0.675
Hamilton City,68.1,19.8,10.9,1.1
Hamlin,80.7,16.7,2.6,0.0
Hampshire,74.8,10.3,15.0,0.0
Hampstead,76.3,18.2,5.4,0.0
Hampton,75.75,16.9,7.2,0.15
Hanalei,73.0,16.4,10.5,0.1
Hanover,76.125,18.85,4.775,0.27499999999999997
Hanston,57.6,21.8,19.0,1.6
Hardeeville,77.6,14.7,7.7,0.1
Hardesty,78.7,15.5,5.4,0.3
Hardin,62.35,28.0,9.25,0.45
Harlem,81.2,14.3,4.3,0.2
Harold,71.2,22.3,6.4,0.0
Harpers Ferry,71.6,23.4,4.8,0.2
Harrell,74.9,17.7,7.4,0.0
Harrellsville,73.3,21.3,5.4,0.0
Harrietta,81.9,11.0,6.9,0.2
Harrington,64.7,26.4,8.6,0.2
Harrisburg,69.83333333333333,19.533333333333335,10.466666666666667,0.06666666666666667
Harrison,72.9,15.3,11.8,0.0
Harrisonburg,76.55000000000001,17.35,5.75,0.3
Harrisonville,82.1,12.0,5.7,0.2
Harrodsburg,75.8,16.0,7.1,1.1
Harrold,64.55,31.2,4.15,0.15000000000000002
Hart,79.2,13.3,6.8,0.7
Hartford,75.7,15.0,8.8,0.4
Hartland,83.0,10.2,6.733333333333333,0.10000000000000002
Harvey,69.35,17.8,12.55,0.25
Hastings,82.6,11.05,6.300000000000001,0.1
Hatillo,66.7,24.9,8.4,0.0
Hattiesburg,76.65,18.65,4.699999999999999,0.05
Haughton,74.3,20.4,5.2,0.1
Haviland,67.7,19.2,13.1,0.0
Hawkins,76.0,13.3,10.0,0.7
Hawkinsville,69.3,24.1,6.5,0.1
Hawley,77.4,13.7,8.7,0.2
Hawthorne,76.6,17.3,5.9,0.2
Hay Springs,59.9,29.0,10.7,0.4
Hayes,66.5,24.0,8.7,0.8
Hayes Center,57.2,20.0,21.5,1.3
Haymarket,72.3,23.5,4.0,0.1
Hazelton,58.2,17.8,22.8,1.2
Hazen,73.9,15.1,11.1,0.0
Head Waters,61.8,21.3,16.9,0.0
Healy,56.4,26.7,16.7,0.2
Heath,80.4,13.3,6.3,0.1
Hebbronville,56.8,30.7,11.7,0.8
Hebron,85.2,11.3,3.5,0.1
Heflin,76.4,13.9,8.9,0.9
Helena,60.0,31.7,8.3,0.1
Hemingford,68.55,15.899999999999999,15.5,0.05
Hemphill,75.1,18.1,6.8,0.0
Henderson,80.7,14.1,5.1,0.1
Hendersonville,79.8,11.8,8.2,0.1
Henley,67.5,27.8,4.2,0.4
Hennepin,70.8,22.0,6.2,1.0
Henry,82.2,11.7,6.0,0.1
Hensley,77.1,18.1,4.8,0.0
Heppner,77.3,15.5,7.2,0.0
Hereford,73.5,14.5,10.8,1.2
Hernando,78.2,14.4,6.9,0.5
Heron Lake,71.4,12.8,15.3,0.5
Herron,79.9,12.5,7.3,0.3
Herscher,82.0,13.6,4.2,0.1
Hershey,78.5,14.6,6.7,0.2
Hesperia,78.3,13.2,8.2,0.3
Hesston,77.5,12.2,9.9,0.4
Hestand,72.1,15.3,11.4,1.2
Hickman,75.6,15.399999999999999,8.5,0.5
Hickory,83.8,10.9,5.2,0.1
Hicksville,83.5,11.1,5.3,0.1
Hico,76.7,15.3,7.9,0.0
Hidalgo,78.7,13.9,7.2,0.1
Higgins,72.7,14.7,12.2,0.4
High Bridge,79.6,13.6,6.6,0.1
High Point,81.8,11.9,6.2,0.1
High Springs,73.4,21.1,5.5,0.0
Hilham,72.7,17.4,8.6,1.2
Hill,75.6,16.7,7.6,0.1
Hilliard,80.8,14.8,4.3,0.1
Hillsboro,72.3,19.2,8.4,0.2
Hillsdale,71.0,19.8,8.9,0.3
Hilo,69.7,19.4,10.3,0.5
Himrod,72.0,13.9,13.2,0.9
Hines,66.8,26.9,6.2,0.1
Hinsdale,76.1,17.2,6.6,0.2
Hitchins,80.1,15.5,4.3,0.1
Hiwassee,76.3,19.0,4.7,0.0
Hixson,79.6,14.3,5.9,0.2
Hobbs,80.8,13.6,5.5,0.1
Hobson,53.1,23.9,19.8,3.2
Hoffman,71.4,14.3,13.9,0.4
Hokah,80.2,9.7,9.9,0.2
Holbrook,68.1,22.4,8.2,1.3
Holcomb,77.4,16.05,6.3,0.25
Holden,76.95,16.75,5.949999999999999,0.30000000000000004
Holdingford,77.6,12.0,9.7,0.6
Holland,78.15,17.05,4.7,0.1
Holly,67.5,24.1,8.2,0.1
Holly Ridge,66.3,27.7,5.9,0.1
Holly Springs,80.1,15.1,4.8,0.1
Holmen,82.1,13.7,4.1,0.1
Holt,75.1,19.9,4.9,0.1
Holyoke,70.1,16.2,13.3,0.5
Homer,79.9,11.7,8.1,0.3
Honey Grove,81.6,11.0,7.2,0.2
Hooper,67.6,26.9,5.4,0.1
Hope,74.96666666666667,18.666666666666668,6.266666666666667,0.10000000000000002
Hope Valley,75.9,17.3,6.7,0.1
Hopewell,79.0,18.8,2.2,0.0
Hormigueros,64.2,27.2,8.6,0.0
Hornbeak,77.0,13.4,9.1,0.4
Hornell,76.4,16.7,6.7,0.3
Horner,79.0,15.9,5.0,0.1
Horse Cave,76.7,15.0,8.0,0.3
Horseshoe Beach,64.9,27.0,8.1,0.0
Hosford,52.2,38.6,9.2,0.0
Hoskins,69.4,21.4,9.0,0.2
Hosmer,73.1,11.8,14.7,0.4
Houma,82.8,11.9,5.2,0.2
Houston,81.4,12.25,6.25,0.05
Hoven,72.4,12.5,14.9,0.2
Howard,70.1,19.200000000000003,10.35,0.35
Howells,83.3,8.2,8.3,0.3
Hudgins,71.6,20.2,8.2,0.0
Hudson,76.7,15.8,7.2,0.3
Hughes Springs,75.3,17.5,7.1,0.0
Hughesville,74.05,21.85,3.95,0.15000000000000002
Hugo,84.7,11.0,4.2,0.1
Hugoton,79.0,15.3,5.7,0.0
Hulett,72.6,15.5,11.7,0.2
Hume,72.2,15.5,12.0,0.3
Humeston,74.9,14.5,9.7,0.9
Humphrey,69.6,26.3,3.9,0.1
Hunnewell,77.3,14.8,7.6,0.2
Hunter,73.0,15.5,11.1,0.4
Huntersville,86.0,9.1,4.8,0.1
Huntley,84.8,10.4,4.7,0.1
Huntsville,68.06666666666666,26.233333333333334,5.5,0.20000000000000004
Huron,70.2,9.7,19.7,0.4
Hurt,79.8,14.2,5.9,0.2
Huson,75.6,17.2,7.2,0.0
Hutchinson,75.1,17.2,7.4,0.3
Hyannis,67.2,12.2,20.6,0.0
Hyde Park,77.0,12.2,10.5,0.3
Hydro,71.2,19.8,8.1,0.8
Hymera,84.0,11.9,4.1,0.0
Idaho Falls,78.0,15.2,6.6,0.3
Idlewild,77.0,15.2,7.4,0.5
Ignacio,66.3,14.8,18.3,0.6
Ilwaco,70.2,22.1,7.7,0.0
Imogene,73.9,17.7,8.4,0.0
Imperial,66.6,27.8,5.2,0.4
Inchelium,52.4,40.6,6.4,0.5
Independence,76.0,18.0,5.8,0.2
Indiahoma,66.1,27.8,5.9,0.2
Indianapolis,85.4,10.5,4.0,0.1
Indianola,71.80000000000001,19.700000000000003,8.1,0.4
Ingalls,71.2,13.6,14.3,0.9
Ingram,72.8,16.7,10.4,0.1
Interior,34.1,43.1,21.5,1.2
Interlochen,83.0,9.5,7.3,0.2
Inver Grove Heights,83.8,11.9,4.2,0.1
Ione,62.5,26.5,10.4,0.7
Iowa,73.7,20.3,5.8,0.2
Iowa City,67.0,28.0,4.8,0.2
Iron Mountain,82.3,13.6,3.9,0.3
Irons,75.3,16.2,8.0,0.5
Irvine,76.5,16.9,6.2,0.4
Ivins,80.9,13.7,5.3,0.2
Jackson,75.21666666666665,18.2,6.1499999999999995,0.4166666666666667
Jacksonville,73.06666666666668,21.066666666666666,5.8,0.10000000000000002
Jameson,64.7,19.6,15.4,0.3
Jamestown,76.4,16.7,6.8,0.1
Janesville,83.6,11.7,4.5,0.1
Jaroso,63.8,21.7,14.0,0.5
Jarratt,74.7,21.5,3.9,0.0
Jarvisburg,76.4,18.5,5.0,0.1
Jasper,70.975,18.85,9.925,0.25
Jayton,49.7,38.9,10.1,1.3
Jayuya,62.2,31.8,6.0,0.0
Jean,84.5,10.7,4.8,0.1
Jefferson,77.43333333333334,16.700000000000003,5.533333333333334,0.3
Jeffersonville,73.5,18.7,7.8,0.1
Jenkinsville,78.0,18.8,3.2,0.1
Jennings,69.6,19.450000000000003,10.6,0.35
Jerome,74.5,20.6,4.8,0.0
Jersey,67.55,27.75,4.65,0.05
Jersey City,84.7,10.9,4.4,0.1
Jesup,71.2,21.6,6.5,0.6
Jewett,81.9,12.4,5.0,0.7
Johnson,63.85,24.05,12.0,0.15000000000000002
Johnson City,75.8,17.76666666666667,6.333333333333333,0.06666666666666667
Johnson Creek,83.8,11.2,4.9,0.1
Johnston City,74.0,21.1,4.9,0.0
Johnstown,81.5,14.1,4.2,0.1
Jones,78.6,15.1,6.1,0.2
Jonesboro,72.85,21.2,5.35,0.55
Jonesville,79.1,13.4,7.4,0.1
Jourdanton,78.1,14.3,7.5,0.1
Judsonia,79.2,14.7,5.7,0.4
Juncos,68.5,21.6,9.7,0.2
Junction,68.3,18.0,13.1,0.6
Junction City,72.8,18.3,8.6,0.4
Juneau,68.4,24.849999999999998,6.45,0.25
Kadoka,59.3,11.7,28.5,0.5
Kahuku,72.0,22.1,5.7,0.1
Kansas City,82.76666666666667,12.733333333333334,4.333333333333333,0.13333333333333333
Karbers Ridge,75.4,18.4,5.7,0.5
Karnak,80.3,14.1,5.4,0.1
Katy,81.7,12.5,5.7,0.2
Kaukauna,87.0,8.6,4.3,0.2
Kearney,79.2,13.7,6.6,0.4
Keatchie,81.0,15.1,3.8,0.2
Keenes,81.0,11.9,7.0,0.1
Kelley,66.3,29.3,4.3,0.0
Kellyton,78.4,15.6,5.5,0.5
Kelso,79.0,14.8,5.8,0.4
Kemah,75.8,18.2,5.8,0.2
Kemp,77.4,16.7,5.8,0.1
Kempner,65.5,26.5,8.0,0.0
Kenai,72.2,17.4,9.8,0.5
Kendrick,65.5,23.3,10.2,0.9
Kenilworth,74.5,20.9,4.2,0.4
Kennard,68.8,17.8,12.1,1.3
Kennedy,78.15,16.049999999999997,5.65,0.15000000000000002
Kennett,80.0,14.9,4.9,0.1
Kensington,63.9,19.8,15.5,0.8
Kent,80.5,14.5,4.9,0.1
Kenton,72.45,17.65,9.7,0.25
Keo,76.8,18.0,5.1,0.2
Keota,78.3,12.1,9.4,0.2
Kermit,77.6,16.8,5.5,0.1
Kernersville,82.4,12.2,5.3,0.2
Kewanee,79.6,13.7,6.6,0.1
Kilmarnock,72.2,16.1,11.7,0.0
Kinderhook,74.2,17.0,8.3,0.6
King And Queen Court Hous,76.6,16.2,7.3,0.0
King Ferry,76.1,17.5,6.1,0.3
King Salmon,49.7,39.2,11.1,0.0
King William,78.6,15.2,6.0,0.2
Kingfield,74.7,14.9,10.3,0.1
Kingman,78.7,15.3,5.8,0.3
Kingsland,70.2,24.5,5.3,0.0
Kingsport,81.2,11.8,6.9,0.1
Kingston,70.43333333333334,22.366666666666664,6.366666666666667,0.8333333333333334
Kirksville,71.8,22.3,5.9,0.0
Kirkville,82.3,11.5,6.0,0.2
Kirkwood,79.5,12.1,8.2,0.1
Kissimmee,84.6,11.2,4.2,0.0
Kite,70.9,21.0,7.5,0.5
Klamath Falls,73.3,19.3,7.1,0.4
Klamath River,63.5,22.7,13.8,0.1
Klingerstown,81.7,13.0,5.2,0.1
Klondike,78.6,14.4,7.0,0.0
Knippa,66.8,23.8,9.4,0.0
Krakow,76.8,14.2,8.8,0.2
Kress,79.2,12.6,8.2,0.0
Krypton,75.7,19.5,4.8,0.0
Kulm,62.7,16.6,19.5,1.1
La Crosse,85.5,10.3,4.0,0.2
La Grande,70.1,19.7,9.9,0.4
La Junta,46.0,38.4,15.3,0.2
La Plata,71.55,21.1,7.1,0.3
La Pryor,70.4,23.8,5.6,0.1
La Push,69.7,22.0,8.2,0.1
Labelle,70.1,17.7,11.1,1.1
Lackey,67.6,27.5,4.7,0.3
Lacrosse,56.1,39.4,4.4,0.1
Lafayette,78.0,13.4,8.5,0.2
Lagrange,61.1,27.8,10.9,0.3
Lajas,65.0,27.8,7.2,0.0
Lake Ann,77.9,11.4,9.8,0.9
Lake Benton,72.7,11.6,15.3,0.4
Lake Butler,60.3,35.5,4.0,0.2
Lake George,76.0,16.5,7.3,0.1
Lake Minchumina,33.3,61.7,5.1,0.0
Lake Oswego,80.9,11.1,7.8,0.2
Lake Placid,78.4,16.1,5.4,0.1
Lake Village,82.3,10.5,7.2,0.1
Lake Wales,82.6,12.0,5.3,0.1
Lakeville,77.2,13.3,9.2,0.2
Lakota,74.6,12.2,13.0,0.2
Lamar,81.9,11.6,6.449999999999999,0.05
Lamesa,77.0,12.9,10.1,0.0
Lamont,72.35,16.55,10.65,0.44999999999999996
Lampasas,74.1,14.2,11.7,0.1
Lancaster,82.4,12.3,5.2,0.2
Land O' Lakes,81.2,13.3,5.3,0.2
Landrum,83.1,12.1,4.7,0.1
Lane City,78.9,12.3,8.6,0.2
Lanesville,86.3,10.1,3.4,0.1
Lanexa,74.4,18.2,6.7,0.7
Langlois,67.7,19.4,12.9,0.0
Langtry,65.9,28.9,5.1,0.1
Lansing,72.5,14.9,12.4,0.2
Laquey,57.6,37.1,4.7,0.6
Laredo,74.6,19.4,5.8,0.2
Lares,61.5,32.2,5.6,0.7
Larose,82.1,12.0,5.8,0.2
Las Marias,57.0,33.7,9.3,0.0
Las Piedras,67.2,21.2,11.2,0.45
Laurel,80.1,10.75,8.6,0.5
Lavalette,77.3,18.3,4.4,0.0
Lavina,63.0,23.2,12.6,1.1
Lawndale,75.2,18.8,5.7,0.3
Lawrence,76.75,17.7,5.4,0.15000000000000002
Le Roy,77.2,11.7,10.6,0.5
Le Sueur,79.1,14.0,6.8,0.2
Leadore,61.5,23.2,14.6,0.6
Leakesville,68.8,27.7,3.4,0.0
Leakey,61.8,20.5,17.7,0.0
Leasburg,78.4,15.25,6.1,0.2
Lebo,72.0,19.3,8.6,0.0
Ledger,62.95,18.0,12.55,6.5
Leeds,59.2,27.5,13.0,0.3
Leesburg,73.7,16.0,9.9,0.4
Leicester,75.4,14.8,9.8,0.1
Leitchfield,75.5,16.6,7.6,0.3
Lemoyne,54.4,17.1,27.5,1.0
Lena,79.30000000000001,13.25,7.199999999999999,0.2
Lenoir City,80.3,12.6,6.9,0.3
Lenore,73.5,21.6,4.7,0.2
Leonard,72.6,14.6,12.2,0.6
Leoti,68.0,15.8,15.9,0.4
Leroy,79.5,11.7,8.5,0.4
Leslie,68.9,13.5,17.6,0.0
Letcher,73.9,20.8,5.1,0.2
Letohatchee,73.9,20.5,4.2,1.5
Lettsworth,77.4,16.5,5.7,0.4
Levan,76.4,19.2,4.4,0.0
Lewis,69.6,19.8,10.0,0.6
Lewisport,85.1,11.1,3.6,0.1
Lewiston,76.4,18.6,4.9,0.2
Lewistown,67.7,20.2,11.9,0.2
Lexington,79.10000000000001,15.033333333333333,5.733333333333333,0.13333333333333333
Liberty,63.25,19.75,16.150000000000002,0.8500000000000001
Lidgerwood,73.9,13.3,11.6,1.1
Lima,84.75,10.55,4.5,0.15000000000000002
Lincoln,69.875,22.25,7.775,0.125
Linden,77.35,15.2,7.3999999999999995,0.1
Lineville,69.8,13.2,15.6,1.5
Linn,66.8,29.8,3.4,0.0
Linneus,77.9,13.7,7.9,0.6
Lisbon,82.9,10.6,6.4,0.1
Lisbon Falls,81.9,12.2,5.7,0.2
Litchfield,77.27499999999999,12.45,10.0,0.30000000000000004
Lithonia,80.6,14.3,5.0,0.2
Little Eagle,36.1,40.8,21.5,1.5
Little Falls,84.1,11.5,4.2,0.1
Little Mountain,79.0,16.5,4.5,0.0
Little River,81.5,12.3,5.8,0.4
Little Suamico,81.0,12.0,6.6,0.3
Littlefork,79.4,13.8,6.7,0.1
Livingston,80.1,15.4,4.4,0.1
Loachapoka,75.5,20.3,4.1,0.1
Lockhart,74.7,18.6,6.7,0.1
Locust,76.5,16.4,6.9,0.2
Locust Grove,64.4,28.8,6.5,0.2
Locust Hill,75.1,16.1,8.8,0.0
Logan,71.85,20.200000000000003,6.800000000000001,1.2
Loiza,61.9,33.7,4.5,0.0
Lombard,86.1,9.5,4.3,0.2
Lonaconing,73.94999999999999,18.799999999999997,6.75,0.44999999999999996
Long Beach,74.9,19.2,5.8,0.1
Long Branch,80.35,12.25,7.4,0.05
Long Pine,64.4,18.2,17.4,0.1
Longford,73.2,12.5,14.0,0.3
Longview,84.7,9.8,5.4,0.1
Longville,71.4,17.9,10.4,0.3
Lontetree,75.4,19.0,5.6,0.0
Lookout Mountain,77.1,10.4,12.2,0.3
Lorman,64.8,34.8,0.4,0.0
Los Angeles,79.0,11.5,9.4,0.2
Los Gatos,73.1,15.3,11.4,0.2
Lost City,78.8,15.8,5.1,0.3
Lost Creek,68.9,24.5,6.4,0.1
Louisiana,78.1,14.4,7.2,0.4
Louisville,84.0,11.5,4.4,0.1
Lovelady,67.8,22.1,9.8,0.3
Lubbock,76.5,16.8,6.5,0.2
Luck,75.8,14.5,9.3,0.4
Ludell,62.9,15.7,20.6,0.8
Lueders,74.0,13.4,12.3,0.3
Lufkin,76.2,17.8,5.9,0.0
Lulu,71.5,24.0,4.4,0.1
Lumberton,77.4,18.2,4.2,0.1
Luning,57.9,38.4,3.6,0.2
Luquillo,65.7,23.1,10.3,0.9
Luray,75.05,19.35,5.65,0.0
Lusk,42.2,38.0,18.7,1.2
Lutcher,83.8,12.8,3.4,0.0
Luverne,71.8,15.8,12.1,0.30000000000000004
Lyford,66.9,23.9,9.1,0.1
Lyle,83.5,10.2,6.3,0.1
Lynchburg,80.175,14.4,5.275,0.15
Lyndhurst,79.5,14.600000000000001,5.75,0.2
Lyons,74.63333333333333,17.1,7.933333333333333,0.3333333333333333
Lysite,61.8,28.3,9.4,0.5
Lytton,72.4,15.1,12.2,0.3
Macksburg,76.85,14.25,8.75,0.1
Macon,76.45,18.25,5.05,0.30000000000000004
Madeline,42.6,50.5,6.8,0.1
Madison,74.43333333333332,18.333333333333332,7.066666666666667,0.16666666666666666
Magnolia,77.725,14.375,7.75,0.175
Maiden,83.0,11.1,5.8,0.1
Malcom,83.7,9.0,7.2,0.1
Malvern,81.3,9.6,8.8,0.3
Mammoth Cave,72.2,21.0,6.8,0.1
Manakin Sabot,77.5,15.4,6.9,0.3
Manassa,65.8,21.3,12.8,0.0
Manassas,80.3,15.7,3.95,0.1
Manati,70.1,22.5,7.4,0.0
Mancelona,80.1,11.2,8.6,0.1
Mancos,73.0,17.7,9.1,0.2
Manhattan,65.1,30.5,4.3,0.1
Manitou,65.8,24.5,9.1,0.6
Mankato,60.9,19.0,19.8,0.3
Mannboro,77.2,14.9,7.9,0.0
Manokotak,58.5,37.8,3.7,0.0
Mansfield,76.93333333333332,14.766666666666666,7.8999999999999995,0.3666666666666667
Mansfield Center,73.8,20.3,5.7,0.2
Manville,84.6,11.3,4.1,0.1
Many,79.1,15.2,5.5,0.2
Maple Park,75.8,20.0,3.9,0.3
Maplewood,79.2,11.9,8.6,0.3
Marathon,49.2,40.4,9.0,1.5
Mardela Springs,74.1,20.5,5.3,0.1
Marengo,75.36666666666666,16.7,7.866666666666667,0.10000000000000002
Margaretville,65.7,22.8,11.0,0.5
Maria Stein,84.6,9.1,6.1,0.1
Marianna,63.7,28.3,8.0,0.0
Maricao,62.5,29.1,8.3,0.0
Marienthal,66.5,16.5,17.0,0.0
Marienville,66.5,24.0,9.4,0.1
Marietta,76.96666666666665,12.733333333333334,10.133333333333333,0.13333333333333333
Marine On Saint Croix,82.4,13.3,4.3,0.1
Marion,81.33333333333333,12.333333333333334,6.066666666666666,0.2333333333333333
Marland,68.3,25.2,5.9,0.7
Marmaduke,78.5,14.5,6.9,0.1
Marmarth,56.1,15.5,27.5,0.9
Marshall,78.85999999999999,14.14,6.8,0.18
Marshallberg,66.8,22.2,10.8,0.1
Martha,78.1,17.6,4.3,0.0
Martin,79.2,14.55,6.05,0.15
Martinsville,79.3,15.2,5.1,0.3
Marysville,78.8,13.850000000000001,7.1,0.3
Maryville,82.8,13.0,4.1,0.1
Mason,79.3,9.85,10.600000000000001,0.3
Mass City,66.8,23.6,9.1,0.5
Matlock,82.1,9.3,8.3,0.3
Matthews,83.0,11.3,5.5,0.2
Mattoon,73.5,20.0,6.4,0.1
Mauk,58.8,30.4,10.8,0.0
Maunabo,46.7,48.5,4.8,0.0
Maxton,77.2,17.1,5.6,0.0
Maxwell,83.4,12.3,4.2,0.0
May,64.8,24.5,10.2,0.6
Mayaguez,65.9,26.1,8.0,0.0
Mayer,76.3,14.2,9.4,0.1
Mayesville,76.6,19.2,4.1,0.1
Mayo,59.1,33.1,7.8,0.0
Mayslick,76.9,16.85,6.25,0.0
Maywood,62.8,18.8,16.5,2.0
McAlpin,73.8,20.6,5.5,0.1
McClure,83.2,9.5,7.1,0.2
McColl,78.4,16.4,5.2,0.0
McCool,70.9,21.3,7.3,0.5
McEwen,73.1,18.6,7.9,0.4
McLeansboro,78.9,11.6,9.3,0.1
McLouth,71.4,22.3,6.2,0.0
McMechen,80.3,15.5,4.1,0.0
McMinnville,77.9,12.2,9.8,0.2
McNeill,76.1,17.5,6.3,0.1
Mcarthur,56.5,31.3,11.6,0.6
Mcdaniel,75.4,14.6,10.0,0.0
Meadows Of Dan,77.6,15.1,7.2,0.1
Meally,75.1,19.9,5.0,0.0
Means,68.2,25.5,6.4,0.0
Medford,79.1,8.6,11.9,0.4
Mediapolis,81.7,12.2,6.0,0.1
Medical Lake,78.4,15.5,6.0,0.2
Medicine Bow,58.7,34.2,6.9,0.2
Medicine Lodge,70.3,17.3,12.0,0.5
Medora,78.05,12.55,9.1,0.3
Meeker,76.9,14.1,8.8,0.1
Meherrin,68.3,25.2,6.4,0.1
Melbourne,76.35,15.350000000000001,8.05,0.2
Melrose,76.5,14.55,8.649999999999999,0.3
Melvin,61.55,23.650000000000002,14.0,0.75
Memphis,80.9,13.9,5.1,0.1
Mena,72.3,16.7,10.9,0.1
Menard,52.9,24.6,21.0,1.5
Mendenhall,79.2,14.6,6.1,0.1
Menno,68.9,12.6,18.1,0.4
Menomonie,77.5,15.2,7.1,0.2
Mentone,88.3,6.9,4.7,0.1
Mentor,77.2,13.5,9.0,0.3
Meraux,75.7,14.4,9.9,0.0
Meredosia,76.9,14.7,8.2,0.2
Meriden,67.8,23.9,7.5,0.8
Meridian,74.0,18.6,6.9,0.5
Merrill,82.6,11.1,6.1,0.2
Merrimack,82.8,11.3,5.8,0.1
Merry Point,74.2,15.9,9.7,0.2
Meta,77.9,15.3,6.8,0.0
Metter,73.8,18.2,7.9,0.0
Metz,74.1,21.9,4.0,0.0
Meyers Chuck,54.0,32.5,13.4,0.0
Miami,70.14,19.54,10.1,0.24000000000000005
Michigamme,80.5,14.6,4.7,0.1
Middleton,79.2,13.8,6.9,0.1
Middletown,79.8,13.1,7.0,0.1
Midkiff,71.6,20.7,7.7,0.0
Midland,78.96666666666665,14.899999999999999,5.833333333333333,0.3
Midlothian,77.25,17.450000000000003,5.15,0.1
Midvale,65.5,23.1,11.4,0.1
Midville,78.6,16.4,4.9,0.1
Midway,72.05,18.85,8.600000000000001,0.44999999999999996
Mikado,79.8,10.8,8.8,0.6
Milford,76.86666666666666,15.733333333333334,7.0,0.39999999999999997
Mill Hall,78.9,15.0,5.7,0.4
Mill Spring,73.2,16.1,10.7,0.0
Millboro,80.0,14.7,5.4,0.0
Miller,71.0,12.3,16.6,0.2
Millersburg,78.9,17.2,3.8,0.1
Milligan,70.1,16.5,13.2,0.2
Mills,48.0,16.6,34.3,1.1
Millstone,84.4,11.0,4.4,0.2
Millwood,78.1,15.75,6.199999999999999,0.0
Milner,75.0,18.4,6.5,0.0
Milnor,74.9,15.3,9.7,0.1
Milton,78.72857142857143,14.357142857142858,6.557142857142857,0.3285714285714286
Miltonvale,75.5,15.3,9.0,0.3
Milwaukee,84.8,11.7,3.4,0.1
Minden,77.76666666666667,15.5,6.566666666666666,0.16666666666666666
Mineral,75.2,16.4,8.1,0.3
Mineral City,84.5,10.0,5.3,0.2
Mingo Junction,83.7,10.9,5.3,0.1
Minnesota Lake,81.0,13.8,5.1,0.1
Minong,75.3,14.7,9.8,0.2
Minot,76.8,16.7,6.4,0.1
Minter,76.6,16.7,6.2,0.4
Minturn,78.15,14.2,7.199999999999999,0.45
Mission,34.4,55.0,9.8,0.8
Mitchell,71.83333333333333,19.5,8.466666666666667,0.23333333333333336
Moab,68.15,24.200000000000003,7.4,0.15
Moatsville,79.4,16.7,3.9,0.0
Mobile,81.4,13.8,4.6,0.1
Moca,59.1,29.1,11.7,0.0
Modale,79.8,11.2,8.9,0.2
Model,64.8,24.0,11.0,0.2
Mohall,63.9,18.4,17.3,0.5
Molena,75.4,17.7,6.7,0.1
Moline,82.8,12.9,4.1,0.2
Monarch,75.5,16.5,7.7,0.3
Monmouth,69.6,23.3,6.9,0.2
Monongahela,86.2,8.8,4.9,0.1
Monroe,72.13333333333334,14.799999999999999,12.799999999999999,0.26666666666666666
Monroe Center,79.8,14.5,5.6,0.1
Monterey,76.7,14.2,9.0,0.15000000000000002
Monterville,61.3,31.9,6.7,0.1
Montezuma,56.9,37.3,5.5,0.4
Montgomery,73.36666666666667,22.03333333333333,4.533333333333333,0.10000000000000002
Monticello,71.05,21.31666666666667,7.466666666666666,0.13333333333333333
Montross,66.3,21.5,11.8,0.5
Moore Haven,81.3,14.5,4.0,0.2
Moorefield,77.6,14.0,8.0,0.3
Moran,76.25,14.1,8.45,1.25
Morenci,81.5,14.3,4.2,0.0
Moreno Valley,77.1,14.9,7.8,0.2
Morgan,80.1,14.2,5.7,0.0
Morgantown,73.5,13.3,12.4,0.8
Morovis,75.7,20.3,4.1,0.0
Morris,72.5,20.0,7.3,0.3
Morrison,74.45,17.8,6.8,0.9500000000000001
Morrisville,76.6,16.2,7.1,0.1
Morrow,75.2,19.6,5.0,0.2
Mosby,40.2,20.9,36.6,2.3
Moscow,75.5,15.75,8.25,0.44999999999999996
Mosheim,76.4,15.9,7.5,0.2
Moss,65.3,23.1,11.6,0.0
Moss Point,78.0,16.7,5.2,0.1
Mossyrock,73.5,19.1,7.1,0.2
Moulton,80.3,13.3,5.9,0.4
Moultrie,78.5,16.5,5.0,0.1
Mound City,59.9,15.8,24.4,0.0
Mound Valley,73.9,19.0,6.9,0.2
Mounds,73.7,19.8,6.0,0.4
Mount Airy,79.7,13.8,6.2,0.3
Mount Ayr,66.4,16.5,16.6,0.4
Mount Berry,81.7,14.3,3.8,0.2
Mount Blanchard,83.6,12.0,4.4,0.0
Mount Carmel,81.0,12.9,6.1,0.0
Mount Eden,85.1,10.1,4.8,0.0
Mount Hermon,72.7,20.1,6.9,0.3
Mount Perry,83.6,11.4,4.9,0.1
Mount Pleasant,78.075,16.150000000000002,5.575,0.22499999999999998
Mount Prospect,83.9,11.5,4.5,0.1
Mount Sterling,73.75,15.950000000000001,10.05,0.30000000000000004
Mount Vernon,79.23333333333333,15.166666666666666,5.5,0.13333333333333333
Mountain Home A F B,60.0,32.5,7.3,0.3
Mountain View,76.05,14.6,9.05,0.3
Mountville,81.0,14.2,4.7,0.1
Moweaqua,82.4,10.2,7.5,0.0
Mt Zion,82.4,12.5,4.9,0.2
Muenster,76.9,14.8,8.1,0.2
Mullen,51.4,23.6,25.1,0.0
Mullica Hill,79.9,16.2,3.7,0.1
Muncie,79.2,16.1,4.6,0.1
Muncy Valley,71.3,16.3,11.8,0.6
Mundelein,84.7,10.5,4.6,0.2
Munford,77.7,16.6,5.5,0.2
Murchison,71.6,16.8,11.1,0.4
Murdo,62.9,14.7,20.3,2.1
Murphysboro,62.0,31.8,6.0,0.2
Murrayville,76.7,16.3,6.75,0.25
Muscoda,78.4,12.3,9.1,0.2
Nahunta,70.8,21.1,7.4,0.7
Nancy,75.6,18.3,5.9,0.1
Nantucket,70.0,12.8,17.2,0.1
Naranjito,70.5,22.9,6.5,0.0
Nardin,78.1,15.8,5.9,0.2
Narrows,80.7,15.0,4.3,0.0
Nashville,82.1,11.1,6.8,0.1
Natchez,76.5,16.8,6.4,0.2
Natchitoches,70.6,23.7,5.7,0.0
Naylor,72.9,18.0,9.1,0.0
Nekoma,59.0,23.0,17.5,0.4
Nelson,77.9,11.0,10.7,0.5
Neopit,36.8,59.1,3.7,0.4
Neosho,83.0,10.2,6.6,0.2
Neshkoro,76.9,14.5,8.2,0.4
Nevada,77.0,13.8,8.4,0.7
Nevis,72.9,17.3,9.6,0.2
New Athens,83.3,12.0,4.6,0.1
New Bern,71.0,19.7,8.5,0.8
New Bloomington,82.3,13.1,4.5,0.1
New Boston,77.6,15.649999999999999,6.7,0.1
New Brighton,85.6,9.8,4.5,0.0
New Columbia,79.0,11.5,9.2,0.4
New Cumberland,83.7,13.2,3.0,0.0
New Ellenton,76.9,17.6,5.2,0.3
New Germany,84.7,9.6,5.5,0.2
New Harmony,74.6,20.9,4.5,0.0
New Holland,84.7,8.2,6.8,0.3
New Iberia,81.7,11.8,6.5,0.1
New Leipzig,65.4,14.5,19.8,0.4
New London,78.9,14.8,6.050000000000001,0.15000000000000002
New Market,74.45,15.55,9.75,0.2
New Orleans,80.8,12.95,6.1,0.1
New Richland,81.75,11.100000000000001,7.050000000000001,0.15000000000000002
New Rockford,60.8,21.4,17.5,0.2
New Salisbury,83.7,12.2,4.0,0.1
New Vienna,78.1,12.8,8.8,0.3
New York,83.6,8.5,7.8,0.1
Newark,78.175,13.875,7.65,0.3
Newaygo,81.7,11.3,6.6,0.3
Newberg,80.2,12.0,7.7,0.2
Newberry,71.6,23.8,4.3,0.3
Newburgh,86.0,9.2,4.7,0.1
Newbury,71.7,15.8,12.3,0.2
Newcastle,67.5,16.2,16.3,0.0
Newell,81.6,10.0,8.3,0.1
Newport,79.2,14.666666666666666,6.066666666666666,0.10000000000000002
Newport News,74.8,21.6,3.5,0.0
Newton,86.0,9.0,4.9,0.1
Newtown,85.4,9.1,5.3,0.2
Nezperce,62.4,25.5,11.6,0.5
Niagara,72.95,14.05,12.7,0.3
Niagara University,81.9,13.9,4.0,0.1
Nicholasville,80.4,13.1,6.1,0.4
Nicollet,78.3,15.5,6.0,0.2
Nineveh,81.9,10.9,6.9,0.3
Niota,75.8,13.8,10.2,0.2
Noatak,54.0,43.7,2.1,0.2
Noblesville,84.30000000000001,10.85,4.6,0.15000000000000002
Nodaway,77.1,11.8,10.2,1.0
Nolensville,80.3,10.5,9.0,0.2
Noma,71.5,22.3,6.1,0.1
Norcatur,66.1,21.8,12.0,0.1
Nordland,66.9,18.2,14.8,0.1
Norfolk,73.3,22.8,3.9,0.1
Normal,81.9,13.9,4.0,0.2
Norman,72.4,20.799999999999997,6.65,0.15000000000000002
Normandy,75.9,13.4,10.4,0.3
Norphlet,81.5,13.6,4.9,0.0
Norris,37.3,39.9,22.4,0.4
North Augusta,75.0,17.5,7.4,0.1
North Beach,68.4,27.5,4.0,0.1
North Carrollton,71.4,20.1,7.7,0.8
North East,85.0,10.2,4.8,0.1
North Fairfield,84.5,10.2,5.1,0.2
North Hero,78.2,11.7,9.8,0.3
North Java,73.5,20.1,6.2,0.2
North Little Rock,74.6,20.6,4.7,0.2
North Platte,69.4,5.9,23.9,0.9
North Sioux City,79.0,13.3,7.0,0.8
North Washington,76.5,12.5,10.1,0.8
Northway,64.0,27.8,7.8,0.4
Northwood,72.8,8.5,18.1,0.7
Norton,81.2,16.4,2.4,0.0
Norwalk,80.7,13.3,5.8,0.1
Norway,75.9,18.8,5.1,0.2
Nottawa,85.3,9.1,5.4,0.2
Nowata,80.5,14.2,5.2,0.2
Oak,65.3,17.5,16.2,1.0
Oak Grove,73.80000000000001,20.2,5.7,0.30000000000000004
Oak Vale,79.9,14.3,5.4,0.4
Oakhurst,76.5,16.0,7.4,0.1
Oakland,74.8,21.4,3.8,0.0
Oakley,79.8,12.4,7.7,0.1
Oakman,82.9,11.4,5.2,0.5
Oaktown,82.8,13.2,3.9,0.1
Oakwood,65.9,17.6,15.0,1.5
Oberlin,83.3,12.5,4.1,0.1
Ochlocknee,73.9,15.7,9.4,1.0
Odem,77.6,17.9,4.4,0.1
Odessa,82.0,11.2,6.7,0.1
Odonnell,45.7,36.2,17.0,1.1
Ogallala,74.2,14.5,10.8,0.4
Ogden,76.4,19.5,3.9,0.1
Ogdensburg,82.3,11.8,5.6,0.3
Okeechobee,81.0,13.2,5.7,0.1
Oktaha,72.4,21.5,6.0,0.1
Old Glory,55.3,29.3,13.6,1.8
Oldenburg,82.2,10.2,7.2,0.4
Oldham,68.7,11.9,19.3,0.1
Olla,70.5,24.6,4.6,0.3
Olpe,75.0,19.8,5.2,0.1
Omaha,77.8,16.866666666666667,5.2,0.06666666666666667
Onawa,73.3,14.4,11.9,0.3
Oneida,73.55000000000001,19.35,6.800000000000001,0.25
Opelika,75.5,20.3,4.2,0.1
Oquawka,75.8,15.5,7.7,1.0
Orange,80.8,13.7,5.4,0.1
Orange Grove,80.3,12.6,7.1,0.0
Orangeville,82.9,11.6,5.4,0.2
Ordway,54.7,27.6,16.4,1.3
Ore City,78.5,13.0,8.3,0.2
Orient,58.1,18.4,23.2,0.3
Orleans,74.8,13.833333333333334,10.933333333333332,0.4666666666666666
Orma,77.6,17.6,3.3,1.5
Orocovis,63.6,26.4,9.5,0.44999999999999996
Oronoco,86.2,9.1,4.6,0.1
Ortley,68.4,14.4,16.5,0.7
Osceola,74.0,14.9,10.6,0.4
Oshkosh,84.9,11.4,3.6,0.1
Osnabrock,64.6,16.0,19.0,0.5
Osseo,81.6,13.1,5.2,0.1
Ossipee,71.9,14.0,14.1,0.1
Otley,80.2,13.0,6.7,0.2
Oto,84.9,10.4,4.6,0.1
Otsego,85.2,8.2,6.4,0.2
Otter Rock,72.3,16.2,11.3,0.2
Otterbein,76.4,15.100000000000001,8.1,0.35
Otterville,76.6,15.7,7.6,0.0
Otwell,87.1,9.4,3.2,0.3
Ouzinkie,65.0,25.3,9.4,0.3
Overbrook,78.6,13.2,8.0,0.2
Ovett,73.2,20.6,5.8,0.3
Owasso,84.5,9.7,5.6,0.2
Owenton,69.1,22.0,8.4,0.4
Owyhee,83.6,13.0,3.2,0.2
Oxford,77.45,18.1,4.15,0.3
Ozona,77.4,16.3,6.2,0.2
Pachuta,80.1,17.4,2.5,0.0
Paducah,69.53333333333333,21.166666666666668,9.0,0.3
Pageland,78.5,15.3,6.1,0.1
Pagosa Springs,60.1,25.9,14.0,0.0
Paicines,76.4,16.3,7.1,0.3
Paige,71.3,20.1,8.3,0.3
Painesville,86.6,9.6,3.7,0.1
Palco,62.2,22.4,14.9,0.5
Palestine,69.8,23.6,6.4,0.1
Palisade,75.4,15.2,9.2,0.2
Palmer,70.85,19.45,9.5,0.25
Palmersville,71.5,19.9,8.1,0.4
Palmyra,70.1,23.7,6.1,0.2
Palo Alto,79.8,11.7,8.3,0.2
Pampa,79.6,13.3,7.0,0.0
Panna Maria,69.6,22.0,7.8,0.5
Pantego,76.7,16.0,7.2,0.1
Panther Burn,71.7,23.5,4.7,0.1
Paradise Valley,79.1,14.1,6.7,0.1
Paragon,83.5,10.6,5.8,0.1
Paragould,78.3,14.7,6.9,0.1
Paris,74.73333333333333,17.433333333333334,7.6000000000000005,0.2333333333333333
Parish,76.5,17.8,5.6,0.2
Parker,70.4,11.9,17.4,0.3
Parkersburg,81.8,14.3,3.8,0.1
Parkesburg,85.9,8.5,5.5,0.1
Parkman,70.7,21.0,7.7,0.5
Parksville,75.8,16.3,7.8,0.2
Parma,81.4,12.6,5.95,0.05
Pateros,65.1,25.1,9.5,0.3
Patillas,55.1,39.3,4.2,1.4
Patoka,88.0,7.7,4.2,0.2
Patterson,80.1,13.6,6.0,0.3
Pattison,65.9,28.9,5.2,0.0
Paul,82.6,10.0,6.9,0.5
Paulding,81.0,12.9,6.1,0.0
Pawhuska,77.0,17.1,5.9,0.0
Pawling,77.2,16.8,5.7,0.2
Pawnee Rock,68.25,21.8,9.55,0.35
Paxico,73.3,20.0,6.5,0.2
Payette,75.2,16.2,8.4,0.2
Pearcy,77.6,14.3,8.0,0.1
Pearson,72.9,22.7,4.3,0.0
Pease,78.2,15.1,6.6,0.1
Pecan Gap,72.8,16.2,11.0,0.0
Peck,79.8,10.3,9.2,0.8
Pecos,67.8,28.3,3.9,0.0
Peebles,73.8,19.2,6.6,0.4
Pelham,82.6,12.5,4.8,0.1
Pellston,80.9,9.9,9.0,0.3
Pemberville,85.4,9.9,4.6,0.1
Pendleton,82.8,11.9,5.2,0.2
Penfield,80.4,13.2,6.3,0.2
Penns Grove,79.7,15.6,4.6,0.1
Penrose,72.1,16.7,11.1,0.1
Pensacola,78.2,15.6,6.0,0.1
Penuelas,61.9,30.5,7.6,0.0
Peoa,80.6,12.7,6.6,0.1
Pequot Lakes,81.1,11.3,7.4,0.2
Peralta,70.6,22.8,6.3,0.4
Perkinston,81.8,12.7,5.3,0.2
Perry,71.25,21.0,7.5,0.25
Peru,69.9,18.6,11.1,0.3
Peterman,77.8,13.0,8.3,0.8
Petersburg,67.13333333333333,26.066666666666666,6.566666666666667,0.19999999999999998
Petrolia,84.9,9.8,5.2,0.1
Pfafftown,83.5,11.4,5.1,0.1
Philadelphia,77.25,17.95,4.5,0.3
Phillips,77.2,13.4,9.1,0.4
Phillipsburg,68.8,19.6,11.6,0.0
Phoenix,82.5,11.7,5.7,0.2
Pickens,74.8,19.1,6.0,0.1
Piedmont,73.4,20.0,6.6,0.0
Pierre Part,83.3,12.6,3.6,0.6
Pine,72.2,23.1,4.6,0.2
Pine Brook,82.8,11.8,5.3,0.1
Pine Grove,64.5,23.4,11.8,0.3
Pine Island,83.8,10.1,6.0,0.1
Pine Mountain,81.8,13.5,4.5,0.2
Pinetop,61.1,31.3,7.4,0.3
Pineville,77.7,18.6,3.6,0.05
Pippa Passes,69.8,23.5,6.5,0.3
Piqua,63.7,22.5,13.4,0.4
Pisek,73.5,15.0,11.1,0.4
Pismo Beach,68.3,19.9,11.4,0.4
Pitkin,68.4,26.549999999999997,4.800000000000001,0.30000000000000004
Pitts,64.6,23.8,11.5,0.1
Pittsburg,73.5,17.9,8.6,0.1
Placerville,71.8,16.8,11.1,0.2
Plain City,77.7,14.2,7.6,0.4
Plainview,79.5,9.4,10.9,0.2
Plainville,66.6,20.9,12.1,0.3
Plano,82.9,13.8,3.1,0.2
Plattsburg,79.2,15.3,4.9,0.6
Plattsburgh,70.6,23.9,5.4,0.1
Pleasanton,71.8,20.6,7.6,0.1
Pleasantville,79.0,16.0,4.8,0.2
Pleasureville,75.9,13.6,10.4,0.2
Plum Branch,61.5,31.6,6.9,0.0
Plum City,78.2,15.0,6.4,0.4
Pocatello,74.05,19.9,5.85,0.2
Point Baker,50.4,37.7,11.8,0.1
Point Comfort,80.5,12.8,6.7,0.1
Polk,84.2,10.9,4.4,0.5
Polkton,75.7,19.7,4.3,0.4
Pollock,64.7,21.7,13.2,0.4
Polo,70.8,19.0,9.7,0.5
Pomeroy,48.5,32.4,19.1,0.0
Pomona Park,83.0,12.1,4.8,0.2
Ponce,69.8,20.4,9.5,0.3
Pond Creek,64.7,17.5,17.7,0.1
Poplar Bluff,77.0,15.7,7.2,0.1
Poplar Grove,69.4,23.6,7.0,0.0
Poplarville,76.7,14.1,8.8,0.4
Poquoson,73.6,20.4,5.5,0.5
Port Charlotte,79.2,12.5,7.7,0.5
Port Huron,83.5,11.2,5.1,0.1
Port Murray,79.5,14.4,6.0,0.1
Port Saint Joe,76.4,17.0,6.4,0.3
Portales,67.3,26.4,6.0,0.4
Porter,76.44999999999999,11.75,11.649999999999999,0.2
Portis,63.4,20.1,14.6,1.9
Portland,80.5,11.25,7.949999999999999,0.3
Portola,60.1,23.9,15.8,0.2
Portsmouth,69.2,26.0,4.8,0.1
Post,70.5,17.5,12.0,0.0
Postville,75.3,11.1,13.2,0.4
Poteau,74.3,18.6,6.8,0.2
Poulan,75.8,18.5,5.7,0.0
Powder River,79.0,15.1,5.8,0.1
Powder Springs,78.9,15.6,5.5,0.0
Powderly,79.2,13.9,6.7,0.2
Powellsville,77.0,17.9,4.8,0.3
Powers Lake,70.8,14.5,14.0,0.6
Powhattan,71.3,16.7,11.9,0.2
Prairie,78.4,14.7,6.8,0.0
Prairie Du Sac,80.44999999999999,13.35,5.8,0.35
Prescott,58.0,28.8,12.7,0.4
Presidio,54.9,33.2,11.3,0.6
Preston,73.03333333333335,21.600000000000005,5.233333333333333,0.13333333333333333
Primghar,77.7,12.0,10.2,0.0
Prince George,67.9,26.6,5.2,0.3
Princeton,73.4,14.9,11.25,0.4
Prosser,79.5,14.8,5.6,0.1
Providence,79.8,12.3,7.5,0.4
Prudenville,79.5,13.9,6.0,0.6
Prudhoe Bay,73.8,25.2,0.9,0.0
Puerto Real,70.6,19.9,9.1,0.3
Pukwana,48.4,49.5,1.8,0.3
Pulaski,75.8,15.5,8.8,0.0
Punta Santiago,61.5,25.9,12.4,0.2
Puryear,72.2,16.8,10.3,0.6
Pyote,79.3,15.0,5.3,0.4
Quakertown,87.0,8.5,4.4,0.1
Quebradillas,66.7,24.1,9.3,0.0
Quenemo,76.4,17.5,6.0,0.2
Quincy,67.55000000000001,24.35,8.05,0.05
Quitman,75.4,15.3,8.9,0.4
Racine,84.8,10.8,4.3,0.1
Radford,76.4,19.0,4.2,0.3
Rainbow,79.8,14.5,5.5,0.3
Raleigh,76.8,15.9,7.0,0.3
Ralls,72.7,17.3,9.4,0.6
Ralston,78.6,12.649999999999999,8.65,0.15000000000000002
Ranburne,76.3,15.3,8.4,0.0
Randolph,72.56666666666668,15.600000000000001,11.5,0.3333333333333333
Rapid City,76.55000000000001,16.25,7.1499999999999995,0.05
Raquette Lake,63.2,30.6,6.0,0.2
Ratliff City,82.0,12.2,5.6,0.2
Ravenden,79.2,13.6,6.7,0.5
Ravenna,77.1,16.4,6.5,0.0
Ray City,74.0,21.5,4.3,0.2
Rayville,78.7,16.0,5.2,0.1
Raywick,76.4,15.1,8.1,0.4
Red Boiling Springs,77.1,13.4,9.4,0.1
Red Bud,79.0,15.3,5.4,0.2
Red Cloud,66.5,16.9,15.7,0.8
Red Springs,73.4,20.9,5.5,0.15
Red Valley,50.2,45.0,4.7,0.1
Redmond,77.2,11.7,10.9,0.2
Redvale,75.5,12.0,12.0,0.5
Redwood Falls,77.1,10.2,12.3,0.3
Reed Point,67.6,16.7,13.6,2.0
Reedy,76.3,16.2,7.4,0.2
Reelsville,78.4,15.4,6.1,0.1
Refugio,75.2,13.9,9.8,1.2
Regent,61.8,16.1,20.9,1.2
Register,69.5,22.6,7.6,0.3
Reinbeck,76.8,13.3,10.0,0.0
Reliance,81.6,12.7,5.7,0.0
Rembert,74.0,20.1,5.8,0.1
Remsen,77.4,12.5,9.7,0.4
Renick,79.5,14.1,6.3,0.1
Reno,79.3,14.8,5.8,0.1
Rensselaer,84.5,10.0,5.5,0.1
Resaca,83.7,10.9,4.5,0.9
Reserve,62.4,17.4,19.0,1.2
Rice,74.8,17.3,7.8,0.2
Riceboro,73.2,20.9,6.0,0.0
Richards,79.2,15.0,5.7,0.1
Richburg,80.0,15.6,4.3,0.1
Richey,73.8,15.2,10.5,0.5
Richfield,72.5,13.2,13.3,1.0
Richfield Springs,72.2,17.6,9.5,0.6
Richmond,79.9,16.0,3.95,0.1
Richton,75.9,18.6,5.4,0.1
Richview,79.7,12.6,7.0,0.6
Ridgeville,70.6,20.4,8.8,0.2
Ridgeway,68.0,22.1,9.3,0.7
Ridgway,76.69999999999999,14.7,8.2,0.35
Rifle,74.5,19.3,6.0,0.2
Rincon,73.7,18.633333333333336,7.633333333333333,0.0
Ringgold,75.3,20.5,4.2,0.0
Ringling,63.9,16.5,18.0,1.7
Ripon,78.8,14.6,6.4,0.2
Rising City,75.6,13.3,11.0,0.1
Rising Sun,77.5,17.9,4.6,0.0
Riverside,79.1,13.6,7.0,0.4
Rivervale,78.8,13.7,7.5,0.0
Riviera,69.5,25.9,4.4,0.2
Roanoke,81.825,14.075,4.05,0.025
Roaring Spring,82.7,12.8,4.3,0.2
Roaring Springs,65.6,21.6,12.9,0.0
Robersonville,78.4,15.8,5.7,0.2
Roberts,77.69999999999999,12.55,9.3,0.45
Robins,85.5,9.9,4.5,0.1
Robinson,80.6,13.5,5.7,0.2
Robstown,76.6,16.3,6.9,0.2
Rochelle,57.1,32.1,10.7,0.2
Rocheport,70.2,20.2,9.4,0.2
Rochester,70.85,23.3,5.699999999999999,0.1
Rock Island,62.9,27.5,9.6,0.0
Rockford,82.76666666666667,10.266666666666667,6.733333333333334,0.26666666666666666
Rockville,71.8,21.7,6.4,0.1
Rockwood,74.5,18.9,6.4,0.1
Rogers,78.2,11.8,9.850000000000001,0.1
Rogerson,75.4,11.8,9.3,3.6
Rolla,66.3,21.7,12.0,0.0
Rolling Fork,77.7,15.4,6.9,0.0
Roma,68.2,22.5,8.6,0.6
Rome City,86.0,9.0,4.8,0.3
Romney,79.4,16.8,3.7,0.1
Roopville,79.0,14.1,6.7,0.2
Roper,76.5,17.3,6.0,0.2
Roscommon,73.2,19.2,7.1,0.5
Roseau,82.9,10.5,6.5,0.2
Roseboro,72.0,23.4,4.6,0.0
Roseglen,65.8,17.9,15.4,0.9
Roseville,73.5,16.9,9.2,0.5
Rossburg,82.6,9.6,7.4,0.5
Rosston,68.6,22.6,8.8,0.0
Rossville,78.6,12.8,8.5,0.1
Rotan,72.0,18.1,9.4,0.5
Rowlett,76.9,16.2,6.7,0.2
Roxie,70.5,22.2,7.2,0.0
Rufus,71.7,17.4,10.2,0.7
Rugby,69.6,11.25,18.9,0.25
Rumely,73.9,20.3,5.7,0.1
Runnemede,82.0,13.8,4.0,0.1
Rupert,67.0,25.3,7.7,0.0
Russell,74.7,14.7,9.75,0.85
Russell Springs,75.1,16.3,8.2,0.5
Russellville,80.56,12.6,6.659999999999999,0.14
Ruston,72.6,22.4,4.85,0.2
Ruth,79.6,14.5,5.6,0.2
Rutherfordton,76.8,12.6,10.5,0.1
Ruthville,77.2,18.7,3.9,0.1
Rutledge,73.1,13.05,13.35,0.5
Sabana Grande,67.2,29.8,3.0,0.0
Sacramento,73.8,16.4,9.6,0.1
Sacred Heart,77.8,12.0,10.1,0.1
Sadieville,80.05,14.55,5.3,0.05
Safford,73.69999999999999,22.0,4.25,0.05
Saginaw,84.3,11.1,4.4,0.2
Saint Ansgar,75.0,12.5,11.7,0.8
Saint Bonifacius,84.9,10.1,4.8,0.1
Saint Clair,84.7,9.0,6.1,0.2
Saint Clair Shores,86.5,9.6,3.8,0.1
Saint Hilaire,82.9,9.3,7.6,0.2
Saint John,44.3,46.6,8.7,0.3
Saint Louis,84.85,10.65,4.3,0.15000000000000002
Saint Marks,60.9,34.8,4.0,0.2
Saint Mary,83.9,9.3,6.7,0.1
Saint Marys,68.05,25.6,6.05,0.30000000000000004
Saint Onge,76.0,17.3,6.7,0.0
Saint Paris,81.0,13.1,5.9,0.0
Saint Paul,81.8,13.7,4.4,0.1
Saint Petersburg,83.7,10.9,5.2,0.2
Saint Simons Island,76.9,17.1,5.7,0.3
Saint Vincent,69.2,19.0,11.6,0.2
Salem,74.5,17.150000000000002,8.1,0.25
Salemburg,78.8,13.9,7.0,0.3
Salina,72.6,18.4,8.6,0.3
Salinas,72.65,20.2,7.1,0.1
Salisbury,80.7,13.4,5.8,0.2
Salt Lake City,82.1,13.3,4.5,0.1
Saltillo,72.9,15.5,11.6,0.0
Saluda,75.4,18.2,6.1,0.3
Salvisa,66.7,26.5,6.8,0.1
Salyersville,74.0,22.7,2.9,0.4
San Acacia,59.7,32.9,7.4,0.0
San Angelo,57.9,21.1,18.5,2.5
San Augustine,82.0,9.7,8.3,0.0
San Bernardino,76.4,16.7,6.7,0.2
San Francisco,79.9,11.3,8.7,0.1
San German,66.5,24.0,9.15,0.30000000000000004
San Juan,67.96666666666667,19.633333333333333,12.299999999999999,0.13333333333333333
San Lorenzo,71.5,22.2,6.2,0.1
San Rafael,73.8,10.8,15.4,0.1
San Sebastian,64.6,23.7,10.9,0.9
San Ygnacio,73.3,18.1,8.7,0.0
Sand Lake,82.5,11.6,5.6,0.3
Sanders,71.2,12.4,11.9,4.5
Sanderson,73.2,22.3,4.4,0.1
Sandy Hook,74.6,18.05,6.449999999999999,0.95
Sandy Ridge,78.5,14.3,7.2,0.0
Sanford,76.6,18.3,4.9,0.25
Santa Barbara,75.5,16.2,8.0,0.3
Santa Fe,66.6,20.7,12.4,0.2
Santa Rosa,75.6,12.7,11.6,0.2
Santa Teresa,67.9,24.8,7.1,0.1
Sarahsville,78.7,15.2,6.1,0.0
Sarasota,81.6,9.7,8.5,0.2
Sardis,78.3,14.3,7.3,0.1
Satanta,71.6,17.5,10.0,0.9
Saucier,72.5,21.3,6.2,0.0
Sauk Rapids,82.9,11.2,5.7,0.2
Saulsbury,70.7,22.0,7.2,0.0
Savage,80.7,10.1,8.9,0.3
Savannah,78.7,15.8,5.3,0.2
Savonburg,72.8,17.8,9.1,0.2
Sawyer,71.6,20.4,7.8,0.1
Saxe,72.2,22.8,5.0,0.0
Scandia,69.5,16.0,14.1,0.4
Schellsburg,81.0,10.8,7.9,0.4
Schlater,72.0,21.9,6.0,0.1
Scobey,57.0,20.7,22.3,0.0
Scottown,81.3,13.1,5.5,0.2
Scotts Hill,76.9,13.8,9.3,0.0
Scottsville,76.76666666666667,14.933333333333332,8.066666666666668,0.2333333333333333
Seal Beach,81.8,10.2,7.8,0.2
Seattle,81.7,12.4,5.7,0.2
Sebasco Estates,76.5,14.4,9.1,0.0
Secor,83.3,10.6,6.0,0.1
Sedalia,79.6,12.5,7.75,0.1
Sedgwick,66.2,21.2,12.0,0.6
Selby,75.3,15.8,8.6,0.3
Selfridge,32.9,56.8,10.2,0.1
Selinsgrove,81.0,10.9,7.7,0.3
Selmer,72.7,17.3,10.0,0.1
Seminary,78.4,15.6,5.9,0.1
Seneca,76.6,16.7,6.4,0.2
Seney,76.7,18.1,5.1,0.1
Senoia,80.8,14.2,4.8,0.2
Sentinel,71.6,17.3,10.7,0.4
Sextons Creek,69.0,24.8,5.7,0.5
Seymour,62.0,16.6,21.5,0.0
Shady Dale,77.4,14.4,8.1,0.1
Shalimar,73.7,20.1,6.1,0.1
Shallowater,77.1,15.6,7.1,0.3
Shambaugh,75.9,15.4,8.4,0.3
Sharon,78.9,14.3,6.6,0.2
Sharon Grove,73.7,15.4,10.3,0.6
Shattuck,66.5,20.8,11.5,1.2
Shawnee,67.9,25.6,6.3,0.2
Shawsville,72.6,17.0,10.4,0.0
Sheboygan,86.8,8.7,4.4,0.1
Shellsburg,79.5,13.0,7.4,0.1
Shelton,81.6,9.8,8.4,0.1
Sheridan Lake,50.9,35.3,13.8,0.0
Shermans Dale,76.6,16.6,6.4,0.4
Sherwood,81.1,12.1,6.5,0.3
Shields,75.5,15.7,8.6,0.2
Shippenville,78.8,14.2,6.7,0.4
Shipshewana,84.1,6.6,8.7,0.6
Shirley,62.9,19.2,17.7,0.2
Shoshone,71.4,17.5,10.5,0.6
Shuqualak,72.8,16.1,10.0,1.0
Sibley,76.8,11.2,11.7,0.2
Sidney,75.44999999999999,16.7,7.8,0.05
Sikeston,81.1,12.0,6.7,0.2
Silver City,70.36666666666666,21.900000000000002,7.3999999999999995,0.3
Silver Creek,75.4,11.2,13.1,0.2
Silverton,62.9,23.6,12.4,1.1
Simpson,74.8,18.0,6.5,0.7
Singer,75.2,18.9,5.8,0.0
Sioux Falls,86.1,9.2,4.6,0.1
Sitka,60.1,28.2,11.7,0.0
Skagway,68.2,22.5,7.5,1.8
Skamokawa,63.4,27.4,9.2,0.0
Skidmore,72.5,16.1,11.05,0.35
Slaterville Springs,78.4,13.6,7.8,0.2
Sledge,82.6,15.6,1.7,0.1
Slinger,87.7,8.2,4.1,0.1
Smartville,69.0,21.5,9.3,0.2
Smelterville,76.9,15.8,6.8,0.4
Smithburg,72.7,21.6,5.7,0.0
Smithfield,77.5,17.4,5.0,0.1
Smithville,74.1,19.65,5.699999999999999,0.6
Sneedville,64.4,22.1,13.5,0.0
Snelling,76.7,16.2,7.0,0.2
Snook,69.4,21.7,8.4,0.5
Snyder,77.7,16.2,6.0,0.1
Social Circle,70.8,20.3,8.2,0.8
Soddy Daisy,69.1,20.4,10.3,0.2
Soldier,77.0,13.1,9.4,0.5
Solon Springs,80.9,14.4,4.6,0.1
Somerset,79.3,15.9,4.8,0.0
Somerville,84.6,11.0,4.3,0.1
Sondheimer,74.1,21.8,4.1,0.0
Sonora,76.5,14.6,8.6,0.3
Sorento,82.1,11.6,6.0,0.3
Sour Lake,80.0,15.7,4.2,0.1
South Beloit,85.0,10.4,4.5,0.2
South Bend,85.9,9.4,4.6,0.1
South Fork,68.6,18.8,12.6,0.0
South Plains,73.8,16.8,9.2,0.1
South Portsmouth,79.9,15.0,5.0,0.1
South Sioux City,87.3,7.3,5.2,0.2
Southport,73.2,13.7,12.9,0.1
Sparks,72.9,16.4,10.7,0.0
Sparta,68.85,26.45,4.65,0.0
Spearville,81.6,12.6,5.4,0.4
Speedwell,78.55,15.65,5.65,0.1
Spencer,74.4,21.5,3.4,0.7
Spirit Lake,79.3,9.6,10.9,0.2
Spiritwood,75.4,15.8,8.2,0.6
Spotsylvania,72.4,23.1,4.4,0.1
Spring Hill,80.3,13.7,5.9,0.1
Spring Lake,85.8,9.1,4.9,0.1
Springdale,78.7,14.7,6.3,0.3
Springfield,70.64000000000001,20.279999999999998,8.52,0.5400000000000001
Springport,81.3,11.7,6.8,0.3
Spruce Pine,78.0,16.9,5.1,0.0
Squaw Lake,77.5,15.7,6.3,0.5
Stafford,63.1,22.7,13.5,0.7
Stanardsville,71.2,21.5,7.2,0.1
Stanberry,72.7,16.4,10.2,0.7
Stanchfield,83.2,11.3,5.4,0.1
Stanley,76.0,17.6,6.3,0.1
Stanton,75.7,17.6,6.2,0.6
Staples,78.8,12.5,8.6,0.1
Stapleton,75.46666666666668,15.633333333333333,8.466666666666667,0.4000000000000001
Star,71.3,19.5,9.0,0.2
Starbuck,77.7,13.3,8.5,0.5
Starkville,60.4,36.2,2.9,0.5
Staten Island,74.1,21.4,4.4,0.1
Statenville,78.8,12.7,8.5,0.0
Statesville,81.0,12.3,6.5,0.2
Statham,82.2,13.4,4.3,0.1
Steamboat Rock,77.0,13.7,8.9,0.3
Steamboat Springs,83.3,9.2,7.4,0.1
Steens,74.8,19.6,5.5,0.1
Stephan,66.0,19.2,13.4,1.4
Stephens,76.1,19.6,4.3,0.1
Sterling,79.95,15.149999999999999,4.7,0.2
Sterling City,64.5,20.9,14.6,0.0
Stet,69.9,16.0,13.3,0.8
Stevenson,75.1,17.1,7.7,0.0
Stewart,63.9,31.3,4.5,0.3
Stilwell,77.15,16.4,6.25,0.25
Stinnett,80.2,13.9,5.8,0.1
Stockport,79.6,9.3,10.5,0.5
Stockton,74.8,16.75,8.05,0.44999999999999996
Stone Harbor,72.9,20.8,6.0,0.3
Stone Lake,69.1,19.9,10.3,0.7
Stoneville,80.6,13.3,5.9,0.2
Stony Point,80.6,14.0,5.25,0.1
Stowell,77.9,15.9,6.1,0.1
Strafford,79.6,11.9,8.4,0.1
Strandburg,71.8,11.9,16.3,0.0
Strasburg,82.6,11.6,5.6,0.2
Stratford,75.93333333333334,16.2,7.566666666666667,0.30000000000000004
Strawn,76.7,14.1,9.0,0.2
Streetman,73.6,19.0,7.3,0.2
Stringtown,68.3,22.9,8.3,0.4
Stuart,81.7,11.4,6.7,0.2
Suamico,84.6,11.0,4.3,0.1
Sudlersville,72.6,19.8,7.6,0.1
Suffolk,71.7,24.1,4.1,0.1
Sugar City,74.85,18.95,6.05,0.1
Sula,71.3,15.0,13.1,0.5
Sulligent,79.6,15.5,3.9,0.9
Sullivan,76.45,16.35,7.0,0.15000000000000002
Sulphur,80.1,14.7,5.0,0.2
Sulphur Springs,76.7,13.2,9.8,0.3
Summerfield,75.1,13.8,10.8,0.3
Summersville,70.8,21.0,7.9,0.3
Summertown,75.8,14.8,9.0,0.5
Summit,72.36666666666667,16.7,10.333333333333334,0.5666666666666667
Sumner,72.3,14.5,13.0,0.2
Sunburg,72.5,14.8,12.4,0.3
Sunbury,78.25,17.299999999999997,4.3,0.15
Sundance,70.2,20.2,8.3,1.3
Sunnyside,78.6,16.9,4.3,0.1
Sunset,77.7,16.2,5.9,0.1
Suquamish,65.3,27.6,7.0,0.1
Surry,77.2,18.2,4.6,0.0
Sutton,70.6,21.5,7.8,0.2
Swanquarter,55.0,27.0,18.1,0.0
Swansea,73.2,20.5,6.3,0.0
Sweet,67.2,20.5,10.8,1.5
Sweetwater,81.8,11.2,6.9,0.1
Sycamore,76.1,16.1,7.8,0.0
Sylacauga,76.6,17.5,5.9,0.0
Sylva,75.6,16.2,7.8,0.4
Symsonia,78.1,15.0,6.6,0.2
Syracuse,70.65,17.9,11.0,0.39999999999999997
Tacoma,75.9,18.7,5.3,0.1
Tahoka,65.9,21.7,12.5,0.0
Talala,80.5,13.4,5.9,0.2
Tallahassee,64.4,31.2,4.3,0.1
Talmage,75.5,15.9,8.4,0.1
Tannersville,76.2,17.6,5.9,0.3
Taos Ski Valley,67.4,19.7,12.9,0.0
Tappahannock,77.6,17.7,4.4,0.3
Tarpley,69.2,19.0,11.6,0.3
Taylor,71.13333333333334,19.833333333333332,8.2,0.8666666666666667
Taylorsville,79.9,13.7,6.2,0.15000000000000002
Tea,83.3,10.8,5.9,0.0
Teigen,57.9,22.0,18.9,1.2
Tekonsha,83.7,11.9,4.3,0.1
Tell,62.0,31.7,6.1,0.2
Terra Bella,76.8,16.5,6.5,0.3
Terre Haute,83.8,12.6,3.6,0.1
Terrebonne,69.9,23.3,6.7,0.1
Terry,46.4,23.6,27.4,2.6
The Dalles,74.8,16.8,8.3,0.1
Thedford,57.9,22.3,19.2,0.5
Theodosia,77.1,13.8,9.1,0.0
Thornton,79.2,16.1,4.7,0.0
Three Rivers,73.5,14.2,12.1,0.2
Three Springs,77.8,15.1,7.0,0.2
Tignall,76.4,16.8,6.8,0.1
Tilden,65.1,20.1,14.05,0.8
Tiline,80.2,13.9,5.9,0.0
Tillar,69.9,25.7,4.5,0.0
Timewell,73.8,17.4,8.8,0.0
Timmonsville,79.8,14.5,5.5,0.3
Tioga,58.2,27.2,12.1,2.4
Tippecanoe,81.3,10.4,7.8,0.5
Tiptonville,63.1,29.9,6.4,0.5
Tobias,71.8,12.1,15.8,0.3
Tokio,70.2,19.7,9.8,0.3
Toledo,81.30000000000001,11.7,6.550000000000001,0.5
Toluca,81.0,10.6,7.8,0.6
Topeka,75.3,20.0,4.6,0.1
Topton,74.4,14.2,10.6,0.8
Torrey,68.0,21.1,10.9,0.0
Tow,72.0,11.4,16.4,0.2
Townsend,65.3,21.4,12.7,0.6
Trade,65.6,24.8,9.4,0.2
Trail City,34.9,49.2,14.7,1.2
Treloar,85.0,9.2,5.5,0.3
Trenton,76.4,16.9,6.3,0.35
Tribune,64.2,19.1,16.6,0.2
Trimble,77.1,16.4,6.3,0.2
Trinchera,67.3,23.5,9.0,0.1
Trion,80.8,12.35,6.45,0.39999999999999997
Tripp,63.9,23.3,12.3,0.5
Trout,73.3,20.4,6.1,0.3
Trout Creek,61.7,16.3,21.4,0.6
Troy,69.0,24.85,6.0,0.1
Truckee,71.6,15.5,12.600000000000001,0.35
Trujillo Alto,68.9,21.0,10.1,0.0
Truman,79.7,11.2,8.5,0.7
Trumbull,78.6,13.3,7.9,0.2
Tuckasegee,67.4,24.6,7.9,0.1
Tullahoma,75.4,17.0,7.4,0.2
Tumacacori,68.0,20.5,11.0,0.5
Tunkhannock,85.1,8.3,6.4,0.1
Tununak,53.2,44.8,2.0,0.0
Turkey,70.9,15.0,10.1,4.0
Tuscumbia,73.8,15.9,9.6,0.7
Tuthill,44.9,36.6,17.6,0.9
Tuttle,76.2,17.2,6.4,0.1
Tutwiler,68.5,23.7,7.5,0.3
Twin Lake,84.2,11.0,4.7,0.1
Twin Lakes,72.5,19.6,7.9,0.0
Two Dot,51.4,9.5,33.0,6.1
Two Harbors,74.8,17.4,7.8,0.1
Tylerton,65.8,29.2,4.9,0.1
Tyndall,61.0,21.1,17.4,0.6
Tyner,65.1,23.6,10.7,0.7
Tyro,69.1,16.1,14.2,0.6
Tyrone,79.2,15.8,4.9,0.1
Ullin,71.4,22.5,6.0,0.1
Ulysses,65.3,24.2,10.0,0.5
Umpire,77.5,15.1,7.4,0.0
Unalaska,77.9,18.9,3.2,0.0
Underwood,84.6,11.7,3.4,0.3
Union,75.75,18.55,5.550000000000001,0.15
Union Point,80.9,13.4,5.6,0.1
Union Star,75.2,21.5,3.3,0.0
Uniontown,80.4,14.7,4.8,0.1
Unionville,77.15,16.6,6.05,0.15000000000000002
University Park,81.6,10.5,7.2,0.6
Upland,75.25,15.399999999999999,9.100000000000001,0.2
Urbana,65.8,29.1,5.0,0.1
Utica,77.2,14.8,7.9,0.1
Utuado,58.0,34.0,7.3,0.7
Valdosta,73.5,19.7,6.6,0.25
Vale,70.3,17.25,11.75,0.7
Vallejo,76.8,12.5,10.5,0.1
Valley Center,82.8,12.5,4.6,0.1
Valley Grove,81.3,14.7,3.9,0.1
Valley Lee,65.8,30.1,4.1,0.1
Valley Springs,71.6,16.45,11.4,0.55
Valley Stream,78.0,16.4,5.5,0.1
Vallonia,86.0,8.6,5.2,0.2
Van,80.9,12.7,6.3,0.1
Van Buren,86.2,9.0,4.7,0.1
Van Horn,74.7,19.1,6.2,0.0
Vanderbilt,79.15,12.899999999999999,7.300000000000001,0.65
Vanleer,66.8,19.2,13.9,0.1
Vanzant,80.2,11.7,7.8,0.3
Varnell,86.6,9.4,3.9,0.0
Varnville,71.5,20.5,7.6,0.4
Vaughn,56.7,38.4,4.3,0.5
Vega Alta,73.7,20.7,5.433333333333333,0.16666666666666666
Venango,59.0,21.7,18.7,0.7
Ventura,82.5,10.9,6.3,0.2
Venus,77.4,15.7,6.6,0.2
Vernal,78.6,16.3,4.7,0.4
Vernon,78.8,14.3,6.7,0.1
Vero Beach,80.8,12.9,6.1,0.2
Verona,71.7,22.2,5.9,0.2
Versailles,77.6,15.0,7.3,0.1
Vevay,79.0,14.8,6.2,0.0
Vian,72.9,20.2,6.6,0.3
Vicksburg,77.25,17.9,4.7,0.15000000000000002
Victoria,77.44999999999999,15.25,7.05,0.25
Victory Mills,76.2,18.1,5.6,0.1
Vidalia,74.7,19.2,6.1,0.0
Vienna,73.4,15.65,10.6,0.35
Vieques,44.5,41.6,13.6,0.3
Villalba,59.2,27.5,13.1,0.2
Villard,79.0,13.1,7.7,0.2
Ville Platte,78.6,14.5,6.9,0.0
Villisca,72.9,12.8,13.9,0.4
Vincent,53.2,35.5,11.3,0.0
Virginia Beach,74.1,21.4,4.5,0.1
Volborg,72.4,17.4,10.1,0.2
Wa Keeney,66.6,20.7,12.5,0.2
Wabeno,64.0,25.3,10.6,0.0
Waco,76.8,13.1,10.0,0.1
Waddy,60.2,34.1,5.5,0.1
Wakefield,60.0,35.1,4.5,0.4
Walden,66.2,24.2,8.6,0.9
Walkerton,84.0,11.1,4.8,0.1
Wall,76.8,16.5,6.6,0.1
Walla Walla,74.2,19.1,6.5,0.2
Wallace,67.2,17.55,14.8,0.45
Walland,79.6,13.2,7.0,0.1
Walnut,77.675,15.45,6.675000000000001,0.22499999999999998
Walsenburg,63.2,24.2,12.2,0.5
Walstonburg,76.2,18.4,5.3,0.1
Walton,81.3,13.3,5.1,0.2
Wanchese,74.6,14.3,10.9,0.2
Wann,79.2,15.1,5.5,0.3
Ward Cove,62.7,29.5,7.3,0.6
Warfield,74.2,21.0,4.8,0.0
Warner Robins,72.8,21.2,6.0,0.1
Warren,73.33333333333333,16.866666666666667,9.566666666666668,0.2333333333333333
Warsaw,82.4,12.6,4.6,0.5
Wartrace,74.4,14.3,10.7,0.5
Warwick,70.5,20.7,8.6,0.1
Washburn,75.6,13.0,9.8,1.6
Washington,75.2,16.5,8.0,0.25
Washington Court House,79.7,13.4,6.6,0.3
Washougal,73.1,20.4,6.3,0.2
Wataga,81.6,12.4,5.9,0.1
Waterloo,79.63333333333334,15.366666666666667,4.933333333333333,0.10000000000000002
Waterproof,68.7,22.3,9.0,0.0
Wathena,73.1,18.1,7.6,1.2
Watkins Glen,74.7,15.3,9.9,0.1
Watrous,50.7,43.9,5.2,0.2
Watseka,78.6,11.6,9.5,0.3
Waubun,59.2,32.4,8.2,0.2
Wauchula,78.9,14.7,6.3,0.1
Waucoma,79.0,10.6,10.2,0.2
Waupaca,80.2,14.5,5.1,0.2
Waurika,71.8,16.9,11.1,0.1
Wautoma,78.8,13.8,7.2,0.2
Waverly,79.75,13.149999999999999,6.949999999999999,0.15000000000000002
Waxahachie,78.5,14.2,7.3,0.1
Waycross,74.3,17.2,7.9,0.6
Wayland,74.0,15.7,9.9,0.4
Wayne,77.2,14.6,7.8,0.4
Waynesboro,80.5,16.0,3.5,0.0
Waynesburg,78.3,13.8,7.8,0.1
Waynesville,77.0,15.7,7.3,0.0
Waynetown,80.4,12.5,6.8,0.4
Weatherford,76.6,15.2,8.0,0.2
Weaubleau,72.4,17.2,10.4,0.0
Webb,81.1,9.9,8.6,0.3
Webb City,81.9,11.2,6.8,0.2
Webbville,66.6,24.3,8.3,0.9
Webster,70.0,16.3,13.2,0.4
Weinert,62.4,22.5,15.0,0.2
Weirton,79.5,16.5,4.0,0.0
Welch,68.5,21.9,9.5,0.1
Welcome,79.8,9.3,10.5,0.3
Welda,68.0,13.1,18.7,0.3
Wellington,70.7,18.3,11.0,0.0
Wellman,70.7,19.2,9.9,0.2
Wellston,75.7,18.4,5.8,0.0
Wellsville,75.8,13.8,10.1,0.4
Wellton,73.1,21.9,4.9,0.1
Wenden,60.8,31.3,7.9,0.0
West Branch,79.3,11.9,8.7,0.1
West Fargo,82.9,12.6,4.5,0.1
West Harrison,85.2,9.5,5.0,0.3
West Liberty,76.10000000000001,17.466666666666665,6.266666666666667,0.23333333333333336
West Monroe,79.8,15.7,4.4,0.1
West Palm Beach,82.6,10.8,6.5,0.1
West Pawlet,76.7,14.4,8.7,0.3
West Point,81.1,12.7,5.8,0.4
West Salem,83.25,9.55,7.0,0.15
Westcliffe,49.9,23.3,26.6,0.2
Westerville,80.0,14.2,5.7,0.1
Westfield,80.0,12.6,7.3,0.2
Westhope,67.7,16.7,15.0,0.6
Weston,74.3,19.0,6.5,0.2
Westpoint,69.4,22.5,8.1,0.0
Westport,71.9,13.3,13.200000000000001,1.5
Wewahitchka,69.6,24.2,5.9,0.3
Wheatland,63.4,21.8,14.8,0.0
Wheelersburg,75.9,18.8,4.9,0.4
White City,75.6,13.7,10.6,0.1
White House,79.1,12.9,7.8,0.2
White Lake,86.1,8.8,5.0,0.2
White Mountain,50.6,44.0,5.2,0.2
White Pigeon,84.5,9.4,5.9,0.1
White Sulphur Springs,76.3,16.4,7.1,0.1
Whitehall,63.2,22.3,13.399999999999999,1.1
Whites City,79.2,15.6,5.3,0.0
Whitewater,59.0,24.2,15.2,1.6
Whiting,76.1,11.5,12.2,0.2
Whitman,58.5,21.6,18.6,1.3
Whitney,77.1,15.0,7.6,0.3
Whitwell,75.65,15.2,9.0,0.1
Wibaux,56.2,28.4,14.7,0.7
Wichita,77.7,17.4,4.7,0.2
Wichita Falls,74.6,19.2,6.0,0.2
Wilderville,76.0,13.2,10.7,0.1
Wildorado,78.0,13.6,7.9,0.5
Wildrose,54.9,15.3,29.8,0.0
Wildwood,79.6,13.4,7.0,0.1
Willard,74.5,18.4,6.9,0.2
Williams,75.25,16.05,8.65,0.05
Williamsburg,69.68333333333332,24.483333333333334,5.483333333333333,0.35000000000000003
Williamson,77.3,17.7,4.6,0.3
Williamsville,74.3,12.4,13.2,0.1
Williston,80.3,12.4,6.9,0.4
Willmar,78.1,14.3,7.1,0.5
Willow,61.9,27.0,10.8,0.4
Wilmar,68.2,23.5,7.9,0.4
Wilmington,74.80000000000001,16.5,8.5,0.25
Wilmore,62.7,20.4,16.4,0.5
Wilmot,77.6,11.7,10.7,0.1
Wilsey,66.5,19.3,13.7,0.5
Wilson,68.3,26.1,5.6,0.0
Wilton,74.0,22.1,3.9,0.0
Wimberley,73.5,19.4,7.0,0.2
Winamac,81.0,12.3,6.6,0.1
Winchester,79.75,14.299999999999999,5.65,0.32499999999999996
Winder,70.0,22.9,6.9,0.2
Windfall,82.1,12.1,5.5,0.2
Winnebago,52.4,37.8,9.8,0.0
Winnemucca,69.3,26.7,4.0,0.0
Winnsboro,73.65,14.649999999999999,11.15,0.55
Winona,59.8,23.0,16.9,0.3
Winslow,80.8,10.4,8.7,0.1
Winter Park,84.7,10.35,4.85,0.1
Winters,67.7,19.9,12.1,0.4
Winterville,74.1,17.4,8.4,0.1
Wister,66.8,25.2,7.7,0.3
Witten,57.7,19.6,22.3,0.5
Wolf Point,48.8,22.2,27.8,1.2
Woodburn,82.3,11.1,6.2,0.5
Woodbury,77.3,14.1,8.1,0.5
Woodland,72.7,21.76666666666667,5.199999999999999,0.3666666666666667
Woodville,63.5,21.5,15.0,0.0
Woodward,74.3,19.7,5.8,0.2
Worland,70.5,20.25,8.75,0.6
Worthington,78.3,9.4,11.6,0.7
Wray,75.6,15.899999999999999,8.35,0.15000000000000002
Wynne,76.9,17.2,6.0,0.0
Wyoming,81.4,13.3,5.2,0.2
Yabucoa,65.1,27.6,7.3,0.0
Yakutat,52.8,37.1,10.1,0.0
Yale,77.8,13.9,8.0,0.3
Yancey,73.6,17.3,9.0,0.1
Yazoo City,74.3,18.9,6.6,0.2
Yeso,66.2,25.5,8.2,0.0
Yoakum,72.9,16.05,10.85,0.2
York,84.1,11.1,4.7,0.1
Yorkshire,85.1,9.8,4.8,0.3
Young America,82.0,13.3,4.5,0.2
Young Harris,71.0,18.9,10.1,0.0
Youngstown,82.3,12.3,5.3,0.1
Youngsville,82.0,11.2,6.6,0.2
Ypsilanti,76.4,18.6,4.7,0.2
Yuma,61.0,24.2,14.5,0.3
Zachary,77.2,18.0,4.7,0.1
Zalma,79.4,10.6,10.0,0.1
Zebulon,79.5,14.8,5.6,0.1
Zeigler,76.8,16.4,6.6,0.2
Zenda,69.7,14.6,15.6,0.1
Zwingle,79.3,10.1,10.4,0.2
