City,Poverty,ChildPoverty
Aberdeen,18.1,24.8
Abilene,17.4,21.6
Abingdon,20.8,28.8
Adams Run,13.1,18.4
Addison,31.8,44.3
Adena,14.6,21.5
Adger,22.5,32.2
Adjuntas,61.7,72.2
Adrian,27.4,38.900000000000006
Afton,28.0,34.5
Aguada,103.30000000000001,125.8
Aguadilla,55.9,62.1
Aguas Buenas,53.6,66.7
Aguirre,56.2,65.0
Aiken,26.9,41.9
Akron,42.0,61.099999999999994
Akutan,16.8,23.2
Alamo,19.9,25.8
Alamogordo,23.1,34.1
Alamosa,19.2,29.6
Albany,148.79999999999998,188.2
Albion,10.1,11.7
Albrightsville,10.9,19.6
Albuquerque,19.4,27.2
Alexander,13.3,21.6
Alexander City,13.6,20.5
Alexandria,26.6,38.5
Alice,23.9,36.2
Aliceville,42.7,57.1
Alix,22.0,28.3
Alleghany,14.6,22.7
Allen,7.6,9.5
Allendale,13.5,19.8
Allenhurst,17.9,23.0
Alleyton,15.1,19.1
Alliance,16.5,29.5
Allison,15.7,24.6
Allouez,15.3,26.3
Alma,40.2,55.3
Alma Center,14.6,25.3
Almena,12.6,17.4
Almyra,20.1,30.4
Alpena,40.9,56.2
Alpharetta,17.6,25.2
Alpine,36.0,48.3
Alston,25.3,35.9
Altamont,12.6,20.8
Alto,34.3,46.4
Altonah,10.4,13.2
Altoona,13.9,21.1
Altus,17.0,21.2
Alva,28.700000000000003,41.599999999999994
Alvo,6.2,7.5
Amado,19.3,27.5
Amargosa Valley,18.2,34.7
Amarillo,32.5,43.599999999999994
Amasa,15.6,24.8
Amboy,11.2,14.4
Amelia,11.8,12.6
Amistad,13.4,15.7
Amity,20.2,30.3
Anaconda,32.2,65.6
Anamosa,10.2,14.5
Anawalt,35.5,50.3
Anchorage,8.2,12.4
Andalusia,44.4,63.0
Anderson,16.4,23.6
Andersonville,29.6,33.6
Andrews,32.3,43.8
Angela,20.6,28.4
Angola,16.0,31.3
Angoon,11.9,29.2
Angora,11.7,14.5
Animas,23.3,38.3
Annabella,14.5,15.6
Annapolis,18.4,24.0
Anniston,20.5,31.6
Antigo,16.0,21.3
Apache,21.2,27.4
Appleton City,23.3,35.9
Arab,20.2,32.9
Aragon,17.2,18.1
Aransas Pass,19.0,36.4
Arapahoe,30.799999999999997,55.7
Arcadia,71.2,105.1
Arcanum,26.1,38.5
Arco,17.6,25.9
Arcola,10.3,14.8
Ardenvoir,14.3,19.9
Ardmore,19.3,27.2
Arena,10.4,11.8
Arkadelphia,23.7,32.6
Arlington,71.6,100.8
Armagh,17.3,20.5
Armour,8.6,11.2
Armstrong,26.7,39.3
Arnett,17.8,25.4
Arnold,40.5,44.7
Arpin,11.0,15.8
Arroyo,52.7,57.0
Artemus,32.6,48.8
Ash,16.3,29.1
Ash Grove,37.8,53.8
Ashburn,54.599999999999994,85.2
Ashburnham,11.8,15.7
Ashford,23.3,35.2
Ashland,58.3,83.7
Ashley,8.2,8.3
Aspen,9.9,11.6
Assaria,16.1,25.8
Astoria,15.1,20.5
Atchison,19.2,26.3
Athens,70.80000000000001,86.2
Atkins,22.6,35.1
Atlanta,16.9,22.6
Atlantic,19.6,30.7
Atlantic City,15.2,23.2
Attleboro,12.7,17.4
Atwood,20.8,25.7
Au Gres,19.9,30.6
Auburn,91.3,136.1
Auburntown,18.4,26.5
Audubon,12.8,17.0
Augusta,59.199999999999996,86.6
Aurora,33.900000000000006,49.6
Austin,40.9,66.1
Austinburg,20.1,29.6
Austinville,16.9,22.7
Autaugaville,12.9,18.6
Avera,30.8,49.9
Avinger,19.8,30.8
Avoca,18.3,26.5
Avondale,19.8,27.6
Axtell,44.7,71.5
Axton,18.3,30.9
Azle,11.7,18.3
Bainbridge,15.9,23.6
Bajadero,49.6,59.4
Baker,6.6,7.0
Baker City,15.2,25.0
Bakersfield,46.7,64.4
Baldwin,13.9,20.0
Baldwyn,18.3,28.0
Balko,9.0,11.7
Ball Ground,10.8,14.4
Baltic,12.7,17.9
Baltimore,23.7,34.2
Bandana,16.3,25.0
Banks,26.1,30.3
Barceloneta,54.0,62.1
Barksdale,10.8,20.8
Barnesville,33.6,47.7
Barnhart,10.9,14.8
Barnum,15.2,21.4
Barranquitas,117.80000000000001,139.9
Bartlett,7.5,9.5
Barton,9.6,11.7
Bartow,25.9,36.7
Basehor,11.4,16.4
Basile,20.6,22.8
Bassett,26.8,40.9
Batavia,13.2,20.5
Bates,15.9,18.1
Batesburg,20.5,29.6
Batesville,8.6,12.0
Bath,15.1,20.9
Bath Springs,21.6,32.1
Battle Creek,15.0,21.5
Battle Ground,9.6,12.1
Battle Mountain,9.7,1.6
Bauxite,9.1,11.2
Bay City,36.7,56.7
Bay Port,14.1,22.7
Bayamon,35.6,49.5
Bayport,7.0,8.7
Beach,10.0,12.0
Beach Haven,11.3,20.0
Bealeton,5.6,6.7
Bear Creek,13.6,21.4
Beattyville,43.0,59.0
Beaufort,12.8,21.2
Beaumont,21.9,31.5
Beaverton,37.900000000000006,57.0
Bechtelsville,14.2,22.2
Becker,7.9,9.6
Bedford,17.4,22.3
Bee Branch,21.4,34.0
Beeson,21.9,34.2
Beeville,21.2,35.6
Bejou,12.9,21.8
Belden,16.2,21.4
Belgium,5.2,5.6
Bella Vista,18.0,23.5
Bellaire,14.5,24.7
Belle Plaine,5.7,6.6
Belleview,23.4,37.3
Belleville,18.2,28.3
Bellevue,18.5,22.9
Bells,16.2,22.9
Belmont,16.9,25.1
Belpre,16.4,21.5
Belvidere,26.6,41.5
Bend,19.4,28.2
Benicia,13.4,19.0
Benkelman,7.6,10.8
Bennett,7.7,8.7
Bennington,21.4,31.900000000000002
Benzonia,11.6,15.0
Berea,53.099999999999994,76.19999999999999
Berkeley Springs,12.9,14.3
Berlin Heights,12.4,19.0
Bern,12.9,21.4
Bernalillo,14.2,18.6
Berryton,12.6,14.2
Berthoud,12.9,16.5
Berwick,22.4,30.6
Bessemer,20.2,34.0
Bethlehem,23.200000000000003,32.8
Bethune,16.4,25.4
Beulah,44.800000000000004,61.699999999999996
Biddeford,9.8,11.5
Big Cabin,21.3,31.3
Big Pine Key,13.4,19.5
Big Rock,45.6,69.8
Big Sandy,46.0,66.9
Big Spring,3.4,0.0
Big Wells,18.9,26.0
Bighill,21.0,21.9
Biglerville,8.9,14.1
Billings,22.6,29.5
Billingsley,19.1,30.6
Binford,8.0,9.2
Bingen,15.2,25.4
Bird City,8.1,12.5
Birdsnest,23.0,39.3
Birmingham,18.8,27.8
Bisbee,14.0,25.6
Bishop,16.3,19.9
Bismarck,27.3,38.099999999999994
Black River,15.1,22.3
Black River Falls,15.1,23.9
Blacksburg,48.6,51.699999999999996
Blackstone,24.1,27.3
Blackwell,32.8,41.8
Blanchard,15.3,19.3
Blanchardville,10.8,16.2
Blanchester,26.6,36.3
Blanco,27.7,39.900000000000006
Bledsoe,20.0,23.7
Bloomery,20.7,31.4
Bloomfield,17.6,20.5
Bloomingdale,18.8,27.5
Bloomington Springs,25.2,31.8
Blountsville,16.7,27.2
Blue Mound,14.6,21.9
Blue Mountain,22.5,33.2
Blue Ridge,17.2,22.5
Blue River,15.4,17.3
Blue Springs,27.599999999999998,38.9
Bluff City,16.4,21.0
Bluff Dale,11.7,17.7
Bluffton,18.6,27.2
Bogart,13.7,15.6
Bogata,18.8,24.2
Boise,14.5,19.5
Bomont,28.2,30.0
Bond,10.8,14.3
Bonesteel,18.4,26.7
Bonita Springs,14.1,24.7
Bonners Ferry,15.3,18.2
Boone,31.4,21.8
Boones Mill,14.9,24.6
Boonville,20.3,34.2
Boston,60.3,81.9
Boswell,18.3,23.1
Boulder,18.0,21.4
Bouton,6.5,6.6
Boutte,11.8,15.0
Bovina,17.2,27.6
Bowie,41.8,63.599999999999994
Bowlegs,21.7,28.8
Bowling Green,33.1,37.1
Bowman,7.4,5.1
Box Elder,21.2,26.5
Boyertown,6.6,7.5
Bozeman,13.2,10.7
Bracey,42.0,63.7
Brackenridge,13.0,18.1
Brackettville,17.8,27.1
Bradenton Beach,15.2,25.5
Bradford,30.6,46.2
Bradgate,14.2,19.3
Bradleyville,19.0,27.7
Brady,18.8,27.0
Braidwood,7.9,11.2
Branchville,13.0,16.5
Brandon,17.0,23.3
Brandy Station,9.3,10.7
Brasstown,21.1,33.2
Braxton,10.0,11.3
Brazil,16.0,20.7
Breaux Bridge,17.9,28.9
Breckenridge,35.2,56.0
Breda,8.2,7.9
Breeding,25.1,31.6
Bremen,12.1,15.9
Bremo Bluff,6.6,6.0
Bremond,22.0,34.4
Brenham,25.0,39.2
Brewerton,15.4,22.5
Briceville,17.9,30.1
Bridgeport,16.3,23.8
Bridgeton,17.9,26.1
Bridgeville,19.5,23.8
Bridgewater Corners,11.0,14.0
Brierfield,16.8,27.9
Brighton,13.6,18.5
Brightwood,12.4,16.1
Briscoe,12.3,22.2
Bristol,67.7,101.1
Bristow,33.8,43.2
Broadus,9.3,6.6
Broadview,37.4,55.1
Brocket,10.1,14.0
Broken Bow,25.3,34.3
Bronston,26.3,35.6
Bronx,30.7,42.5
Brookesmith,18.3,30.2
Brookings,16.3,9.3
Brooklyn,33.9,47.2
Brooks,10.4,13.6
Brooksville,15.9,25.8
Brookville,14.6,23.1
Broomfield,8.5,11.8
Browns Valley,10.2,14.3
Brownsville,33.8,47.5
Brownton,8.1,11.8
Brunswick,30.9,43.099999999999994
Brusly,19.4,29.1
Brutus,18.2,30.1
Bryan,27.9,24.3
Buchanan,47.6,66.5
Buckatunna,27.2,39.3
Buckhannon,18.1,27.3
Buckholts,17.4,26.4
Buena Vista,37.099999999999994,51.8
Buffalo,41.599999999999994,45.699999999999996
Buford,18.4,27.6
Buhl,19.4,29.2
Bullhead City,19.8,30.8
Bullock,25.1,37.0
Buna,17.0,24.2
Buncombe,17.2,21.7
Burbank,27.6,21.0
Burgaw,18.5,24.9
Burley,17.4,27.7
Burlington,40.4,45.3
Burlington Junction,28.6,28.9
Burns,16.3,23.9
Burnsville,16.4,27.0
Burton,19.8,31.0
Burwell,24.5,21.9
Bushnell,13.6,15.1
Bussey,9.9,12.1
Butte,31.1,34.6
Butternut,11.3,11.6
Byhalia,9.8,12.6
Byrdstown,16.1,24.5
Byron,39.099999999999994,57.900000000000006
Cabins,15.4,19.8
Cadiz,17.8,32.3
Caguas,38.0,50.9
Cairo,49.5,80.3
Caldwell,19.9,33.7
Caledonia,14.8,18.8
Calhoun,34.9,53.599999999999994
Calhoun City,25.9,38.9
Caliente,13.1,20.1
Call,12.9,17.1
Calumet,21.4,18.0
Calvin,18.1,24.7
Camarillo,11.1,16.1
Cambria,12.2,20.3
Cambridge,36.8,52.3
Camden,59.300000000000004,79.9
Cameron,15.0,26.5
Camilla,28.7,40.5
Camp Douglas,14.3,19.8
Camp Hill,8.8,12.2
Campbellsburg,15.2,22.7
Campbelltown,11.3,17.3
Campton,43.6,51.1
Camuy,48.6,63.8
Canandaigua,10.4,13.5
Candor,50.8,77.5
Cannelburg,13.2,17.5
Cannon Beach,15.8,22.3
Canovanas,43.8,55.4
Canton,43.6,61.7
Cantwell,12.7,5.6
Cape Coral,16.1,26.9
Carey,10.4,20.4
Carlyle,8.9,11.4
Carmel,5.3,4.8
Carolina,30.5,45.3
Carpenter,24.5,30.5
Carrabelle,20.3,29.9
Carrington,9.6,12.3
Carrollton,11.7,19.7
Carson,49.199999999999996,63.5
Carson City,16.8,25.5
Cartersville,36.3,59.5
Carthage,68.8,100.69999999999999
Cartwright,13.7,20.4
Cascade Locks,14.3,23.5
Casco,8.9,13.3
Cassatt,16.8,23.5
Castalia,15.8,19.9
Castell,14.3,21.4
Castleford,15.8,20.1
Cataldo,13.0,16.5
Cataula,9.3,12.0
Catoosa,10.9,14.7
Cave City,21.8,32.0
Cayce,14.2,20.8
Cayey,41.5,49.8
Cayuga,12.9,14.4
Cecil,25.1,30.4
Cedar Bluff,20.7,26.4
Cedar Falls,17.6,27.5
Cedar Valley,13.2,12.0
Ceiba,43.3,57.8
Centenary,27.8,42.9
Center,35.3,55.8
Center Harbor,10.5,18.2
Centerview,17.0,16.9
Centerville,48.8,62.300000000000004
Central,20.0,20.0
Central Bridge,12.9,18.5
Central City,7.4,3.5
Centralia,18.6,31.0
Centreville,6.0,7.6
Ceres,20.3,28.2
Ceresco,9.7,16.4
Chadwick,12.6,19.9
Challis,19.2,18.0
Chamberlain,15.4,21.1
Chambers,7.2,9.3
Chapel Hill,15.8,13.9
Chapin,17.1,22.4
Chapmansboro,13.8,18.7
Chapmanville,19.7,23.8
Chappell,12.9,27.2
Charleston,52.599999999999994,79.5
Charlo,22.6,32.8
Charlottesville,25.8,20.7
Chase,30.7,47.7
Chateaugay,20.3,29.9
Chatfield,14.7,11.9
Cherokee,79.60000000000001,134.0
Cherryvale,18.6,30.7
Chesapeake,9.7,14.6
Chester,39.699999999999996,55.400000000000006
Chester Gap,9.8,11.3
Chesterland,7.5,11.9
Cheyenne,10.1,13.8
Cheyenne Wells,8.6,4.7
Chicopee,17.5,27.2
Chicora,13.0,20.0
Chiefland,22.0,36.7
Chili,16.2,24.2
Chillicothe,31.400000000000002,40.4
Chilton,7.0,10.7
Christiana,12.4,14.8
Christmas Valley,18.6,20.1
Church Hill,19.1,29.0
Ciales,59.5,69.7
Cibolo,9.8,13.7
Cidra,39.2,47.6
Cincinnati,18.3,26.8
Cincinnatus,14.7,15.3
Cisco,18.2,19.9
Claremont,30.2,37.5
Clarence,37.7,43.5
Clarendon,17.7,32.6
Clark,15.9,24.3
Clarks Mills,13.5,22.4
Clarksdale,9.0,6.9
Clarkson,11.6,13.9
Clarkston,15.2,20.2
Clay City,13.8,23.1
Clayton,80.2,112.2
Cle Elum,22.2,17.1
Clearbrook,16.9,25.3
Cleveland,72.20000000000002,99.0
Clifford,13.0,17.4
Clifton,25.9,42.5
Clifton Forge,17.0,24.7
Clinton,15.0,21.0
Clio,26.7,45.3
Cloquet,13.7,15.7
Clover,13.5,18.0
Cloverdale,17.4,22.7
Cluster Springs,19.2,25.5
Coahoma,15.6,22.1
Coal City,9.1,10.5
Coalgate,20.7,30.5
Coamo,49.4,60.4
Coats,12.3,17.9
Coatsville,21.2,33.7
Coeburn,21.4,32.4
Coffeeville,22.3,34.8
Colby,9.7,4.7
Cold Brook,14.6,22.2
Coldwater,17.5,23.0
Colebrook,14.1,21.7
Coleman,34.0,51.9
Collierville,13.9,21.8
Collins,29.2,41.7
Collinston,28.5,42.0
Collison,18.8,29.1
Colonial Heights,11.4,16.9
Colorado City,11.5,10.8
Colt,24.8,36.7
Columbia,29.200000000000003,39.4
Columbia City,8.0,11.4
Columbia Falls,13.3,18.2
Columbiaville,10.6,15.4
Columbus,49.4,67.6
Columbus Grove,5.8,6.4
Comanche,15.3,21.0
Comer,15.9,23.6
Comerio,60.0,73.7
Comfort,7.8,12.3
Comfrey,16.8,23.2
Comins,19.8,30.1
Commerce,46.8,65.9
Commiskey,15.9,22.5
Concord,25.8,41.099999999999994
Concrete,16.0,23.3
Conehatta,22.6,34.0
Conley,25.1,37.8
Connellsville,19.3,31.5
Conover,14.4,20.8
Conrad,20.9,27.2
Conroe,12.0,17.0
Converse,17.8,25.4
Conway,46.2,81.2
Conway Springs,12.4,16.3
Cook Station,21.0,26.3
Coon Valley,16.0,25.1
Cooper,12.6,18.1
Coquille,18.3,25.2
Cora,8.1,10.4
Corinth,35.4,48.2
Cornersville,16.2,25.3
Corning,19.8,27.6
Cornish,9.7,12.7
Corsica,8.6,8.9
Cortez,17.9,31.3
Corunna,29.0,42.8
Corwith,8.5,12.6
Cosby,41.400000000000006,61.4
Coshocton,16.1,24.2
Cost,20.3,29.6
Cotopaxi,17.4,29.4
Cotter,15.9,25.7
Cotton Center,23.0,34.7
Cottonwood Falls,13.8,17.9
Cotulla,15.6,29.0
Couch,26.3,39.4
Coulee City,14.8,23.9
Council,12.9,16.0
Coupeville,9.6,13.9
Courtland,22.8,30.5
Cove City,15.6,26.1
Covington,95.2,137.7
Coxsackie,12.9,17.5
Coy,37.7,49.9
Crab Orchard,28.3,39.3
Craigsville,21.4,36.3
Craigville,16.3,27.3
Crane,26.1,36.1
Crawford,14.5,20.9
Crawfordsville,12.2,19.4
Crawfordville,58.5,102.30000000000001
Crayne,21.9,29.9
Crenshaw,39.5,60.8
Creole,9.7,9.7
Cresco,12.5,16.1
Crestline,16.4,25.7
Creston,27.299999999999997,40.0
Creswell,21.8,31.2
Cromwell,22.0,35.6
Crook,16.9,26.2
Cropwell,16.0,22.3
Crossville,18.7,25.2
Crowell,26.3,30.0
Crowley,12.1,17.7
Crown Point,17.9,29.4
Crystal Spring,12.2,16.4
Crystal Springs,27.2,41.1
Cub Run,24.9,31.4
Cuba,14.2,18.4
Culbertson,45.2,60.9
Culebra,45.5,56.3
Cullman,18.5,25.0
Cumberland,31.2,42.0
Cumberland Center,11.6,14.9
Cumberland Gap,21.9,28.9
Currie,9.2,12.5
Cushing,37.7,49.900000000000006
Cusseta,33.1,47.5
Cut Bank,33.2,40.0
Cutler,17.2,27.3
Cuyahoga Falls,14.8,21.7
Cynthiana,11.1,16.9
Cypress,36.7,52.7
Daggett,16.2,30.4
Dahlonega,14.2,16.2
Dailey,17.0,21.5
Daisy,27.7,42.3
Dakota City,12.2,19.2
Daleville,59.0,88.69999999999999
Dalhart,23.4,34.8
Dalton,13.0,19.7
Damon,11.2,14.6
Dana,13.2,20.2
Danville,63.3,87.6
Darlington,14.2,23.8
Datto,21.8,31.5
Davidson,14.0,21.1
Davis,14.9,24.3
Dawson Springs,37.3,59.1
Dawsonville,30.4,52.9
Dayton,56.7,85.1
De Borgia,17.2,33.2
De Mossville,15.3,23.0
De Queen,22.1,33.4
De Smet,10.1,12.0
De Soto,12.8,16.8
Dearborn,18.1,26.5
Deary,21.6,17.1
Decatur,36.900000000000006,51.8
Decorah,19.0,24.200000000000003
Dedham,6.6,6.7
Deer Island,13.6,19.3
Deer Lodge,22.7,33.5
Deer Park,19.1,25.7
Deer Trail,7.0,11.2
Deerfield,12.9,13.9
Defuniak Springs,17.1,29.1
Delcambre,17.8,22.7
Delta,29.8,44.599999999999994
Deltona,17.4,27.0
Deming,29.6,39.0
Denhoff,15.6,24.5
Denmark,28.2,42.4
Dennis,8.7,13.5
Denver,31.8,47.5
Denver City,23.5,25.6
Depew,15.5,22.1
Derry,5.5,7.3
Detroit,25.0,36.9
Devol,17.3,23.1
Dewy Rose,40.9,55.9
Dexter,50.2,56.50000000000001
Diaz,26.8,45.0
Dickinson,31.4,34.7
Dilley,22.1,29.5
Dillon,13.7,19.6
Dingmans Ferry,9.9,14.6
Dinwiddie,14.8,19.1
Disputanta,20.5,28.7
Divide,7.5,9.5
Dixfield,17.5,25.1
Dixon Springs,17.3,20.7
Dodge,23.4,32.9
Dodson,54.099999999999994,72.9
Dolliver,13.6,17.8
Donaldsonville,11.8,15.6
Donnelly,15.0,14.9
Doon,7.3,9.3
Dorado,74.0,91.5
Doswell,6.0,7.9
Dothan,33.9,50.5
Douglas,25.5,35.6
Douglass,24.6,31.8
Douglasville,16.4,22.0
Dove Creek,21.5,29.8
Dover,20.7,29.2
Dow City,19.8,30.9
Downsville,28.1,50.7
Doyle,19.6,25.2
Doylesburg,11.7,18.4
Drakes Branch,20.5,27.2
Drewsey,17.8,27.5
Driscoll,7.6,8.5
Drummond,11.6,19.6
Dry Branch,27.7,30.4
Dryden,20.2,25.9
Du Bois,19.4,35.5
Duck Hill,29.6,50.0
Dudley,27.5,38.9
Duke Center,17.2,24.8
Dulce,23.7,30.6
Duluth,16.0,18.6
Dumont,14.4,23.5
Dundee,34.1,44.8
Dunellen,8.8,11.5
Dunn Center,12.6,15.3
Dunning,19.2,25.9
Dupree,39.5,47.2
Durand,13.1,20.3
Durango,16.5,16.9
Durant,43.4,60.9
Durham,18.0,25.7
Dustin,18.6,27.5
Dutch John,7.2,3.4
Eagle,12.3,13.7
Eagle Pass,26.7,34.9
Eagle River,10.4,14.2
Earle,44.2,62.099999999999994
Earling,11.2,13.2
East Concord,15.0,23.1
East Jordan,12.3,16.6
East Nassau,12.4,19.3
East Peoria,8.7,11.6
East Prairie,29.2,43.8
East Stone Gap,22.4,31.7
Eastsound,11.6,19.6
Eastview,14.3,22.7
Eaton,14.0,20.1
Eatonton,16.4,22.7
Eau Claire,10.1,11.6
Ebro,21.5,34.2
Echola,19.1,25.5
Eckert,16.3,23.9
Edelstein,17.2,25.3
Edgartown,11.7,19.9
Edgemont,27.1,41.3
Edgerton,11.4,14.6
Edgewood,32.3,46.1
Edinburg,6.4,7.3
Edison,11.7,17.2
Edon,14.9,22.8
Edson,19.0,26.9
Egegik,16.8,23.5
Ekalaka,11.8,14.3
El Cerrito,10.9,14.0
El Paso,63.099999999999994,95.5
El Reno,7.3,9.1
Eldorado,37.0,53.599999999999994
Eldridge,12.1,17.2
Electra,9.9,12.1
Electric City,17.9,22.8
Elfrida,17.9,24.9
Elgin,26.1,38.7
Elizabeth,16.5,21.9
Elizabeth City,27.1,43.5
Elk City,19.0,26.3
Elk Horn,33.4,48.2
Elk Park,15.4,16.3
Elkhart,16.1,23.7
Elkton,19.3,30.0
Ellabell,13.6,19.4
Ellaville,23.4,33.3
Ellenboro,38.1,61.4
Ellendale,12.6,21.6
Ellinger,12.4,18.9
Elliott,13.9,22.7
Elliottville,26.0,34.7
Ellsinore,21.3,27.7
Ellsworth,21.6,26.1
Ellwood City,15.2,24.3
Elm City,23.1,38.3
Elm Creek,15.3,22.4
Elmendorf,17.4,24.9
Elmira,15.8,22.2
Elmo,11.2,15.3
Eltopia,18.3,27.6
Ely,11.5,18.1
Emmetsburg,10.7,16.8
Emory,11.0,18.3
Empire,24.5,28.5
Emporia,34.9,52.6
Encampment,15.3,19.4
Enders,8.9,14.3
Endicott,21.4,27.6
Energy,23.2,40.2
Enfield,39.9,54.099999999999994
Engadine,15.9,25.5
Englewood,18.9,25.2
Englishtown,7.5,9.9
Enigma,26.2,32.6
Ennice,18.4,26.2
Enochs,19.0,25.8
Enola,15.5,16.8
Enterprise,57.0,85.2
Epping,10.1,12.6
Epps,38.4,53.4
Epworth,23.1,35.3
Equality,15.6,20.1
Erbacon,47.1,63.3
Erick,13.0,12.3
Ericson,10.2,7.2
Erie,18.6,29.7
Erlanger,14.6,23.0
Escalante,7.9,10.0
Esom Hill,21.5,31.6
Essex,9.4,12.1
Essig,7.8,8.1
Ethan,12.0,10.1
Ettrick,10.7,16.0
Eudora,52.4,72.8
Eufaula,21.1,29.3
Eupora,22.7,30.0
Eutaw,40.2,67.0
Evans,16.4,25.1
Evansville,26.6,36.900000000000006
Evant,13.8,19.8
Everson,16.0,16.8
Everton,19.9,28.2
Ewing,25.4,39.9
Fairbanks,8.1,9.9
Fairbury,11.6,17.6
Fairfax,7.0,3.9
Fairfield,35.900000000000006,52.1
Fairmont,29.2,43.7
Fairplay,7.3,8.1
Fairview,14.1,18.3
Faith,13.6,13.1
Falfurrias,39.6,57.8
Fall Branch,18.1,23.9
Fallon,15.9,20.8
Falls Church,2.7,2.8
Falmouth,16.8,24.4
Fannin,18.6,30.7
Fanwood,10.9,15.4
Farber,18.5,28.5
Faribault,11.4,16.0
Farina,18.0,30.6
Farmersville,14.8,19.7
Farmington,20.1,26.0
Farmland,18.0,27.4
Farnsworth,13.7,15.9
Federalsburg,32.3,53.4
Felt,10.8,15.7
Ferdinand,10.8,15.5
Fernandina Beach,12.9,19.1
Fernley,16.5,22.0
Fernwood,16.6,21.8
Ferriday,30.5,43.8
Fertile,13.1,17.4
Festus,14.3,21.1
Fieldton,23.5,35.0
Firebaugh,26.8,38.2
Fischer,8.8,13.0
Fish Camp,15.1,19.6
Flandreau,14.3,20.2
Flemington,18.5,23.1
Fletcher,21.2,34.1
Flintville,16.7,24.5
Florence,29.1,39.5
Florida,55.9,66.2
Fluker,22.2,31.4
Flushing,20.9,31.4
Folkston,17.2,20.7
Fond Du Lac,9.2,12.4
Fontana Dam,21.9,29.4
Ford,18.0,25.0
Forest,23.6,37.3
Forest City,42.8,59.0
Forest Hill,17.6,21.3
Foristell,15.0,22.3
Forrest City,27.3,36.0
Fort Bragg,20.4,28.1
Fort Buchanan,26.9,36.9
Fort Collins,13.7,12.3
Fort Davis,5.7,2.2
Fort Johnson,17.1,24.3
Fort Lauderdale,14.5,19.9
Fort Morgan,11.6,16.0
Fort Pierce,18.3,28.1
Fort Plain,20.6,32.4
Fort Scott,19.2,28.7
Fort Stewart,17.7,22.9
Fort Valley,29.4,42.0
Fort Wayne,15.8,23.5
Fortine,18.6,23.7
Fortuna,21.4,23.7
Fouke,20.3,29.3
Fountain,63.6,88.1
Fountaintown,12.2,16.8
Fowler,25.700000000000003,36.900000000000006
Francis,18.5,24.4
Frankfort,14.1,21.3
Franklin,130.4,183.89999999999998
Frankston,18.8,30.0
Frazer,12.0,19.4
Frederick,6.8,9.3
Fredericksburg,29.8,40.9
Fredonia,22.4,30.400000000000002
Fremont,12.5,15.2
French Village,19.3,25.9
Friendly,19.8,29.7
Frisco,8.8,10.1
Fritch,20.1,31.5
Frost,13.5,22.6
Fulda,15.6,22.4
Funk,7.9,9.3
Gackle,9.5,9.1
Gadsden,19.7,31.7
Gainesville,24.3,23.5
Galax,26.8,48.1
Galena,27.8,41.3
Galloway,9.4,14.0
Gallup,37.5,44.2
Galt,11.1,15.2
Galva,11.2,15.6
Garden,17.2,24.5
Garden City,15.5,22.0
Gardiner,12.3,9.4
Garfield,33.8,57.6
Garland,28.8,40.5
Garyville,18.2,26.5
Gasquet,21.8,29.0
Gastonia,17.4,25.7
Gates,26.7,35.3
Gatzke,7.9,8.8
Gaylesville,19.2,30.1
Genesee,26.9,35.8
Geneseo,9.0,7.8
Genoa,13.8,15.0
Genoa City,13.5,16.7
Georgetown,21.0,36.0
Georgiana,31.4,40.2
Gepp,19.9,35.8
Gettysburg,5.1,0.9
Gibbon,10.7,17.9
Gilbertown,23.4,34.4
Gillette,7.2,8.4
Gillsville,16.6,23.1
Gilman,26.3,34.6
Gilman City,17.5,25.8
Girard,25.2,35.9
Girvin,12.0,13.5
Gladeville,10.1,13.7
Glen Allan,36.0,52.5
Glencoe,25.9,24.7
Glennallen,10.9,8.9
Glenrock,9.4,11.6
Glenwood,45.099999999999994,60.9
Gloster,32.3,52.4
Glyndon,12.7,12.5
Goessel,11.4,14.1
Goetzville,18.9,28.6
Gold Creek,13.8,28.4
Golden City,24.2,36.1
Golden Valley,8.2,7.9
Goldfield,17.1,15.1
Goldsboro,22.3,35.6
Good Hope,23.0,19.9
Goodhue,11.2,17.1
Goodlettsville,12.0,16.7
Goodview,9.7,12.8
Goose Creek,13.9,19.9
Gordo,25.0,35.2
Gordon,17.7,26.2
Gordonsville,12.1,22.0
Goshen,26.700000000000003,41.3
Gosport,15.1,21.7
Gouldbusk,22.6,41.1
Gouldsboro,29.3,45.3
Gouverneur,19.4,27.5
Gove,8.2,9.7
Grace,8.3,4.9
Graham,39.099999999999994,58.8
Granby,14.5,18.6
Grand Forks,17.5,17.1
Grand Isle,18.5,25.7
Grand Ledge,26.9,32.4
Grand Marais,11.4,22.1
Grand Rapids,26.700000000000003,38.099999999999994
Grand Valley,12.2,19.9
Granite Falls,12.2,20.2
Grant,14.0,21.3
Grants,29.3,45.5
Grantsville,7.2,6.8
Granville Summit,13.6,20.3
Grapeview,17.2,26.3
Grasston,28.799999999999997,42.0
Gravois Mills,41.3,58.400000000000006
Graysville,12.5,17.0
Greeley,10.0,12.9
Greeleyville,55.0,77.3
Green Castle,19.2,25.4
Green City,16.6,20.0
Green River,11.5,17.0
Green Springs,16.9,27.2
Greenbush,15.2,21.4
Greene,8.4,10.7
Greenfield,48.1,66.4
Greenleaf,19.4,26.1
Greenmountain,41.2,65.0
Greensboro,12.5,18.0
Greensburg,21.6,30.7
Greenville,97.19999999999999,139.5
Greenwich,17.0,26.7
Greenwood,90.9,139.2
Grey Eagle,14.7,23.2
Griffithsville,27.3,43.0
Grifton,23.2,36.2
Grimes,15.0,22.2
Grinnell,6.6,12.2
Groom,14.2,14.899999999999999
Grosse Tete,19.1,24.8
Groveport,12.6,18.2
Grover Hill,12.8,18.2
Groves,19.9,29.7
Gruver,17.1,25.0
Guanica,112.7,128.89999999999998
Guayama,53.0,65.0
Guilford,20.9,33.5
Gunnison,40.3,53.8
Guntown,18.8,26.6
Gurabo,47.4,55.2
Gurley,11.6,19.0
Guttenberg,12.2,15.8
Hadley,14.7,12.9
Hagarville,22.1,33.6
Hagerstown,34.0,53.0
Hague,13.3,14.0
Haiku,11.0,14.0
Haines,5.3,4.3
Haleyville,20.1,25.7
Hamer,57.3,84.3
Hamill,20.4,30.9
Hamilton,56.6,75.69999999999999
Hamilton City,20.8,27.3
Hamlin,9.8,11.8
Hampshire,19.6,24.3
Hampstead,5.6,6.9
Hampton,24.0,36.9
Hanalei,10.7,12.5
Hanover,33.8,44.699999999999996
Hanston,4.6,5.2
Hardeeville,23.5,39.3
Hardesty,13.0,18.2
Hardin,41.8,56.2
Harlem,25.4,41.2
Harold,30.0,43.4
Harpers Ferry,11.6,15.7
Harrell,17.8,23.2
Harrellsville,25.6,38.6
Harrietta,17.4,26.7
Harrington,15.3,22.7
Harrisburg,50.3,61.2
Harrison,18.8,27.3
Harrisonburg,43.6,38.9
Harrisonville,9.9,14.3
Harrodsburg,18.3,27.5
Harrold,28.0,39.5
Hart,17.2,31.4
Hartford,23.2,40.2
Hartland,35.0,49.0
Harvey,25.6,32.0
Hastings,25.8,40.1
Hatillo,44.7,56.5
Hattiesburg,44.5,55.2
Haughton,14.3,19.9
Haviland,15.5,20.3
Hawkins,16.0,26.1
Hawkinsville,19.2,34.6
Hawley,12.9,19.0
Hawthorne,28.7,45.8
Hay Springs,17.8,15.6
Hayes,8.2,6.6
Hayes Center,6.3,2.4
Haymarket,6.7,9.8
Hazelton,11.3,6.3
Hazen,21.4,30.5
Head Waters,12.6,21.5
Healy,9.0,8.9
Heath,12.7,20.1
Hebbronville,17.5,15.3
Hebron,8.2,11.2
Heflin,20.4,28.3
Helena,22.5,33.2
Hemingford,29.5,44.3
Hemphill,27.4,49.9
Henderson,19.0,28.4
Hendersonville,13.8,20.0
Henley,12.9,17.7
Hennepin,15.1,21.7
Henry,10.3,9.1
Hensley,12.0,16.5
Heppner,16.5,25.7
Hereford,17.1,23.7
Hernando,17.4,30.4
Heron Lake,10.8,16.7
Herron,17.2,25.0
Herscher,16.1,23.3
Hershey,12.8,18.2
Hesperia,20.4,31.6
Hesston,7.2,9.4
Hestand,27.7,43.1
Hickman,43.7,58.8
Hickory,15.5,23.2
Hicksville,13.4,20.4
Hico,24.4,23.8
Hidalgo,9.2,10.0
Higgins,9.2,10.8
High Bridge,4.4,5.0
High Point,15.9,23.6
High Springs,22.8,35.2
Hilham,26.8,44.4
Hill,9.1,12.3
Hilliard,17.5,24.8
Hillsboro,10.5,12.9
Hillsdale,11.7,16.8
Hilo,19.5,29.6
Himrod,14.4,21.5
Hines,18.8,23.6
Hinsdale,30.1,44.599999999999994
Hitchins,17.6,24.2
Hiwassee,13.5,17.4
Hixson,16.0,23.6
Hobbs,15.0,21.8
Hobson,14.1,19.0
Hoffman,9.1,12.4
Hokah,11.0,17.3
Holbrook,14.6,23.7
Holcomb,44.7,64.3
Holden,39.8,55.0
Holdingford,11.3,12.3
Holland,25.1,35.1
Holly,19.0,26.7
Holly Ridge,14.6,19.8
Holly Springs,11.3,15.2
Holmen,14.8,13.6
Holt,22.4,25.8
Holyoke,15.3,18.7
Homer,17.6,26.4
Honey Grove,13.2,20.5
Hooper,28.9,36.5
Hope,74.9,110.4
Hope Valley,9.9,12.0
Hopewell,19.0,29.0
Hormigueros,37.4,49.0
Hornbeak,20.6,30.1
Hornell,16.3,24.6
Horner,20.6,32.8
Horse Cave,20.4,28.5
Horseshoe Beach,21.1,24.1
Hosford,18.4,16.8
Hoskins,13.6,12.2
Hosmer,12.3,4.1
Houma,19.5,27.2
Houston,44.3,65.5
Hoven,11.6,18.9
Howard,33.6,47.8
Howells,13.3,18.4
Hudgins,7.0,11.2
Hudson,17.4,20.7
Hughes Springs,18.7,27.7
Hughesville,22.4,33.599999999999994
Hugo,7.7,10.4
Hugoton,19.1,28.2
Hulett,5.0,5.6
Hume,18.5,25.7
Humeston,20.6,26.4
Humphrey,25.5,39.3
Hunnewell,14.7,26.2
Hunter,10.4,15.3
Huntersville,15.2,20.5
Huntley,7.9,10.8
Huntsville,59.7,73.8
Huron,10.4,11.0
Hurt,16.1,25.3
Huson,16.0,13.9
Hutchinson,14.7,18.1
Hyannis,13.3,14.6
Hyde Park,11.8,17.6
Hydro,16.7,16.8
Hymera,18.7,28.0
Idaho Falls,13.2,16.9
Idlewild,28.7,49.2
Ignacio,11.7,22.8
Ilwaco,19.2,30.2
Imogene,11.0,17.6
Imperial,24.0,31.0
Inchelium,22.0,24.7
Independence,14.6,18.9
Indiahoma,17.6,24.3
Indianapolis,21.1,31.8
Indianola,46.1,67.30000000000001
Ingalls,10.0,13.8
Ingram,15.9,23.5
Interior,33.3,42.7
Interlochen,11.0,13.5
Inver Grove Heights,7.7,10.6
Ione,21.5,29.7
Iowa,21.1,26.3
Iowa City,17.9,13.6
Iron Mountain,13.8,14.7
Irons,16.9,29.3
Irvine,29.3,39.3
Ivins,15.0,20.9
Jackson,124.4,164.39999999999998
Jacksonville,67.9,109.3
Jameson,16.7,22.6
Jamestown,18.8,24.5
Janesville,15.0,23.2
Jaroso,23.7,40.4
Jarratt,19.7,27.8
Jarvisburg,10.3,13.6
Jasper,83.3,130.3
Jayton,9.6,24.8
Jayuya,57.8,66.2
Jean,15.7,22.7
Jefferson,62.6,90.9
Jeffersonville,8.7,11.8
Jenkinsville,24.4,36.3
Jennings,25.0,37.5
Jerome,19.4,22.7
Jersey,34.5,54.1
Jersey City,17.5,26.5
Jesup,20.3,23.5
Jewett,17.3,29.6
Johnson,13.899999999999999,13.399999999999999
Johnson City,64.0,89.80000000000001
Johnson Creek,10.6,14.7
Johnston City,15.0,21.9
Johnstown,15.2,24.5
Jones,18.2,26.8
Jonesboro,40.4,58.900000000000006
Jonesville,23.3,32.3
Jourdanton,16.4,24.9
Judsonia,19.0,21.7
Juncos,34.1,37.3
Junction,20.6,30.2
Junction City,10.5,12.5
Juneau,15.799999999999999,23.3
Kadoka,16.8,22.7
Kahuku,9.7,12.8
Kansas City,40.400000000000006,58.7
Karbers Ridge,20.7,25.9
Karnak,18.3,26.5
Katy,8.2,11.2
Kaukauna,8.9,11.7
Kearney,13.1,13.2
Keatchie,26.4,39.4
Keenes,17.0,26.2
Kelley,22.7,11.8
Kellyton,22.5,40.2
Kelso,17.5,24.2
Kemah,13.9,20.0
Kemp,14.0,18.0
Kempner,14.6,22.7
Kenai,10.0,11.8
Kendrick,13.1,16.8
Kenilworth,15.3,18.2
Kennard,16.7,24.0
Kennedy,37.2,55.5
Kennett,28.9,42.1
Kensington,14.8,22.3
Kent,31.299999999999997,43.0
Kenton,36.599999999999994,57.5
Keo,12.4,16.3
Keota,19.8,25.6
Kermit,13.9,17.9
Kernersville,17.6,25.1
Kewanee,10.7,13.9
Kilmarnock,11.0,16.2
Kinderhook,13.7,15.7
King And Queen Court Hous,13.4,31.7
King Ferry,12.0,17.7
King Salmon,7.2,8.4
King William,11.8,21.6
Kingfield,14.8,18.7
Kingman,12.2,15.8
Kingsland,20.8,31.5
Kingsport,17.5,26.9
Kingston,50.2,71.80000000000001
Kirksville,26.9,20.0
Kirkville,18.6,25.5
Kirkwood,15.0,22.4
Kissimmee,19.5,29.1
Kite,23.1,32.9
Klamath Falls,19.3,24.4
Klamath River,23.1,30.5
Klingerstown,13.1,19.6
Klondike,18.9,25.5
Knippa,19.9,29.1
Krakow,11.0,15.6
Kress,22.6,33.5
Krypton,25.4,29.3
Kulm,11.7,10.4
La Crosse,11.6,17.4
La Grande,18.6,22.9
La Junta,25.6,36.8
La Plata,66.30000000000001,90.1
La Pryor,33.4,45.8
La Push,15.0,22.4
Labelle,20.2,28.7
Lackey,6.4,8.2
Lacrosse,31.2,19.3
Lafayette,14.1,13.2
Lagrange,17.9,31.9
Lajas,59.3,69.0
Lake Ann,10.4,17.0
Lake Benton,9.3,7.2
Lake Butler,20.0,27.8
Lake George,12.0,17.5
Lake Minchumina,22.4,30.0
Lake Oswego,9.5,12.0
Lake Placid,19.4,31.0
Lake Village,13.7,23.6
Lake Wales,18.3,28.7
Lakeville,7.0,7.6
Lakota,9.0,14.5
Lamar,40.0,55.400000000000006
Lamesa,13.3,17.1
Lamont,24.6,36.900000000000006
Lampasas,16.0,26.8
Lancaster,18.7,27.4
Land O' Lakes,14.0,17.9
Landrum,17.5,25.4
Lane City,17.6,28.4
Lanesville,12.8,19.1
Lanexa,7.0,11.4
Langlois,16.6,17.8
Langtry,20.6,27.8
Lansing,20.7,30.4
Laquey,13.2,18.1
Laredo,31.8,42.9
Lares,58.3,64.3
Larose,14.8,20.6
Las Marias,58.0,72.8
Las Piedras,101.80000000000001,129.10000000000002
Laurel,28.400000000000002,38.2
Lavalette,20.6,31.4
Lavina,26.6,60.1
Lawndale,19.9,30.6
Lawrence,30.4,30.2
Le Roy,11.1,16.5
Le Sueur,9.1,11.8
Leadore,18.7,28.3
Leakesville,14.5,10.5
Leakey,16.6,26.6
Leasburg,40.8,61.8
Lebo,10.0,14.2
Ledger,37.0,42.2
Leeds,33.5,47.8
Leesburg,19.7,28.2
Leicester,18.1,24.6
Leitchfield,24.0,34.4
Lemoyne,8.0,0.7
Lena,36.9,53.7
Lenoir City,14.4,28.7
Lenore,25.8,36.7
Leonard,9.3,8.2
Leoti,9.9,8.1
Leroy,22.0,35.4
Leslie,23.6,30.7
Letcher,28.4,40.9
Letohatchee,28.5,39.9
Lettsworth,19.6,28.9
Levan,14.3,19.7
Lewis,11.7,17.9
Lewisport,15.8,27.1
Lewiston,15.6,14.9
Lewistown,11.5,13.9
Lexington,55.7,64.9
Liberty,27.0,35.7
Lidgerwood,5.8,5.5
Lima,26.4,37.0
Lincoln,52.099999999999994,64.5
Linden,31.700000000000003,45.4
Lineville,13.3,16.9
Linn,27.0,36.9
Linneus,17.9,24.3
Lisbon,15.4,23.8
Lisbon Falls,15.7,23.5
Litchfield,56.2,93.69999999999999
Lithonia,19.3,30.1
Little Eagle,45.6,56.9
Little Falls,16.7,25.3
Little Mountain,17.6,27.1
Little River,13.4,19.2
Little Suamico,9.4,12.5
Littlefork,15.2,18.1
Livingston,14.4,17.8
Loachapoka,23.8,24.0
Lockhart,19.3,24.3
Locust,17.7,25.1
Locust Grove,22.6,29.7
Locust Hill,9.5,14.5
Logan,34.5,46.0
Loiza,47.7,56.1
Lombard,7.4,10.3
Lonaconing,30.4,43.5
Long Beach,20.8,31.6
Long Branch,32.5,48.8
Long Pine,16.5,22.3
Longford,7.9,10.4
Longview,18.2,26.9
Longville,16.6,29.0
Lontetree,13.7,18.3
Lookout Mountain,15.2,21.1
Lorman,48.7,63.2
Los Angeles,18.2,25.8
Los Gatos,15.1,17.1
Lost City,13.5,18.9
Lost Creek,32.9,42.1
Louisiana,15.3,19.9
Louisville,16.4,24.2
Lovelady,25.0,41.6
Lubbock,19.4,23.4
Luck,15.6,23.2
Ludell,10.0,17.1
Lueders,19.1,19.6
Lufkin,19.4,30.0
Lulu,19.9,30.6
Lumberton,6.4,8.5
Luning,20.2,37.5
Luquillo,45.8,55.5
Luray,50.7,75.4
Lusk,14.9,19.4
Lutcher,18.0,27.9
Luverne,20.9,25.5
Lyford,39.0,49.2
Lyle,14.0,18.8
Lynchburg,75.4,105.60000000000001
Lyndhurst,16.9,22.6
Lyons,64.9,87.39999999999999
Lysite,14.2,20.9
Lytton,14.8,21.8
Macksburg,18.2,19.1
Macon,41.0,55.5
Madeline,16.4,23.6
Madison,53.900000000000006,78.3
Magnolia,68.10000000000001,100.3
Maiden,15.5,23.8
Malcom,10.4,9.1
Malvern,15.4,25.5
Mammoth Cave,19.2,16.5
Manakin Sabot,5.7,7.6
Manassa,18.3,19.8
Manassas,17.6,24.1
Manati,46.2,55.3
Mancelona,17.0,20.6
Mancos,10.6,10.2
Manhattan,22.5,11.5
Manitou,23.8,33.4
Mankato,15.5,26.9
Mannboro,11.6,17.4
Manokotak,18.1,24.6
Mansfield,52.3,63.3
Mansfield Center,7.0,6.6
Manville,17.7,26.2
Many,19.5,28.1
Maple Park,18.7,22.0
Maplewood,10.1,16.0
Marathon,13.5,10.6
Mardela Springs,15.9,20.0
Marengo,45.099999999999994,65.5
Margaretville,15.3,26.4
Maria Stein,8.4,10.0
Marianna,19.3,21.5
Maricao,64.2,81.6
Marienthal,6.6,5.7
Marienville,14.3,37.5
Marietta,41.7,53.5
Marine On Saint Croix,5.4,6.2
Marion,45.3,75.6
Marland,13.3,13.6
Marmaduke,17.8,22.8
Marmarth,10.1,8.3
Marshall,76.5,109.19999999999999
Marshallberg,15.0,24.5
Martha,22.7,26.5
Martin,29.599999999999998,43.1
Martinsville,23.6,29.1
Marysville,32.7,38.4
Maryville,13.3,17.5
Mason,21.799999999999997,34.900000000000006
Mass City,15.5,21.5
Matlock,8.3,11.2
Matthews,10.2,13.2
Mattoon,22.3,25.6
Mauk,21.3,29.1
Maunabo,55.9,68.8
Maxton,31.2,46.9
Maxwell,6.5,8.4
May,14.0,25.1
Mayaguez,50.7,59.3
Mayer,16.0,23.4
Mayesville,27.7,43.6
Mayo,20.3,23.3
Mayslick,42.1,66.5
Maywood,12.6,19.5
McAlpin,23.9,40.5
McClure,15.8,25.8
McColl,29.0,43.9
McCool,26.2,36.2
McEwen,15.9,22.3
McLeansboro,14.8,16.0
McLouth,7.5,9.3
McMechen,13.0,16.4
McMinnville,28.7,38.3
McNeill,21.5,32.3
Mcarthur,18.8,18.6
Mcdaniel,11.2,16.1
Meadows Of Dan,21.2,34.0
Meally,26.3,33.1
Means,29.9,47.6
Medford,12.5,16.4
Mediapolis,15.2,22.3
Medical Lake,15.9,19.6
Medicine Bow,26.9,21.5
Medicine Lodge,10.9,15.6
Medora,17.6,16.1
Meeker,12.1,14.8
Meherrin,21.0,22.8
Melbourne,32.1,49.4
Melrose,25.799999999999997,28.900000000000002
Melvin,24.5,43.400000000000006
Memphis,21.4,33.3
Mena,24.1,40.4
Menard,14.9,21.2
Mendenhall,26.1,38.7
Menno,13.3,15.4
Menomonie,15.1,14.6
Mentone,11.4,15.9
Mentor,10.7,11.9
Meraux,19.3,29.0
Meredosia,14.2,21.2
Meriden,9.1,11.1
Meridian,17.8,24.3
Merrill,10.2,12.4
Merrimack,8.8,11.7
Merry Point,11.3,13.0
Meta,19.2,30.4
Metter,31.8,46.7
Metz,22.1,16.4
Meyers Chuck,11.8,20.4
Miami,78.1,104.10000000000001
Michigamme,17.0,17.7
Middleton,18.9,27.1
Middletown,6.7,7.2
Midkiff,19.7,24.0
Midland,34.900000000000006,43.5
Midlothian,12.3,12.8
Midvale,18.3,26.7
Midville,31.4,46.4
Midway,30.2,43.6
Mikado,17.7,28.3
Milford,33.1,38.6
Mill Hall,16.4,25.3
Mill Spring,22.5,32.3
Millboro,7.7,3.4
Miller,8.2,11.1
Millersburg,13.6,20.1
Milligan,9.4,11.6
Mills,14.9,39.8
Millstone,5.0,6.0
Millwood,57.9,83.69999999999999
Milner,22.1,29.2
Milnor,10.8,13.4
Milton,125.20000000000002,181.79999999999998
Miltonvale,13.5,15.1
Milwaukee,21.5,31.8
Minden,47.2,70.5
Mineral,10.0,12.9
Mineral City,14.0,20.8
Mingo Junction,17.6,27.4
Minnesota Lake,19.1,14.6
Minong,13.1,20.7
Minot,7.5,9.5
Minter,35.0,53.8
Minturn,33.099999999999994,43.1
Mission,46.4,56.0
Mitchell,45.7,77.8
Moab,46.8,54.6
Moatsville,21.5,30.3
Mobile,19.3,28.1
Moca,54.3,60.6
Modale,9.9,11.9
Model,24.3,38.7
Mohall,7.4,9.0
Molena,12.2,15.9
Moline,14.9,23.9
Monarch,15.3,23.1
Monmouth,16.3,18.9
Monongahela,10.4,14.0
Monroe,57.8,81.39999999999999
Monroe Center,10.6,13.7
Monterey,42.0,62.0
Monterville,16.5,33.9
Montezuma,29.7,38.7
Montgomery,60.800000000000004,83.5
Monticello,102.9,142.29999999999998
Montross,10.5,11.6
Moore Haven,26.4,32.1
Moorefield,23.5,37.3
Moran,26.4,27.799999999999997
Morenci,13.7,17.7
Moreno Valley,16.8,23.3
Morgan,5.4,5.3
Morgantown,29.3,46.0
Morovis,50.3,63.8
Morris,18.4,9.5
Morrison,27.0,33.4
Morrisville,12.2,17.9
Morrow,23.2,31.9
Mosby,9.2,10.2
Moscow,28.6,43.7
Mosheim,20.5,32.1
Moss,23.5,26.4
Moss Point,15.4,19.9
Mossyrock,16.3,21.0
Moulton,18.7,24.6
Moultrie,26.8,39.2
Mound City,9.1,9.8
Mound Valley,17.8,23.6
Mounds,20.8,30.4
Mount Airy,19.7,26.8
Mount Ayr,10.6,9.5
Mount Berry,21.3,29.4
Mount Blanchard,11.8,14.0
Mount Carmel,12.5,15.7
Mount Eden,8.4,8.0
Mount Hermon,26.4,32.3
Mount Perry,18.6,28.1
Mount Pleasant,71.2,77.10000000000001
Mount Prospect,17.1,25.0
Mount Sterling,42.3,60.6
Mount Vernon,60.4,84.2
Mountain Home A F B,16.1,22.5
Mountain View,30.3,41.3
Mountville,20.9,35.3
Moweaqua,11.2,14.6
Mt Zion,18.4,28.4
Muenster,13.9,22.0
Mullen,18.9,29.9
Mullica Hill,8.1,10.1
Muncie,22.0,26.0
Muncy Valley,13.0,19.6
Mundelein,9.6,13.9
Munford,23.0,37.1
Murchison,16.9,26.1
Murdo,11.4,1.8
Murphysboro,30.5,32.3
Murrayville,33.3,52.9
Muscoda,15.0,19.4
Nahunta,21.0,24.7
Nancy,27.0,37.0
Nantucket,11.6,18.0
Naranjito,49.4,56.5
Nardin,18.3,25.9
Narrows,10.8,13.8
Nashville,18.2,29.7
Natchez,30.1,51.5
Natchitoches,29.2,37.3
Naylor,22.8,33.1
Nekoma,9.4,4.7
Nelson,11.4,13.0
Neopit,35.2,53.0
Neosho,21.7,30.4
Neshkoro,10.3,12.8
Nevada,18.8,30.5
Nevis,11.6,17.1
New Athens,5.0,8.5
New Bern,21.5,41.5
New Bloomington,18.8,28.6
New Boston,28.5,40.5
New Brighton,11.9,19.0
New Columbia,12.8,17.8
New Cumberland,16.2,29.2
New Ellenton,18.1,30.3
New Germany,4.4,4.4
New Harmony,21.0,22.9
New Holland,10.7,15.6
New Iberia,19.6,30.4
New Leipzig,9.6,16.5
New London,22.3,30.0
New Market,30.6,40.7
New Orleans,43.8,68.0
New Richland,19.1,25.700000000000003
New Rockford,13.7,17.4
New Salisbury,13.9,16.3
New Vienna,20.2,29.4
New York,17.9,24.6
Newark,62.3,89.0
Newaygo,18.2,26.3
Newberg,16.6,24.3
Newberry,19.5,36.1
Newburgh,9.9,17.2
Newbury,12.4,19.3
Newcastle,13.1,21.2
Newell,12.6,17.3
Newport,32.7,36.599999999999994
Newport News,15.7,24.1
Newton,10.0,15.0
Newtown,6.0,7.2
Nezperce,17.4,22.1
Niagara,21.3,24.3
Niagara University,13.7,19.9
Nicholasville,19.1,28.3
Nicollet,12.4,10.8
Nineveh,12.6,21.2
Niota,11.7,18.5
Noatak,23.8,30.2
Noblesville,21.8,30.6
Nodaway,16.8,27.3
Nolensville,5.1,6.2
Noma,27.8,40.3
Norcatur,8.5,9.3
Nordland,12.0,17.0
Norfolk,21.0,30.3
Normal,14.4,11.5
Norman,23.6,26.4
Normandy,17.1,24.1
Norphlet,20.4,31.8
Norris,45.3,72.3
North Augusta,16.4,22.3
North Beach,5.8,6.3
North Carrollton,20.6,30.8
North East,16.7,24.7
North Fairfield,13.5,19.8
North Hero,8.6,11.4
North Java,11.8,17.1
North Little Rock,17.6,26.0
North Platte,14.8,20.7
North Sioux City,5.3,3.7
North Washington,8.8,11.5
Northway,14.5,21.1
Northwood,7.3,9.2
Norton,24.0,36.4
Norwalk,6.8,9.4
Norway,23.5,34.9
Nottawa,17.2,26.7
Nowata,9.4,12.9
Oak,11.8,14.2
Oak Grove,45.7,70.5
Oak Vale,22.0,32.4
Oakhurst,23.5,33.6
Oakland,20.3,22.7
Oakley,16.0,21.2
Oakman,20.4,30.0
Oaktown,15.9,23.5
Oakwood,16.6,22.7
Oberlin,14.4,22.7
Ochlocknee,30.7,48.8
Odem,15.3,21.2
Odessa,13.0,17.1
Odonnell,1.4,0.0
Ogallala,11.6,18.8
Ogden,13.0,16.8
Ogdensburg,10.4,16.0
Okeechobee,27.7,41.5
Oktaha,22.2,32.0
Old Glory,19.5,30.7
Oldenburg,10.6,11.7
Oldham,10.4,17.4
Olla,21.6,29.8
Olpe,21.5,25.2
Omaha,74.4,113.5
Onawa,13.9,22.7
Oneida,55.8,69.7
Opelika,21.0,30.1
Oquawka,9.9,19.7
Orange,15.5,20.2
Orange Grove,22.3,31.6
Orangeville,17.3,29.9
Ordway,16.6,16.3
Ore City,13.5,19.0
Orient,16.4,3.2
Orleans,46.3,75.0
Orma,17.7,20.7
Orocovis,110.7,133.0
Oronoco,9.0,10.8
Ortley,22.1,37.7
Osceola,19.1,28.1
Oshkosh,12.0,15.3
Osnabrock,4.8,2.2
Osseo,15.3,14.6
Ossipee,9.5,11.2
Otley,9.6,11.1
Oto,14.6,19.4
Otsego,12.7,17.1
Otter Rock,16.9,24.3
Otterbein,22.799999999999997,29.900000000000002
Otterville,14.7,22.1
Otwell,10.0,17.5
Ouzinkie,11.3,12.7
Overbrook,13.5,20.3
Ovett,18.9,22.5
Owasso,15.7,23.5
Owenton,16.8,23.0
Owyhee,11.0,15.5
Oxford,30.200000000000003,42.2
Ozona,17.5,30.4
Pachuta,23.9,34.5
Paducah,46.6,76.2
Pageland,26.2,36.0
Pagosa Springs,8.0,12.9
Paicines,10.8,14.8
Paige,14.3,20.6
Painesville,8.9,11.9
Palco,11.2,17.3
Palestine,18.5,27.0
Palisade,12.4,13.7
Palmer,49.5,59.9
Palmersville,19.1,22.6
Palmyra,15.8,22.6
Palo Alto,8.0,10.2
Pampa,13.3,17.2
Panna Maria,25.4,44.1
Pantego,18.4,25.9
Panther Burn,29.3,33.9
Paradise Valley,10.5,12.1
Paragon,12.1,18.9
Paragould,20.2,29.6
Paris,53.50000000000001,75.6
Parish,18.6,28.0
Parker,9.4,11.0
Parkersburg,17.4,25.7
Parkesburg,7.1,8.6
Parkman,8.3,10.5
Parksville,16.1,19.4
Parma,39.8,63.5
Pateros,21.2,29.4
Patillas,59.1,73.8
Patoka,11.2,13.8
Patterson,20.9,25.2
Pattison,42.0,54.3
Paul,16.4,22.1
Paulding,12.8,16.4
Pawhuska,15.8,24.1
Pawling,9.3,11.8
Pawnee Rock,23.7,27.400000000000002
Paxico,5.9,5.5
Payette,18.7,24.1
Pearcy,20.9,31.4
Pearson,35.0,44.6
Pease,12.2,15.7
Pecan Gap,22.8,39.5
Peck,15.7,23.3
Pecos,16.8,24.5
Peebles,23.1,33.2
Pelham,8.3,10.4
Pellston,10.8,14.0
Pemberville,14.3,21.9
Pendleton,6.0,8.4
Penfield,15.0,22.9
Penns Grove,13.5,23.3
Penrose,12.6,21.7
Pensacola,15.8,25.5
Penuelas,116.2,132.9
Peoa,7.8,9.6
Pequot Lakes,11.3,14.4
Peralta,23.7,32.5
Perkinston,18.4,24.9
Perry,30.7,39.2
Peru,16.8,27.7
Peterman,33.8,41.5
Petersburg,49.5,74.6
Petrolia,9.1,10.7
Pfafftown,19.6,30.7
Philadelphia,50.4,70.7
Phillips,13.7,19.0
Phillipsburg,9.2,14.9
Phoenix,17.0,24.4
Pickens,13.5,18.2
Piedmont,21.2,30.7
Pierre Part,16.0,24.7
Pine,22.7,38.5
Pine Brook,4.5,4.7
Pine Grove,12.8,22.5
Pine Island,6.7,9.3
Pine Mountain,21.4,31.1
Pinetop,30.6,40.4
Pineville,59.8,82.2
Pippa Passes,28.1,41.1
Piqua,22.8,36.8
Pisek,10.4,12.0
Pismo Beach,14.8,15.1
Pitkin,35.5,48.099999999999994
Pitts,29.2,39.7
Pittsburg,17.0,26.2
Placerville,10.4,13.3
Plain City,8.7,11.1
Plainview,7.3,10.1
Plainville,14.4,21.9
Plano,5.5,7.2
Plattsburg,9.3,11.7
Plattsburgh,16.5,22.1
Pleasanton,10.7,13.8
Pleasantville,10.3,13.9
Pleasureville,18.3,29.3
Plum Branch,19.5,36.6
Plum City,12.1,11.4
Pocatello,32.3,41.7
Point Baker,14.6,20.2
Point Comfort,19.3,30.4
Polk,14.9,25.0
Polkton,24.2,35.2
Pollock,16.0,19.8
Polo,13.4,16.4
Pomeroy,11.5,16.9
Pomona Park,9.5,10.6
Ponce,51.8,68.1
Pond Creek,9.8,13.1
Poplar Bluff,21.3,31.1
Poplar Grove,34.1,52.4
Poplarville,21.6,27.2
Poquoson,4.2,4.6
Port Charlotte,12.2,19.0
Port Huron,14.6,20.5
Port Murray,8.0,11.9
Port Saint Joe,15.2,22.6
Portales,26.3,37.0
Porter,26.0,36.1
Portis,15.4,27.4
Portland,34.400000000000006,46.2
Portola,14.5,17.7
Portsmouth,18.2,30.0
Post,10.4,14.3
Postville,11.1,15.4
Poteau,22.8,28.9
Poulan,21.2,30.2
Powder River,10.7,14.2
Powder Springs,12.6,17.2
Powderly,18.6,27.6
Powellsville,22.3,37.0
Powers Lake,13.6,16.9
Powhattan,16.4,25.5
Prairie,26.6,41.2
Prairie Du Sac,21.1,31.1
Prescott,17.6,21.9
Presidio,21.7,32.6
Preston,82.5,126.7
Primghar,7.3,9.1
Prince George,10.0,13.6
Princeton,28.5,42.7
Prosser,21.3,30.4
Providence,17.6,27.4
Prudenville,20.6,33.4
Prudhoe Bay,10.2,14.7
Puerto Real,45.4,62.9
Pukwana,35.0,41.1
Pulaski,16.4,20.4
Punta Santiago,44.9,58.3
Puryear,18.5,27.4
Pyote,16.5,21.9
Quakertown,13.1,20.7
Quebradillas,55.5,67.2
Quenemo,13.1,19.6
Quincy,57.900000000000006,86.1
Quitman,14.5,22.1
Racine,12.5,18.4
Radford,39.0,15.0
Rainbow,13.9,18.1
Raleigh,23.0,35.4
Ralls,22.9,33.9
Ralston,17.3,20.9
Ranburne,17.0,26.3
Randolph,30.799999999999997,38.900000000000006
Rapid City,23.5,32.4
Raquette Lake,12.9,13.6
Ratliff City,15.3,20.8
Ravenden,21.1,29.8
Ravenna,28.1,32.2
Ray City,26.6,32.9
Rayville,20.9,30.9
Raywick,20.3,27.0
Red Boiling Springs,18.9,22.2
Red Bud,12.9,16.5
Red Cloud,12.8,17.4
Red Springs,53.8,75.7
Red Valley,36.6,45.0
Redmond,14.6,18.8
Redvale,11.2,10.7
Redwood Falls,11.8,17.2
Reed Point,12.7,18.7
Reedy,22.1,28.8
Reelsville,14.5,18.1
Refugio,16.9,25.4
Regent,8.8,12.7
Register,32.9,32.4
Reinbeck,6.2,6.4
Reliance,18.9,28.5
Rembert,18.0,26.4
Remsen,7.8,10.3
Renick,19.1,24.7
Reno,15.2,20.2
Rensselaer,8.4,9.7
Resaca,20.0,24.1
Reserve,10.5,11.8
Rice,20.7,31.5
Riceboro,21.3,35.9
Richards,19.8,28.0
Richburg,27.0,41.9
Richey,13.6,27.4
Richfield,18.2,28.2
Richfield Springs,16.5,19.5
Richmond,36.2,56.2
Richton,22.7,35.8
Richview,12.9,16.9
Ridgeville,22.3,31.6
Ridgeway,24.1,35.5
Ridgway,16.6,20.4
Rifle,17.4,21.9
Rincon,108.5,143.2
Ringgold,22.3,23.8
Ringling,14.1,14.5
Ripon,18.6,25.2
Rising City,8.5,10.6
Rising Sun,10.1,14.3
Riverside,7.4,6.3
Rivervale,22.8,35.9
Riviera,26.1,31.0
Roanoke,52.7,72.3
Roaring Spring,15.0,22.3
Roaring Springs,16.9,15.3
Robersonville,21.3,29.9
Roberts,17.7,25.1
Robins,9.8,10.9
Robinson,12.7,17.8
Robstown,18.0,26.4
Rochelle,23.1,28.4
Rocheport,16.7,24.8
Rochester,23.5,29.299999999999997
Rock Island,18.0,29.6
Rockford,29.5,40.2
Rockville,6.7,8.5
Rockwood,18.4,27.9
Rogers,32.7,45.4
Rogerson,27.6,38.0
Rolla,10.8,12.9
Rolling Fork,40.3,63.7
Roma,36.6,45.1
Rome City,12.2,18.3
Romney,22.2,21.4
Roopville,20.7,27.7
Roper,21.8,32.7
Roscommon,15.2,19.9
Roseau,10.7,16.8
Roseboro,27.4,41.8
Roseglen,11.6,17.1
Roseville,21.4,31.2
Rossburg,13.3,19.7
Rosston,28.1,46.1
Rossville,10.8,12.6
Rotan,17.5,19.0
Rowlett,6.3,7.5
Roxie,18.9,24.4
Rufus,21.6,28.7
Rugby,29.4,47.1
Rumely,14.3,16.1
Runnemede,13.2,19.9
Rupert,28.7,42.3
Russell,26.0,35.099999999999994
Russell Springs,25.5,34.3
Russellville,85.7,120.7
Ruston,58.6,70.1
Ruth,29.1,41.2
Rutherfordton,13.9,25.3
Ruthville,13.2,23.2
Rutledge,36.2,46.1
Sabana Grande,47.1,42.2
Sacramento,21.1,37.4
Sacred Heart,11.1,17.7
Sadieville,33.2,43.0
Safford,59.0,83.0
Saginaw,18.3,26.8
Saint Ansgar,9.6,12.6
Saint Bonifacius,12.5,16.8
Saint Clair,11.9,16.4
Saint Clair Shores,12.6,18.9
Saint Hilaire,9.3,10.8
Saint John,35.5,48.9
Saint Louis,38.0,57.9
Saint Marks,14.9,20.6
Saint Mary,9.6,13.9
Saint Marys,21.700000000000003,26.4
Saint Onge,13.1,13.4
Saint Paris,12.4,20.6
Saint Paul,16.5,24.3
Saint Petersburg,14.4,21.9
Saint Simons Island,18.7,28.2
Saint Vincent,10.9,17.1
Salem,74.10000000000001,107.69999999999999
Salemburg,25.5,35.6
Salina,20.4,33.6
Salinas,67.1,82.30000000000001
Salisbury,18.1,27.8
Salt Lake City,12.4,16.2
Saltillo,23.3,31.7
Saluda,7.4,8.4
Salvisa,10.3,13.7
Salyersville,28.6,39.9
San Acacia,25.1,32.5
San Angelo,11.6,19.9
San Augustine,24.8,40.3
San Bernardino,19.5,27.1
San Francisco,13.2,12.7
San German,102.1,131.8
San Juan,125.39999999999999,174.5
San Lorenzo,48.4,56.5
San Rafael,8.3,10.3
San Sebastian,56.5,61.8
San Ygnacio,37.4,51.6
Sand Lake,18.2,27.2
Sanders,21.9,31.5
Sanderson,18.1,22.1
Sandy Hook,57.099999999999994,84.2
Sandy Ridge,17.0,23.4
Sanford,36.400000000000006,50.3
Santa Barbara,16.3,21.2
Santa Fe,15.6,23.0
Santa Rosa,11.7,14.6
Santa Teresa,28.2,40.7
Sarahsville,12.7,25.5
Sarasota,11.0,16.9
Sardis,19.4,34.7
Satanta,10.3,9.8
Saucier,17.9,23.2
Sauk Rapids,14.9,18.7
Saulsbury,24.8,34.1
Savage,11.4,20.0
Savannah,19.1,29.7
Savonburg,18.0,22.5
Sawyer,28.8,39.9
Saxe,21.3,31.2
Scandia,12.8,21.0
Schellsburg,13.8,19.8
Schlater,41.9,57.3
Scobey,5.8,3.9
Scottown,20.9,28.1
Scotts Hill,21.5,33.4
Scottsville,51.5,76.1
Seal Beach,12.8,17.6
Seattle,11.2,13.7
Sebasco Estates,12.1,19.9
Secor,8.2,13.1
Sedalia,35.400000000000006,47.3
Sedgwick,14.4,19.7
Selby,12.2,12.5
Selfridge,35.7,44.3
Selinsgrove,10.8,17.2
Selmer,20.7,25.8
Seminary,27.0,37.8
Seneca,20.1,28.5
Seney,21.4,34.7
Senoia,13.2,19.3
Sentinel,15.2,24.1
Sextons Creek,39.7,50.4
Seymour,11.9,2.2
Shady Dale,20.7,29.5
Shalimar,13.2,22.0
Shallowater,14.6,16.8
Shambaugh,15.3,20.4
Sharon,13.0,17.9
Sharon Grove,18.5,22.6
Shattuck,14.5,18.7
Shawnee,18.2,25.7
Shawsville,10.0,6.9
Sheboygan,9.2,12.9
Shellsburg,9.6,14.9
Shelton,9.0,11.2
Sheridan Lake,13.2,14.9
Shermans Dale,9.4,13.6
Sherwood,17.7,27.8
Shields,8.0,8.9
Shippenville,18.2,20.0
Shipshewana,13.0,19.5
Shirley,24.6,39.0
Shoshone,35.4,47.1
Shuqualak,36.4,46.9
Sibley,8.5,10.9
Sidney,46.5,61.599999999999994
Sikeston,19.6,27.6
Silver City,62.8,84.6
Silver Creek,8.9,7.5
Silverton,18.6,27.4
Simpson,15.0,23.1
Singer,20.2,27.4
Sioux Falls,11.8,16.8
Sitka,9.0,9.5
Skagway,4.4,2.0
Skamokawa,17.1,25.0
Skidmore,25.4,29.5
Slaterville Springs,20.5,17.7
Sledge,27.3,39.0
Slinger,5.6,7.4
Smartville,21.9,30.2
Smelterville,17.2,23.9
Smithburg,15.7,17.7
Smithfield,15.4,22.4
Smithville,54.1,82.80000000000001
Sneedville,27.7,34.6
Snelling,26.1,37.7
Snook,16.2,27.0
Snyder,9.9,11.3
Social Circle,14.3,19.0
Soddy Daisy,21.7,23.0
Soldier,11.4,15.1
Solon Springs,15.8,20.7
Somerset,19.3,26.1
Somerville,13.9,18.8
Sondheimer,48.0,66.9
Sonora,8.4,9.9
Sorento,16.5,22.3
Sour Lake,12.2,17.2
South Beloit,16.8,25.7
South Bend,17.8,27.3
South Fork,7.6,0.0
South Plains,22.4,38.5
South Portsmouth,17.7,24.7
South Sioux City,17.2,22.2
Southport,12.1,18.5
Sparks,7.5,9.3
Sparta,61.7,90.9
Spearville,18.2,27.8
Speedwell,38.3,49.2
Spencer,18.1,19.9
Spirit Lake,6.6,6.1
Spiritwood,10.9,16.2
Spotsylvania,8.2,10.8
Spring Hill,9.2,12.9
Spring Lake,10.4,11.7
Springdale,20.1,25.3
Springfield,88.0,126.60000000000001
Springport,16.3,23.5
Spruce Pine,20.2,31.2
Squaw Lake,13.6,20.8
Stafford,16.1,25.0
Stanardsville,9.9,9.8
Stanberry,17.0,20.3
Stanchfield,7.4,7.0
Stanley,16.4,20.6
Stanton,22.8,32.3
Staples,16.4,19.5
Stapleton,54.3,88.4
Star,14.6,21.4
Starbuck,9.4,11.5
Starkville,33.7,31.6
Staten Island,12.5,17.3
Statenville,29.0,40.2
Statesville,12.7,18.4
Statham,15.2,20.4
Steamboat Rock,8.8,11.2
Steamboat Springs,10.2,9.0
Steens,23.5,32.9
Stephan,12.2,21.8
Stephens,25.6,36.1
Sterling,16.0,22.0
Sterling City,16.0,29.9
Stet,14.3,18.8
Stevenson,18.0,25.9
Stewart,33.0,33.6
Stilwell,33.1,45.5
Stinnett,16.1,21.7
Stockport,15.0,20.6
Stockton,35.9,45.5
Stone Harbor,10.4,15.9
Stone Lake,16.7,30.7
Stoneville,18.7,25.7
Stony Point,31.799999999999997,51.400000000000006
Stowell,10.6,9.7
Strafford,18.9,28.3
Strandburg,7.7,7.3
Strasburg,11.2,15.4
Stratford,45.6,67.89999999999999
Strawn,19.8,27.0
Streetman,14.9,25.1
Stringtown,22.5,29.6
Stuart,12.1,19.6
Suamico,11.7,15.7
Sudlersville,7.5,11.0
Suffolk,11.5,17.8
Sugar City,69.1,66.2
Sula,18.0,28.6
Sulligent,24.1,37.2
Sullivan,41.0,54.7
Sulphur,17.1,24.7
Sulphur Springs,19.9,31.3
Summerfield,11.1,15.6
Summersville,21.7,29.5
Summertown,20.3,31.0
Summit,69.2,107.5
Sumner,16.4,20.7
Sunburg,12.5,20.8
Sunbury,28.0,46.900000000000006
Sundance,14.1,27.6
Sunnyside,14.2,21.9
Sunset,27.9,40.7
Suquamish,10.6,13.2
Surry,12.9,19.4
Sutton,10.0,12.5
Swanquarter,17.7,24.6
Swansea,19.6,27.3
Sweet,18.0,26.7
Sweetwater,19.3,30.6
Sycamore,26.0,35.7
Sylacauga,19.3,27.5
Sylva,17.2,28.9
Symsonia,10.8,14.5
Syracuse,22.0,35.9
Tacoma,12.7,17.3
Tahoka,19.3,31.9
Talala,14.4,22.0
Tallahassee,22.3,20.6
Talmage,10.9,14.7
Tannersville,17.7,22.7
Taos Ski Valley,24.2,38.8
Tappahannock,13.9,19.7
Tarpley,13.0,21.1
Taylor,68.5,84.4
Taylorsville,32.6,44.400000000000006
Tea,4.4,4.0
Teigen,6.8,8.4
Tekonsha,17.5,25.4
Tell,20.2,28.8
Terra Bella,28.1,37.9
Terre Haute,20.5,27.6
Terrebonne,20.5,32.0
Terry,17.8,26.4
The Dalles,16.1,20.7
Thedford,8.2,13.7
Theodosia,24.3,31.3
Thornton,16.6,25.3
Three Rivers,15.3,23.7
Three Springs,13.7,19.9
Tignall,25.0,40.2
Tilden,24.5,27.200000000000003
Tiline,14.7,16.1
Tillar,33.0,49.8
Timewell,10.9,10.2
Timmonsville,23.9,33.9
Tioga,13.5,18.5
Tippecanoe,14.9,21.5
Tiptonville,27.0,40.9
Tobias,12.5,20.3
Tokio,15.3,17.9
Toledo,36.900000000000006,52.0
Toluca,10.1,16.3
Topeka,15.2,21.0
Topton,19.1,29.9
Torrey,15.4,12.9
Tow,14.9,25.7
Townsend,9.9,13.0
Trade,25.6,33.1
Trail City,27.8,33.7
Treloar,13.8,20.9
Trenton,31.8,43.7
Tribune,8.1,13.8
Trimble,17.8,25.1
Trinchera,14.9,16.5
Trion,41.5,53.900000000000006
Tripp,22.1,29.8
Trout,21.0,27.3
Trout Creek,22.4,39.1
Troy,23.7,26.700000000000003
Truckee,21.6,27.6
Trujillo Alto,29.8,40.8
Truman,10.8,16.3
Trumbull,11.8,15.9
Tuckasegee,22.0,31.2
Tullahoma,17.1,21.4
Tumacacori,23.5,29.8
Tunkhannock,11.0,18.1
Tununak,25.2,31.0
Turkey,26.9,39.9
Tuscumbia,20.1,29.9
Tuthill,40.5,53.9
Tuttle,12.7,17.5
Tutwiler,24.9,29.9
Twin Lake,19.2,27.9
Twin Lakes,11.5,14.0
Two Dot,19.7,30.9
Two Harbors,13.0,22.4
Tylerton,24.7,39.7
Tyndall,10.4,11.0
Tyner,19.6,34.1
Tyro,14.7,16.6
Tyrone,8.5,12.1
Ullin,20.2,27.2
Ulysses,10.7,12.3
Umpire,21.8,36.3
Unalaska,9.1,9.0
Underwood,17.8,28.9
Union,47.5,72.69999999999999
Union Point,24.9,44.7
Union Star,16.7,23.5
Uniontown,18.5,27.7
Unionville,40.5,44.4
University Park,14.7,17.4
Upland,31.799999999999997,44.900000000000006
Urbana,22.8,22.9
Utica,14.2,18.0
Utuado,52.3,64.2
Valdosta,54.1,75.69999999999999
Vale,36.1,43.4
Vallejo,10.3,13.3
Valley Center,15.1,21.7
Valley Grove,16.1,22.2
Valley Lee,7.9,10.5
Valley Springs,30.299999999999997,38.400000000000006
Valley Stream,6.2,8.2
Vallonia,14.8,21.0
Van,17.4,24.8
Van Buren,13.9,20.3
Van Horn,29.7,41.7
Vanderbilt,26.200000000000003,36.2
Vanleer,23.1,37.0
Vanzant,22.2,36.9
Varnell,18.8,27.2
Varnville,20.8,31.2
Vaughn,14.1,20.4
Vega Alta,135.0,158.8
Venango,6.9,9.4
Ventura,13.4,17.4
Venus,15.4,25.9
Vernal,9.3,9.4
Vernon,5.7,6.9
Vero Beach,14.4,23.1
Verona,17.7,28.9
Versailles,13.1,21.5
Vevay,19.6,32.5
Vian,25.1,37.7
Vicksburg,40.900000000000006,56.900000000000006
Victoria,32.0,37.7
Victory Mills,6.6,8.0
Vidalia,19.6,31.5
Vienna,21.1,27.9
Vieques,39.1,58.1
Villalba,54.0,68.3
Villard,9.6,10.4
Ville Platte,26.6,35.3
Villisca,10.2,9.5
Vincent,37.9,40.2
Virginia Beach,8.3,12.4
Volborg,11.3,11.1
Wa Keeney,4.1,2.1
Wabeno,16.9,20.0
Waco,10.8,14.3
Waddy,14.6,22.8
Wakefield,12.4,17.7
Walden,11.7,20.8
Walkerton,17.4,29.4
Wall,14.9,19.9
Walla Walla,17.6,24.3
Wallace,34.9,46.5
Walland,14.1,19.8
Walnut,78.8,99.30000000000001
Walsenburg,18.5,19.1
Walstonburg,25.7,38.1
Walton,13.2,20.2
Wanchese,8.3,10.7
Wann,18.7,24.4
Ward Cove,12.1,15.6
Warfield,35.2,43.0
Warner Robins,16.8,23.6
Warren,38.0,49.49999999999999
Warsaw,15.3,22.7
Wartrace,10.8,23.3
Warwick,32.8,46.9
Washburn,21.5,30.5
Washington,29.9,42.5
Washington Court House,18.4,28.0
Washougal,13.7,14.4
Wataga,18.8,30.5
Waterloo,51.89999999999999,68.4
Waterproof,35.4,51.4
Wathena,12.4,20.4
Watkins Glen,14.5,18.5
Watrous,23.4,22.0
Watseka,16.6,26.9
Waubun,24.9,37.8
Wauchula,27.4,39.7
Waucoma,12.9,17.0
Waupaca,15.1,13.2
Waurika,21.3,30.3
Wautoma,13.9,22.6
Waverly,19.8,24.9
Waxahachie,12.1,17.1
Waycross,23.7,31.8
Wayland,13.7,20.4
Wayne,18.6,22.6
Waynesboro,18.3,27.1
Waynesburg,25.0,34.1
Waynesville,12.9,20.5
Waynetown,12.0,13.9
Weatherford,9.9,14.9
Weaubleau,26.0,43.8
Webb,11.5,20.1
Webb City,17.1,22.9
Webbville,31.3,40.8
Webster,13.5,18.9
Weinert,20.5,35.1
Weirton,13.1,20.7
Welch,16.6,17.2
Welcome,11.4,17.6
Welda,17.5,28.6
Wellington,22.6,40.1
Wellman,9.3,13.4
Wellston,20.7,33.0
Wellsville,17.6,23.0
Wellton,20.7,29.0
Wenden,19.1,33.8
West Branch,21.8,37.1
West Fargo,12.1,11.3
West Harrison,9.3,12.7
West Liberty,54.6,81.9
West Monroe,24.7,37.2
West Palm Beach,14.5,22.2
West Pawlet,12.5,17.4
West Point,16.8,24.3
West Salem,26.1,37.3
Westcliffe,17.4,24.5
Westerville,4.5,4.7
Westfield,14.1,26.3
Westhope,8.5,9.9
Weston,17.6,26.6
Westpoint,21.8,33.4
Westport,36.3,39.4
Wewahitchka,14.3,19.1
Wheatland,16.1,32.1
Wheelersburg,25.3,33.0
White City,19.0,26.5
White House,9.3,12.7
White Lake,10.1,13.1
White Mountain,27.0,32.5
White Pigeon,14.7,22.2
White Sulphur Springs,18.7,24.3
Whitehall,20.2,29.6
Whites City,11.3,12.5
Whitewater,15.9,17.1
Whiting,9.2,12.9
Whitman,11.4,12.9
Whitney,20.8,33.6
Whitwell,35.5,48.1
Wibaux,15.3,17.6
Wichita,10.4,14.8
Wichita Falls,17.6,25.6
Wilderville,20.1,30.1
Wildorado,20.8,28.8
Wildrose,7.9,7.6
Wildwood,10.9,28.7
Willard,12.7,15.9
Williams,32.0,36.2
Williamsburg,132.7,168.5
Williamson,22.7,33.0
Williamsville,12.8,17.4
Williston,18.4,31.3
Willmar,11.7,17.6
Willow,14.6,16.8
Wilmar,23.0,30.6
Wilmington,28.4,38.9
Wilmore,7.2,9.5
Wilmot,8.1,7.1
Wilsey,8.9,11.3
Wilson,19.4,27.3
Wilton,19.3,28.9
Wimberley,16.9,17.4
Winamac,14.2,20.7
Winchester,62.5,79.1
Winder,7.3,9.1
Windfall,10.0,19.6
Winnebago,30.6,41.6
Winnemucca,17.5,27.6
Winnsboro,31.2,48.4
Winona,8.4,7.4
Winslow,15.0,22.1
Winter Park,29.9,41.3
Winters,20.3,29.0
Winterville,17.1,23.0
Wister,17.7,23.0
Witten,22.8,37.3
Wolf Point,9.0,8.3
Woodburn,16.4,26.3
Woodbury,21.2,30.3
Woodland,50.7,55.0
Woodville,9.9,16.3
Woodward,10.1,12.3
Worland,24.5,33.7
Worthington,10.0,14.2
Wray,49.8,71.9
Wynne,23.5,25.7
Wyoming,5.5,3.5
Yabucoa,52.3,62.1
Yakutat,5.4,6.5
Yale,20.8,34.1
Yancey,14.9,21.1
Yazoo City,39.7,49.1
Yeso,22.8,14.4
Yoakum,24.299999999999997,32.2
York,10.7,16.5
Yorkshire,10.3,14.2
Young America,15.6,23.7
Young Harris,13.5,19.4
Youngstown,18.0,30.1
Youngsville,16.0,20.4
Ypsilanti,15.4,14.8
Yuma,10.4,11.3
Zachary,19.6,26.9
Zalma,21.7,30.3
Zebulon,18.5,26.2
Zeigler,18.5,26.3
Zenda,10.7,15.6
Zwingle,12.1,15.3
